customer_id,signup_date,customer_segment,city,acquisition_channel
1,2025-02-13,Retail,Delhi,Paid Search
2,2026-01-11,Retail,Gurugram,Organic
3,2025-11-14,Premium,Pune,Paid Search
4,2025-08-01,Retail,Gurugram,Referral
5,2025-07-30,Retail,Hyderabad,Paid Search
6,2026-02-21,Retail,Kolkata,Organic
7,2025-02-11,Premium,Bengaluru,Paid Search
8,2025-12-05,Retail,Hyderabad,Email
9,2025-04-08,Premium,Bengaluru,Paid Search
10,2025-02-15,Retail,Pune,Paid Search
11,2025-09-13,Retail,Mumbai,Organic
12,2026-04-19,Retail,Pune,Paid Search
13,2025-12-23,Retail,Kolkata,Referral
14,2026-01-05,Premium,Mumbai,Referral
15,2025-12-14,Retail,Kolkata,Paid Search
16,2026-01-17,Retail,Kolkata,Email
17,2025-09-06,Retail,Delhi,Paid Search
18,2025-03-04,Retail,Chennai,Email
19,2026-02-12,Retail,Hyderabad,Organic
20,2025-08-07,Retail,Chennai,Paid Search
21,2025-08-31,Premium,Bengaluru,Email
22,2025-06-29,Premium,Mumbai,Email
23,2025-03-30,Premium,Bengaluru,Referral
24,2026-03-26,Retail,Mumbai,Social
25,2026-01-15,Retail,Hyderabad,Referral
26,2025-11-09,Retail,Kolkata,Social
27,2025-07-15,Retail,Kolkata,Organic
28,2026-02-04,Retail,Mumbai,Paid Search
29,2025-09-22,Retail,Pune,Social
30,2025-08-04,Retail,Delhi,Social
31,2025-08-07,Retail,Delhi,Email
32,2025-04-21,Premium,Chennai,Paid Search
33,2025-02-14,Retail,Bengaluru,Organic
34,2025-09-26,Retail,Chennai,Organic
35,2026-03-07,Retail,Mumbai,Referral
36,2025-01-31,Retail,Delhi,Organic
37,2026-02-21,Premium,Chennai,Email
38,2026-02-06,Retail,Mumbai,Organic
39,2025-05-15,Premium,Delhi,Paid Search
40,2025-11-03,Premium,Kolkata,Referral
41,2025-03-22,Retail,Chennai,Paid Search
42,2026-01-03,Retail,Gurugram,Referral
43,2025-12-06,Retail,Pune,Organic
44,2025-06-21,Retail,Hyderabad,Paid Search
45,2025-02-02,Retail,Chennai,Social
46,2026-04-16,Corporate,Kolkata,Email
47,2025-08-05,Retail,Chennai,Organic
48,2026-03-10,Premium,Bengaluru,Paid Search
49,2025-11-25,Retail,Gurugram,Social
50,2026-01-13,Corporate,Chennai,Email
51,2026-01-04,Retail,Gurugram,Referral
52,2025-04-05,Retail,Pune,Referral
53,2025-06-26,Retail,Hyderabad,Paid Search
54,2025-08-15,Retail,Kolkata,Social
55,2025-08-30,Premium,Pune,Email
56,2025-01-22,Retail,Kolkata,Email
57,2025-09-23,Retail,Gurugram,Referral
58,2025-03-16,Retail,Bengaluru,Referral
59,2025-12-27,Retail,Mumbai,Email
60,2025-11-28,Retail,Mumbai,Organic
61,2026-03-24,Retail,Pune,Organic
62,2025-12-28,Retail,Kolkata,Email
63,2025-06-27,Retail,Gurugram,Paid Search
64,2026-04-15,Retail,Delhi,Organic
65,2025-07-19,Corporate,Delhi,Paid Search
66,2025-06-08,Retail,Chennai,Social
67,2026-03-16,Retail,Bengaluru,Referral
68,2025-06-29,Retail,Hyderabad,Referral
69,2025-02-07,Retail,Delhi,Organic
70,2025-08-16,Retail,Delhi,Paid Search
71,2026-01-21,Retail,Pune,Organic
72,2025-04-02,Retail,Chennai,Email
73,2025-08-13,Retail,Gurugram,Organic
74,2025-03-05,Retail,Hyderabad,Social
75,2025-11-29,Corporate,Chennai,Social
76,2025-08-19,Retail,Kolkata,Social
77,2025-06-10,Retail,Hyderabad,Social
78,2025-04-21,Retail,Mumbai,Referral
79,2025-10-01,Retail,Kolkata,Social
80,2025-11-21,Premium,Delhi,Organic
81,2026-04-02,Retail,Bengaluru,Paid Search
82,2025-08-01,Retail,Mumbai,Paid Search
83,2025-03-19,Retail,Chennai,Paid Search
84,2026-02-08,Retail,Bengaluru,Referral
85,2025-11-02,Corporate,Bengaluru,Paid Search
86,2025-12-06,Retail,Chennai,Referral
87,2025-02-17,Premium,Bengaluru,Organic
88,2025-06-01,Retail,Bengaluru,Referral
89,2026-01-08,Corporate,Hyderabad,Organic
90,2026-02-08,Retail,Delhi,Paid Search
91,2025-07-31,Retail,Gurugram,Paid Search
92,2026-01-26,Premium,Gurugram,Social
93,2026-02-13,Retail,Chennai,Organic
94,2025-07-07,Retail,Delhi,Referral
95,2026-03-12,Corporate,Hyderabad,Social
96,2025-05-20,Retail,Bengaluru,Email
97,2025-04-27,Retail,Mumbai,Referral
98,2025-11-28,Retail,Gurugram,Social
99,2025-11-05,Premium,Hyderabad,Referral
100,2025-03-09,Premium,Chennai,Organic
101,2026-02-08,Retail,Chennai,Social
102,2025-04-07,Retail,Bengaluru,Paid Search
103,2026-01-26,Retail,Bengaluru,Referral
104,2025-01-04,Retail,Gurugram,Organic
105,2026-01-22,Premium,Kolkata,Paid Search
106,2026-01-17,Retail,Pune,Social
107,2026-01-14,Retail,Pune,Paid Search
108,2025-11-19,Retail,Delhi,Organic
109,2025-08-17,Retail,Mumbai,Paid Search
110,2025-12-09,Premium,Delhi,Referral
111,2025-05-15,Retail,Kolkata,Organic
112,2026-01-14,Retail,Gurugram,Paid Search
113,2025-09-27,Premium,Mumbai,Email
114,2025-08-11,Corporate,Bengaluru,Email
115,2025-09-03,Retail,Bengaluru,Organic
116,2025-10-03,Corporate,Kolkata,Paid Search
117,2025-01-19,Retail,Hyderabad,Organic
118,2025-03-09,Premium,Delhi,Email
119,2025-04-30,Retail,Pune,Paid Search
120,2025-02-25,Retail,Mumbai,Paid Search
121,2025-08-02,Retail,Chennai,Organic
122,2025-11-21,Retail,Kolkata,Social
123,2025-11-14,Retail,Delhi,Organic
124,2025-08-17,Retail,Gurugram,Referral
125,2026-02-19,Retail,Chennai,Paid Search
126,2025-10-02,Retail,Delhi,Social
127,2025-02-08,Retail,Mumbai,Referral
128,2026-01-07,Retail,Mumbai,Organic
129,2025-10-06,Premium,Gurugram,Organic
130,2025-11-04,Corporate,Chennai,Paid Search
131,2025-10-02,Retail,Bengaluru,Referral
132,2025-09-26,Retail,Pune,Organic
133,2025-02-13,Retail,Bengaluru,Referral
134,2025-09-29,Retail,Hyderabad,Paid Search
135,2026-01-21,Premium,Chennai,Social
136,2025-05-28,Retail,Mumbai,Social
137,2025-10-20,Retail,Kolkata,Organic
138,2025-01-15,Retail,Gurugram,Organic
139,2025-06-18,Retail,Gurugram,Referral
140,2025-07-31,Premium,Mumbai,Paid Search
141,2026-04-22,Retail,Hyderabad,Social
142,2025-04-15,Retail,Bengaluru,Email
143,2025-05-15,Retail,Chennai,Organic
144,2025-07-18,Corporate,Bengaluru,Paid Search
145,2026-04-27,Retail,Hyderabad,Paid Search
146,2026-02-18,Premium,Mumbai,Organic
147,2025-01-17,Premium,Pune,Email
148,2025-04-24,Retail,Pune,Email
149,2026-02-03,Premium,Pune,Paid Search
150,2025-01-29,Retail,Bengaluru,Email
151,2026-02-20,Retail,Kolkata,Organic
152,2025-05-17,Retail,Pune,Email
153,2026-03-22,Retail,Mumbai,Referral
154,2025-05-23,Retail,Bengaluru,Organic
155,2025-07-30,Retail,Chennai,Social
156,2025-11-18,Retail,Delhi,Referral
157,2025-03-03,Retail,Bengaluru,Paid Search
158,2025-09-28,Retail,Kolkata,Paid Search
159,2025-09-02,Retail,Hyderabad,Social
160,2026-01-16,Retail,Pune,Organic
161,2026-04-29,Corporate,Chennai,Organic
162,2025-11-19,Corporate,Bengaluru,Organic
163,2025-07-18,Retail,Kolkata,Referral
164,2025-07-17,Retail,Delhi,Paid Search
165,2025-07-22,Retail,Hyderabad,Paid Search
166,2026-01-30,Premium,Pune,Organic
167,2025-06-05,Retail,Mumbai,Organic
168,2025-03-22,Premium,Kolkata,Social
169,2025-06-12,Retail,Delhi,Organic
170,2025-01-12,Retail,Chennai,Social
171,2025-02-21,Premium,Chennai,Paid Search
172,2025-02-13,Retail,Kolkata,Social
173,2026-01-10,Premium,Mumbai,Paid Search
174,2025-12-17,Retail,Mumbai,Referral
175,2025-12-04,Retail,Pune,Organic
176,2025-08-13,Retail,Gurugram,Email
177,2025-12-14,Retail,Kolkata,Organic
178,2025-03-20,Retail,Mumbai,Organic
179,2026-03-13,Retail,Hyderabad,Social
180,2025-09-01,Retail,Bengaluru,Organic
181,2026-03-31,Retail,Kolkata,Paid Search
182,2025-03-15,Retail,Pune,Referral
183,2025-08-30,Retail,Hyderabad,Referral
184,2025-12-04,Retail,Delhi,Social
185,2025-08-29,Retail,Chennai,Email
186,2025-08-05,Premium,Hyderabad,Paid Search
187,2025-03-22,Retail,Delhi,Organic
188,2025-07-04,Retail,Mumbai,Referral
189,2025-04-26,Premium,Chennai,Organic
190,2025-05-27,Retail,Chennai,Organic
191,2025-11-28,Retail,Hyderabad,Organic
192,2025-11-02,Retail,Kolkata,Paid Search
193,2025-10-22,Retail,Chennai,Paid Search
194,2025-06-25,Retail,Pune,Paid Search
195,2026-04-11,Premium,Mumbai,Social
196,2025-02-12,Corporate,Hyderabad,Referral
197,2025-06-16,Retail,Kolkata,Email
198,2025-02-27,Retail,Bengaluru,Organic
199,2025-06-14,Premium,Chennai,Organic
200,2026-04-12,Retail,Kolkata,Social
201,2025-06-27,Retail,Pune,Organic
202,2026-03-17,Retail,Pune,Paid Search
203,2025-08-29,Retail,Mumbai,Social
204,2025-12-06,Retail,Hyderabad,Referral
205,2025-08-10,Retail,Delhi,Organic
206,2025-05-09,Retail,Delhi,Social
207,2026-01-06,Retail,Pune,Social
208,2026-04-16,Corporate,Mumbai,Email
209,2025-05-08,Retail,Bengaluru,Paid Search
210,2026-01-13,Retail,Bengaluru,Referral
211,2025-05-07,Retail,Hyderabad,Referral
212,2025-12-14,Retail,Chennai,Organic
213,2026-01-18,Corporate,Hyderabad,Social
214,2025-08-06,Premium,Kolkata,Social
215,2025-12-24,Retail,Hyderabad,Organic
216,2025-05-13,Retail,Gurugram,Paid Search
217,2025-02-08,Retail,Gurugram,Paid Search
218,2025-02-16,Retail,Hyderabad,Referral
219,2025-08-05,Retail,Kolkata,Organic
220,2026-03-14,Retail,Hyderabad,Paid Search
221,2025-03-03,Retail,Gurugram,Organic
222,2025-08-10,Retail,Kolkata,Social
223,2025-12-08,Retail,Bengaluru,Social
224,2025-04-09,Retail,Bengaluru,Paid Search
225,2025-12-16,Retail,Gurugram,Paid Search
226,2025-05-29,Retail,Pune,Paid Search
227,2026-01-28,Retail,Chennai,Paid Search
228,2025-10-08,Retail,Chennai,Referral
229,2025-09-23,Retail,Mumbai,Organic
230,2025-03-27,Retail,Mumbai,Referral
231,2025-08-13,Premium,Gurugram,Social
232,2026-02-20,Premium,Bengaluru,Email
233,2025-01-10,Retail,Kolkata,Organic
234,2026-01-03,Retail,Bengaluru,Paid Search
235,2025-08-27,Premium,Kolkata,Organic
236,2025-12-15,Retail,Pune,Email
237,2025-11-18,Retail,Delhi,Social
238,2025-07-29,Retail,Bengaluru,Social
239,2025-05-30,Retail,Gurugram,Referral
240,2025-11-01,Retail,Mumbai,Organic
241,2025-03-10,Retail,Mumbai,Social
242,2025-10-11,Retail,Mumbai,Referral
243,2025-02-15,Retail,Pune,Organic
244,2025-11-12,Retail,Kolkata,Email
245,2025-11-01,Retail,Gurugram,Email
246,2025-02-10,Retail,Gurugram,Email
247,2026-01-03,Retail,Gurugram,Referral
248,2025-07-21,Retail,Gurugram,Organic
249,2026-01-17,Retail,Pune,Social
250,2025-01-21,Premium,Kolkata,Organic
251,2025-03-29,Retail,Chennai,Referral
252,2025-08-28,Retail,Mumbai,Organic
253,2025-04-02,Retail,Delhi,Email
254,2025-06-09,Premium,Delhi,Organic
255,2025-11-17,Premium,Bengaluru,Organic
256,2025-03-12,Premium,Hyderabad,Organic
257,2025-11-25,Retail,Chennai,Referral
258,2025-02-20,Retail,Pune,Organic
259,2025-03-26,Retail,Bengaluru,Organic
260,2025-10-13,Retail,Chennai,Organic
261,2026-01-20,Retail,Kolkata,Paid Search
262,2025-03-24,Retail,Mumbai,Email
263,2025-05-26,Retail,Bengaluru,Paid Search
264,2026-03-25,Premium,Gurugram,Organic
265,2026-04-25,Retail,Gurugram,Organic
266,2025-10-09,Retail,Bengaluru,Organic
267,2025-08-05,Retail,Pune,Paid Search
268,2025-06-18,Premium,Pune,Organic
269,2025-10-25,Premium,Chennai,Organic
270,2025-10-14,Retail,Kolkata,Organic
271,2025-05-23,Corporate,Delhi,Paid Search
272,2025-01-12,Premium,Pune,Referral
273,2025-03-15,Premium,Mumbai,Organic
274,2026-04-10,Premium,Kolkata,Social
275,2025-07-22,Retail,Pune,Social
276,2025-08-22,Premium,Chennai,Email
277,2025-08-15,Retail,Gurugram,Organic
278,2026-01-15,Premium,Kolkata,Referral
279,2025-02-01,Retail,Kolkata,Email
280,2025-02-10,Premium,Kolkata,Email
281,2025-05-14,Corporate,Chennai,Referral
282,2025-08-25,Retail,Hyderabad,Organic
283,2025-11-22,Corporate,Bengaluru,Email
284,2025-08-26,Retail,Bengaluru,Referral
285,2025-08-02,Retail,Pune,Organic
286,2026-03-31,Retail,Kolkata,Organic
287,2025-03-20,Premium,Bengaluru,Email
288,2025-10-05,Retail,Pune,Organic
289,2025-09-20,Retail,Hyderabad,Referral
290,2025-08-18,Retail,Pune,Paid Search
291,2026-01-27,Retail,Kolkata,Referral
292,2025-05-10,Retail,Hyderabad,Organic
293,2026-04-08,Premium,Hyderabad,Referral
294,2025-06-10,Retail,Mumbai,Paid Search
295,2025-09-22,Premium,Hyderabad,Email
296,2025-09-10,Retail,Hyderabad,Organic
297,2026-02-17,Corporate,Mumbai,Organic
298,2025-08-01,Retail,Gurugram,Organic
299,2025-05-19,Retail,Kolkata,Organic
300,2025-01-11,Retail,Bengaluru,Email
301,2025-06-26,Retail,Gurugram,Organic
302,2026-02-05,Retail,Bengaluru,Organic
303,2025-01-05,Premium,Hyderabad,Referral
304,2026-03-11,Retail,Mumbai,Organic
305,2025-09-21,Retail,Pune,Organic
306,2025-03-10,Retail,Hyderabad,Social
307,2025-05-27,Corporate,Bengaluru,Paid Search
308,2025-09-26,Retail,Bengaluru,Referral
309,2025-06-03,Retail,Gurugram,Social
310,2025-02-22,Retail,Chennai,Organic
311,2025-11-20,Retail,Mumbai,Social
312,2025-11-23,Retail,Mumbai,Email
313,2025-02-27,Retail,Delhi,Paid Search
314,2025-05-17,Retail,Mumbai,Referral
315,2025-04-29,Retail,Chennai,Paid Search
316,2025-11-16,Retail,Delhi,Paid Search
317,2025-12-21,Retail,Mumbai,Referral
318,2025-12-19,Premium,Delhi,Organic
319,2026-04-01,Retail,Chennai,Paid Search
320,2026-01-08,Retail,Kolkata,Organic
321,2025-06-05,Retail,Pune,Referral
322,2025-02-22,Retail,Gurugram,Social
323,2025-10-26,Premium,Chennai,Paid Search
324,2026-03-21,Retail,Kolkata,Organic
325,2026-04-18,Retail,Bengaluru,Email
326,2025-04-22,Retail,Kolkata,Paid Search
327,2025-04-25,Retail,Chennai,Organic
328,2025-01-19,Corporate,Delhi,Organic
329,2025-03-10,Retail,Delhi,Social
330,2025-09-27,Retail,Gurugram,Organic
331,2025-09-23,Premium,Bengaluru,Referral
332,2025-06-29,Premium,Hyderabad,Social
333,2025-05-31,Retail,Kolkata,Organic
334,2026-02-07,Retail,Kolkata,Social
335,2025-08-12,Retail,Delhi,Organic
336,2026-01-28,Premium,Pune,Organic
337,2026-04-13,Retail,Gurugram,Social
338,2025-06-03,Retail,Bengaluru,Organic
339,2025-04-09,Premium,Pune,Email
340,2026-04-08,Retail,Bengaluru,Social
341,2025-11-04,Retail,Chennai,Organic
342,2025-05-22,Retail,Delhi,Email
343,2025-10-29,Premium,Pune,Paid Search
344,2025-09-07,Retail,Hyderabad,Organic
345,2026-03-16,Retail,Chennai,Paid Search
346,2025-05-05,Retail,Hyderabad,Email
347,2026-04-26,Premium,Gurugram,Paid Search
348,2026-03-30,Premium,Gurugram,Paid Search
349,2025-03-29,Retail,Bengaluru,Paid Search
350,2025-03-21,Retail,Delhi,Organic
351,2025-09-16,Premium,Hyderabad,Organic
352,2025-01-22,Premium,Pune,Social
353,2025-05-25,Retail,Kolkata,Email
354,2025-07-31,Retail,Pune,Referral
355,2026-04-16,Premium,Pune,Organic
356,2026-04-27,Corporate,Delhi,Paid Search
357,2025-03-15,Retail,Kolkata,Organic
358,2026-03-09,Retail,Bengaluru,Paid Search
359,2025-02-14,Retail,Hyderabad,Social
360,2025-12-30,Premium,Hyderabad,Organic
361,2026-02-15,Retail,Delhi,Referral
362,2026-03-09,Retail,Hyderabad,Paid Search
363,2025-04-19,Retail,Hyderabad,Social
364,2026-03-10,Premium,Mumbai,Email
365,2025-02-26,Premium,Mumbai,Social
366,2025-09-09,Corporate,Delhi,Email
367,2025-08-16,Retail,Gurugram,Referral
368,2025-06-03,Premium,Bengaluru,Social
369,2025-01-11,Premium,Kolkata,Organic
370,2026-01-10,Retail,Kolkata,Organic
371,2025-06-12,Retail,Hyderabad,Email
372,2025-11-17,Corporate,Kolkata,Organic
373,2025-07-18,Retail,Mumbai,Email
374,2025-07-01,Retail,Mumbai,Paid Search
375,2026-03-06,Retail,Gurugram,Referral
376,2025-02-15,Retail,Chennai,Paid Search
377,2025-12-24,Retail,Chennai,Email
378,2025-12-29,Premium,Gurugram,Organic
379,2025-07-04,Retail,Delhi,Paid Search
380,2025-05-08,Premium,Mumbai,Email
381,2025-01-03,Retail,Gurugram,Organic
382,2026-03-31,Retail,Mumbai,Organic
383,2026-04-05,Premium,Hyderabad,Email
384,2025-04-27,Retail,Delhi,Referral
385,2025-01-16,Retail,Bengaluru,Organic
386,2025-03-01,Premium,Mumbai,Social
387,2025-02-02,Retail,Bengaluru,Organic
388,2026-02-08,Retail,Kolkata,Organic
389,2026-03-09,Retail,Bengaluru,Social
390,2025-03-16,Corporate,Kolkata,Organic
391,2025-12-29,Retail,Gurugram,Paid Search
392,2025-03-28,Retail,Pune,Organic
393,2025-06-28,Corporate,Pune,Email
394,2025-10-18,Retail,Bengaluru,Social
395,2025-12-16,Retail,Chennai,Organic
396,2026-03-01,Retail,Kolkata,Email
397,2025-01-22,Retail,Kolkata,Referral
398,2025-04-06,Retail,Mumbai,Organic
399,2025-05-17,Retail,Chennai,Email
400,2025-05-31,Retail,Mumbai,Organic
401,2026-04-30,Retail,Hyderabad,Organic
402,2026-01-13,Retail,Delhi,Paid Search
403,2025-06-05,Retail,Pune,Organic
404,2026-04-17,Retail,Kolkata,Social
405,2025-08-31,Retail,Kolkata,Social
406,2025-08-31,Premium,Chennai,Email
407,2025-07-30,Retail,Pune,Organic
408,2025-03-11,Retail,Pune,Organic
409,2026-03-30,Retail,Delhi,Paid Search
410,2025-01-07,Premium,Chennai,Organic
411,2025-03-26,Retail,Chennai,Email
412,2025-04-22,Premium,Mumbai,Referral
413,2025-05-16,Retail,Chennai,Referral
414,2025-03-05,Retail,Hyderabad,Referral
415,2025-01-09,Premium,Pune,Organic
416,2025-11-25,Retail,Kolkata,Organic
417,2026-04-16,Retail,Bengaluru,Paid Search
418,2025-03-01,Corporate,Gurugram,Referral
419,2025-05-24,Retail,Hyderabad,Paid Search
420,2025-09-03,Retail,Pune,Organic
421,2026-03-26,Retail,Delhi,Social
422,2025-12-03,Retail,Delhi,Organic
423,2026-01-07,Premium,Bengaluru,Paid Search
424,2025-10-09,Retail,Gurugram,Organic
425,2025-07-22,Corporate,Bengaluru,Paid Search
426,2025-04-07,Retail,Hyderabad,Paid Search
427,2026-02-24,Corporate,Kolkata,Email
428,2026-01-26,Premium,Bengaluru,Referral
429,2025-01-13,Corporate,Kolkata,Organic
430,2025-12-13,Retail,Delhi,Referral
431,2025-02-10,Retail,Mumbai,Referral
432,2025-12-25,Retail,Delhi,Social
433,2026-02-05,Retail,Delhi,Email
434,2025-03-05,Retail,Pune,Referral
435,2025-07-30,Premium,Delhi,Organic
436,2025-03-02,Retail,Pune,Paid Search
437,2025-10-03,Premium,Pune,Paid Search
438,2026-03-26,Retail,Mumbai,Paid Search
439,2025-02-09,Corporate,Delhi,Email
440,2025-07-12,Retail,Mumbai,Social
441,2026-04-17,Retail,Mumbai,Paid Search
442,2025-05-26,Premium,Pune,Email
443,2025-03-06,Premium,Gurugram,Social
444,2025-08-25,Premium,Hyderabad,Organic
445,2025-09-04,Corporate,Chennai,Email
446,2025-11-18,Retail,Bengaluru,Paid Search
447,2025-06-02,Premium,Delhi,Paid Search
448,2026-04-09,Retail,Mumbai,Paid Search
449,2025-09-10,Retail,Hyderabad,Email
450,2025-05-19,Retail,Kolkata,Organic
451,2026-04-11,Retail,Mumbai,Paid Search
452,2026-03-25,Retail,Gurugram,Social
453,2025-08-31,Premium,Chennai,Email
454,2025-01-13,Retail,Bengaluru,Organic
455,2025-10-17,Corporate,Pune,Organic
456,2025-09-27,Retail,Chennai,Email
457,2025-03-13,Retail,Chennai,Referral
458,2025-11-04,Retail,Kolkata,Paid Search
459,2026-02-12,Retail,Chennai,Paid Search
460,2025-02-21,Retail,Delhi,Paid Search
461,2025-12-17,Retail,Hyderabad,Social
462,2025-03-10,Retail,Gurugram,Social
463,2025-12-30,Retail,Mumbai,Referral
464,2025-07-23,Premium,Hyderabad,Organic
465,2025-01-04,Retail,Pune,Referral
466,2026-04-14,Premium,Pune,Organic
467,2025-03-22,Premium,Kolkata,Email
468,2025-10-17,Retail,Pune,Organic
469,2025-03-30,Retail,Delhi,Organic
470,2026-03-29,Retail,Mumbai,Organic
471,2025-12-25,Retail,Chennai,Organic
472,2026-01-26,Retail,Kolkata,Paid Search
473,2025-07-29,Corporate,Chennai,Social
474,2025-08-15,Retail,Chennai,Email
475,2025-11-04,Retail,Mumbai,Paid Search
476,2026-01-16,Retail,Delhi,Paid Search
477,2026-02-15,Retail,Gurugram,Paid Search
478,2025-01-09,Retail,Pune,Referral
479,2025-11-18,Retail,Chennai,Organic
480,2025-02-22,Corporate,Gurugram,Paid Search
481,2025-05-20,Retail,Mumbai,Organic
482,2026-02-07,Retail,Kolkata,Organic
483,2025-05-02,Retail,Bengaluru,Social
484,2026-01-22,Retail,Chennai,Organic
485,2025-08-13,Premium,Hyderabad,Organic
486,2025-04-23,Premium,Mumbai,Referral
487,2025-06-12,Premium,Gurugram,Organic
488,2025-09-15,Retail,Bengaluru,Social
489,2026-01-07,Retail,Delhi,Paid Search
490,2025-10-21,Premium,Mumbai,Email
491,2026-03-29,Retail,Gurugram,Social
492,2026-02-25,Retail,Kolkata,Organic
493,2026-01-01,Retail,Chennai,Email
494,2025-10-20,Retail,Kolkata,Paid Search
495,2025-05-21,Premium,Chennai,Organic
496,2025-07-20,Retail,Gurugram,Social
497,2025-02-27,Corporate,Delhi,Referral
498,2025-07-01,Retail,Delhi,Paid Search
499,2026-03-26,Retail,Chennai,Paid Search
500,2025-07-26,Retail,Gurugram,Organic
501,2025-02-25,Retail,Pune,Social
502,2025-11-13,Retail,Gurugram,Email
503,2026-04-12,Retail,Hyderabad,Paid Search
504,2026-02-25,Retail,Chennai,Email
505,2025-05-13,Premium,Pune,Organic
506,2025-08-09,Retail,Gurugram,Referral
507,2025-09-15,Retail,Chennai,Email
508,2025-05-01,Retail,Hyderabad,Social
509,2025-05-11,Premium,Mumbai,Organic
510,2025-04-25,Retail,Bengaluru,Paid Search
511,2026-04-28,Retail,Delhi,Organic
512,2025-12-28,Retail,Mumbai,Social
513,2026-02-12,Retail,Pune,Email
514,2026-02-01,Retail,Delhi,Paid Search
515,2026-04-11,Retail,Hyderabad,Organic
516,2025-02-21,Corporate,Delhi,Organic
517,2026-03-04,Retail,Mumbai,Social
518,2025-02-02,Retail,Chennai,Social
519,2025-08-19,Retail,Delhi,Organic
520,2025-10-16,Retail,Bengaluru,Referral
521,2025-06-23,Retail,Mumbai,Organic
522,2025-03-12,Retail,Delhi,Social
523,2025-04-04,Retail,Mumbai,Paid Search
524,2026-02-04,Retail,Delhi,Organic
525,2025-06-04,Retail,Delhi,Social
526,2025-05-31,Premium,Chennai,Social
527,2026-03-24,Retail,Delhi,Paid Search
528,2025-03-11,Retail,Gurugram,Referral
529,2026-03-20,Corporate,Hyderabad,Paid Search
530,2026-03-23,Premium,Hyderabad,Organic
531,2025-10-18,Retail,Gurugram,Email
532,2025-03-22,Premium,Kolkata,Email
533,2025-03-17,Retail,Hyderabad,Organic
534,2025-05-19,Retail,Gurugram,Email
535,2025-10-08,Premium,Pune,Referral
536,2025-03-16,Premium,Chennai,Organic
537,2025-08-09,Retail,Gurugram,Paid Search
538,2025-02-26,Retail,Chennai,Organic
539,2025-09-20,Retail,Pune,Social
540,2025-01-11,Retail,Pune,Email
541,2025-12-10,Corporate,Chennai,Paid Search
542,2025-01-27,Retail,Gurugram,Paid Search
543,2025-04-05,Retail,Chennai,Organic
544,2025-03-26,Retail,Bengaluru,Paid Search
545,2026-02-08,Retail,Delhi,Referral
546,2025-01-26,Retail,Kolkata,Organic
547,2025-07-28,Corporate,Hyderabad,Social
548,2025-10-14,Retail,Hyderabad,Paid Search
549,2025-09-08,Retail,Gurugram,Referral
550,2025-11-27,Retail,Mumbai,Social
551,2026-01-25,Retail,Delhi,Social
552,2025-07-10,Retail,Chennai,Paid Search
553,2026-02-06,Retail,Gurugram,Social
554,2025-06-04,Retail,Kolkata,Social
555,2026-04-23,Retail,Kolkata,Social
556,2025-09-02,Premium,Kolkata,Social
557,2025-12-23,Retail,Chennai,Email
558,2026-03-01,Retail,Gurugram,Organic
559,2026-01-20,Retail,Bengaluru,Organic
560,2026-02-17,Retail,Chennai,Email
561,2025-09-18,Corporate,Delhi,Organic
562,2025-01-22,Retail,Pune,Email
563,2025-08-28,Retail,Bengaluru,Social
564,2025-03-30,Retail,Gurugram,Email
565,2026-03-08,Corporate,Hyderabad,Social
566,2025-04-25,Retail,Mumbai,Referral
567,2025-04-21,Retail,Pune,Referral
568,2025-05-01,Retail,Delhi,Paid Search
569,2025-11-08,Retail,Mumbai,Paid Search
570,2025-10-05,Premium,Hyderabad,Organic
571,2026-04-06,Retail,Chennai,Organic
572,2025-07-21,Retail,Pune,Email
573,2025-05-17,Retail,Delhi,Organic
574,2025-01-24,Premium,Chennai,Referral
575,2025-01-04,Retail,Delhi,Paid Search
576,2025-07-01,Retail,Kolkata,Paid Search
577,2026-03-26,Corporate,Delhi,Email
578,2025-09-12,Retail,Delhi,Organic
579,2026-03-10,Premium,Pune,Social
580,2025-02-19,Premium,Kolkata,Paid Search
581,2025-02-15,Retail,Kolkata,Organic
582,2026-02-09,Retail,Pune,Organic
583,2025-02-21,Retail,Mumbai,Social
584,2025-01-26,Premium,Gurugram,Organic
585,2025-07-15,Premium,Delhi,Referral
586,2026-03-25,Corporate,Bengaluru,Social
587,2025-12-01,Retail,Kolkata,Organic
588,2025-02-18,Retail,Pune,Organic
589,2026-02-11,Retail,Kolkata,Organic
590,2026-02-14,Retail,Kolkata,Referral
591,2026-01-24,Retail,Gurugram,Paid Search
592,2026-03-14,Premium,Pune,Organic
593,2025-04-27,Retail,Kolkata,Paid Search
594,2026-04-21,Retail,Mumbai,Paid Search
595,2025-06-05,Retail,Mumbai,Social
596,2026-01-24,Retail,Delhi,Organic
597,2025-10-08,Premium,Mumbai,Organic
598,2026-01-14,Retail,Delhi,Paid Search
599,2025-11-01,Retail,Kolkata,Social
600,2025-11-08,Retail,Hyderabad,Social
601,2025-10-26,Retail,Hyderabad,Organic
602,2026-01-13,Retail,Chennai,Organic
603,2025-12-25,Premium,Bengaluru,Social
604,2025-03-07,Premium,Pune,Organic
605,2026-02-05,Retail,Delhi,Social
606,2025-09-17,Retail,Chennai,Paid Search
607,2025-06-06,Retail,Kolkata,Organic
608,2025-09-07,Retail,Delhi,Paid Search
609,2026-04-14,Retail,Delhi,Organic
610,2026-02-20,Premium,Mumbai,Social
611,2026-02-09,Retail,Pune,Organic
612,2025-08-13,Premium,Kolkata,Paid Search
613,2026-01-16,Retail,Kolkata,Paid Search
614,2025-07-06,Retail,Kolkata,Organic
615,2025-11-29,Retail,Pune,Social
616,2025-11-07,Retail,Chennai,Referral
617,2025-05-02,Retail,Bengaluru,Email
618,2025-05-10,Premium,Chennai,Organic
619,2025-01-30,Retail,Mumbai,Organic
620,2025-03-09,Retail,Gurugram,Paid Search
621,2025-07-30,Retail,Delhi,Email
622,2025-08-20,Retail,Gurugram,Paid Search
623,2025-03-22,Retail,Hyderabad,Paid Search
624,2025-07-22,Retail,Chennai,Referral
625,2025-10-21,Retail,Mumbai,Organic
626,2025-04-23,Retail,Bengaluru,Paid Search
627,2025-06-14,Premium,Kolkata,Paid Search
628,2025-06-28,Premium,Delhi,Social
629,2025-09-02,Retail,Mumbai,Referral
630,2025-06-27,Retail,Chennai,Paid Search
631,2025-12-24,Retail,Kolkata,Social
632,2025-06-08,Retail,Hyderabad,Paid Search
633,2025-07-30,Retail,Delhi,Organic
634,2025-07-04,Retail,Mumbai,Email
635,2025-03-30,Retail,Gurugram,Referral
636,2025-11-29,Retail,Mumbai,Email
637,2025-04-25,Retail,Pune,Referral
638,2025-05-24,Premium,Gurugram,Organic
639,2026-01-20,Retail,Hyderabad,Paid Search
640,2026-04-06,Retail,Delhi,Paid Search
641,2025-11-22,Retail,Kolkata,Organic
642,2026-03-21,Premium,Kolkata,Paid Search
643,2026-02-19,Premium,Chennai,Paid Search
644,2025-08-22,Retail,Gurugram,Organic
645,2026-01-09,Retail,Kolkata,Referral
646,2025-06-09,Retail,Chennai,Organic
647,2025-08-12,Retail,Bengaluru,Paid Search
648,2025-09-17,Retail,Delhi,Referral
649,2026-04-11,Retail,Chennai,Social
650,2026-02-16,Retail,Kolkata,Organic
651,2025-08-26,Premium,Chennai,Social
652,2025-11-13,Retail,Chennai,Referral
653,2025-04-09,Retail,Chennai,Email
654,2026-01-26,Retail,Bengaluru,Paid Search
655,2025-09-26,Retail,Delhi,Organic
656,2025-09-16,Retail,Chennai,Social
657,2026-01-07,Premium,Gurugram,Organic
658,2025-11-03,Premium,Mumbai,Referral
659,2025-02-05,Retail,Delhi,Social
660,2025-05-20,Premium,Chennai,Referral
661,2025-03-27,Retail,Hyderabad,Email
662,2025-12-23,Retail,Gurugram,Social
663,2025-01-18,Retail,Hyderabad,Email
664,2025-04-09,Retail,Pune,Social
665,2025-10-17,Retail,Delhi,Organic
666,2025-12-03,Retail,Gurugram,Referral
667,2025-09-02,Retail,Bengaluru,Social
668,2026-02-22,Premium,Hyderabad,Email
669,2026-03-22,Retail,Chennai,Organic
670,2025-03-06,Premium,Kolkata,Paid Search
671,2026-04-07,Retail,Kolkata,Referral
672,2025-10-25,Premium,Kolkata,Organic
673,2025-11-05,Retail,Delhi,Social
674,2025-02-16,Retail,Delhi,Paid Search
675,2025-10-29,Retail,Kolkata,Organic
676,2025-12-18,Premium,Gurugram,Organic
677,2025-10-09,Retail,Pune,Referral
678,2025-02-10,Retail,Gurugram,Organic
679,2025-09-11,Premium,Bengaluru,Referral
680,2026-03-30,Retail,Bengaluru,Referral
681,2025-12-17,Premium,Mumbai,Social
682,2025-03-08,Retail,Kolkata,Paid Search
683,2026-04-11,Retail,Chennai,Organic
684,2026-04-11,Retail,Mumbai,Referral
685,2025-03-24,Retail,Gurugram,Organic
686,2026-01-24,Retail,Delhi,Organic
687,2025-07-17,Retail,Kolkata,Email
688,2025-10-15,Retail,Mumbai,Paid Search
689,2025-08-04,Premium,Kolkata,Organic
690,2026-01-15,Premium,Hyderabad,Email
691,2026-04-29,Retail,Mumbai,Organic
692,2026-01-21,Retail,Delhi,Organic
693,2026-03-28,Retail,Pune,Paid Search
694,2026-04-04,Premium,Mumbai,Referral
695,2025-02-13,Premium,Hyderabad,Email
696,2025-05-03,Retail,Gurugram,Referral
697,2025-12-17,Retail,Gurugram,Email
698,2025-10-14,Premium,Hyderabad,Organic
699,2025-01-25,Premium,Chennai,Social
700,2025-02-16,Retail,Kolkata,Organic
701,2025-09-10,Premium,Pune,Email
702,2025-10-26,Retail,Mumbai,Email
703,2025-03-23,Retail,Kolkata,Paid Search
704,2025-03-25,Premium,Delhi,Referral
705,2025-03-04,Retail,Pune,Social
706,2025-10-02,Retail,Kolkata,Organic
707,2025-01-04,Premium,Pune,Social
708,2025-10-05,Premium,Bengaluru,Email
709,2025-08-19,Retail,Hyderabad,Paid Search
710,2025-08-15,Retail,Hyderabad,Organic
711,2025-11-26,Premium,Chennai,Email
712,2025-09-11,Retail,Gurugram,Paid Search
713,2025-12-19,Corporate,Kolkata,Paid Search
714,2026-01-06,Retail,Bengaluru,Referral
715,2026-03-23,Retail,Delhi,Social
716,2026-01-23,Retail,Hyderabad,Paid Search
717,2025-09-09,Premium,Kolkata,Organic
718,2025-08-27,Corporate,Chennai,Referral
719,2025-04-25,Retail,Bengaluru,Paid Search
720,2025-10-18,Retail,Delhi,Social
721,2025-03-09,Premium,Bengaluru,Email
722,2026-03-28,Retail,Chennai,Organic
723,2026-02-14,Retail,Chennai,Email
724,2025-02-28,Premium,Hyderabad,Referral
725,2026-01-17,Premium,Bengaluru,Email
726,2025-02-26,Premium,Mumbai,Organic
727,2025-12-16,Retail,Gurugram,Paid Search
728,2025-02-12,Retail,Hyderabad,Social
729,2025-08-25,Premium,Kolkata,Email
730,2025-11-16,Retail,Hyderabad,Email
731,2025-12-20,Retail,Pune,Paid Search
732,2025-07-23,Premium,Chennai,Paid Search
733,2026-03-23,Retail,Bengaluru,Organic
734,2026-01-11,Premium,Gurugram,Social
735,2025-04-12,Retail,Hyderabad,Referral
736,2025-11-22,Corporate,Kolkata,Referral
737,2025-12-21,Retail,Gurugram,Paid Search
738,2025-06-11,Retail,Hyderabad,Email
739,2025-12-25,Premium,Mumbai,Organic
740,2026-03-12,Retail,Gurugram,Paid Search
741,2026-02-01,Premium,Kolkata,Social
742,2026-01-05,Retail,Kolkata,Paid Search
743,2025-11-04,Premium,Gurugram,Referral
744,2025-05-12,Premium,Delhi,Social
745,2026-01-21,Retail,Gurugram,Organic
746,2025-06-26,Retail,Delhi,Organic
747,2025-09-16,Retail,Mumbai,Paid Search
748,2025-06-02,Corporate,Mumbai,Social
749,2025-06-01,Corporate,Delhi,Paid Search
750,2025-03-18,Corporate,Delhi,Paid Search
751,2026-04-12,Retail,Mumbai,Organic
752,2025-03-13,Retail,Hyderabad,Referral
753,2025-02-11,Premium,Bengaluru,Paid Search
754,2026-03-31,Premium,Bengaluru,Paid Search
755,2025-09-27,Retail,Mumbai,Paid Search
756,2025-08-01,Retail,Gurugram,Organic
757,2025-12-24,Retail,Bengaluru,Organic
758,2025-07-05,Retail,Hyderabad,Organic
759,2025-03-04,Retail,Mumbai,Social
760,2025-12-20,Retail,Mumbai,Organic
761,2025-03-27,Retail,Mumbai,Organic
762,2025-09-26,Premium,Gurugram,Email
763,2026-04-06,Premium,Mumbai,Paid Search
764,2026-03-31,Corporate,Pune,Paid Search
765,2025-06-24,Retail,Pune,Paid Search
766,2026-01-14,Retail,Delhi,Organic
767,2025-10-25,Retail,Bengaluru,Organic
768,2025-08-21,Retail,Delhi,Email
769,2025-03-09,Retail,Mumbai,Paid Search
770,2025-07-02,Premium,Chennai,Referral
771,2025-11-13,Premium,Pune,Email
772,2026-04-24,Premium,Hyderabad,Organic
773,2025-01-03,Retail,Mumbai,Social
774,2025-12-15,Retail,Pune,Organic
775,2026-02-15,Retail,Gurugram,Paid Search
776,2026-04-07,Retail,Kolkata,Referral
777,2025-07-25,Premium,Mumbai,Organic
778,2025-02-27,Retail,Chennai,Email
779,2025-05-12,Premium,Mumbai,Social
780,2026-02-17,Retail,Kolkata,Paid Search
781,2026-03-02,Corporate,Hyderabad,Organic
782,2025-11-05,Corporate,Chennai,Social
783,2025-03-01,Retail,Pune,Paid Search
784,2025-03-01,Premium,Chennai,Organic
785,2025-08-20,Retail,Gurugram,Paid Search
786,2025-10-13,Premium,Mumbai,Organic
787,2025-01-16,Premium,Gurugram,Email
788,2025-11-29,Premium,Hyderabad,Paid Search
789,2025-09-22,Premium,Mumbai,Paid Search
790,2025-01-06,Retail,Hyderabad,Referral
791,2025-02-16,Premium,Delhi,Referral
792,2025-08-09,Retail,Pune,Email
793,2025-12-17,Retail,Hyderabad,Email
794,2026-02-05,Retail,Hyderabad,Organic
795,2025-07-29,Premium,Hyderabad,Paid Search
796,2025-05-24,Retail,Pune,Social
797,2026-04-15,Retail,Kolkata,Organic
798,2025-08-11,Premium,Hyderabad,Referral
799,2025-06-02,Retail,Delhi,Organic
800,2025-08-03,Retail,Pune,Email
801,2025-01-06,Retail,Gurugram,Referral
802,2025-05-27,Retail,Hyderabad,Social
803,2025-09-08,Premium,Delhi,Paid Search
804,2026-03-22,Retail,Gurugram,Email
805,2025-12-25,Retail,Hyderabad,Referral
806,2026-01-14,Premium,Bengaluru,Referral
807,2025-09-22,Premium,Bengaluru,Referral
808,2025-02-23,Premium,Chennai,Organic
809,2025-07-09,Retail,Mumbai,Organic
810,2026-04-29,Premium,Pune,Organic
811,2025-01-22,Retail,Bengaluru,Social
812,2026-03-03,Retail,Hyderabad,Social
813,2025-11-28,Retail,Mumbai,Paid Search
814,2025-05-18,Premium,Kolkata,Email
815,2026-01-13,Retail,Hyderabad,Organic
816,2026-02-10,Premium,Gurugram,Referral
817,2025-01-21,Retail,Kolkata,Paid Search
818,2025-02-21,Retail,Kolkata,Paid Search
819,2025-11-19,Retail,Hyderabad,Organic
820,2026-04-30,Retail,Gurugram,Referral
821,2025-01-12,Retail,Pune,Referral
822,2025-11-19,Premium,Hyderabad,Paid Search
823,2025-03-08,Premium,Bengaluru,Paid Search
824,2025-11-12,Retail,Gurugram,Social
825,2025-10-30,Retail,Bengaluru,Paid Search
826,2025-02-13,Retail,Gurugram,Social
827,2025-11-27,Retail,Mumbai,Paid Search
828,2026-03-12,Retail,Kolkata,Email
829,2026-02-23,Retail,Bengaluru,Referral
830,2025-01-15,Premium,Kolkata,Organic
831,2025-04-30,Retail,Kolkata,Referral
832,2025-04-27,Retail,Chennai,Paid Search
833,2025-08-08,Retail,Gurugram,Email
834,2025-03-11,Retail,Pune,Social
835,2026-02-19,Retail,Kolkata,Organic
836,2026-01-12,Retail,Pune,Referral
837,2026-01-28,Premium,Delhi,Organic
838,2025-04-07,Retail,Hyderabad,Email
839,2025-01-08,Retail,Delhi,Email
840,2026-03-18,Retail,Chennai,Social
841,2025-05-21,Retail,Mumbai,Paid Search
842,2025-11-15,Retail,Bengaluru,Social
843,2026-03-18,Retail,Kolkata,Paid Search
844,2025-01-18,Retail,Chennai,Organic
845,2025-01-03,Retail,Bengaluru,Email
846,2025-01-03,Premium,Pune,Paid Search
847,2025-03-17,Corporate,Pune,Paid Search
848,2025-01-26,Retail,Bengaluru,Organic
849,2026-02-02,Retail,Chennai,Email
850,2025-10-21,Premium,Mumbai,Email
851,2026-04-21,Corporate,Hyderabad,Paid Search
852,2026-01-24,Premium,Bengaluru,Organic
853,2026-04-13,Retail,Chennai,Referral
854,2025-04-26,Retail,Chennai,Paid Search
855,2025-05-20,Retail,Kolkata,Email
856,2026-02-16,Premium,Bengaluru,Email
857,2025-04-29,Retail,Mumbai,Referral
858,2025-01-28,Retail,Delhi,Organic
859,2025-11-21,Retail,Kolkata,Social
860,2026-01-24,Retail,Bengaluru,Email
861,2026-04-15,Retail,Kolkata,Paid Search
862,2026-03-26,Retail,Bengaluru,Email
863,2025-02-28,Retail,Bengaluru,Paid Search
864,2026-01-10,Premium,Mumbai,Email
865,2026-02-15,Retail,Kolkata,Social
866,2025-12-05,Retail,Bengaluru,Organic
867,2026-02-02,Premium,Bengaluru,Paid Search
868,2026-02-11,Premium,Chennai,Organic
869,2025-08-05,Retail,Pune,Paid Search
870,2025-01-20,Retail,Chennai,Email
871,2025-08-10,Retail,Delhi,Organic
872,2025-04-08,Retail,Gurugram,Email
873,2025-02-25,Retail,Mumbai,Organic
874,2025-03-02,Retail,Delhi,Social
875,2025-12-05,Retail,Delhi,Email
876,2025-09-02,Retail,Bengaluru,Social
877,2025-09-19,Retail,Hyderabad,Email
878,2025-12-28,Retail,Delhi,Email
879,2025-09-23,Premium,Pune,Social
880,2025-11-02,Retail,Pune,Referral
881,2025-02-11,Retail,Kolkata,Organic
882,2026-02-17,Retail,Delhi,Paid Search
883,2025-08-06,Premium,Delhi,Organic
884,2025-03-17,Corporate,Mumbai,Referral
885,2026-01-30,Retail,Hyderabad,Social
886,2025-12-23,Retail,Pune,Social
887,2025-01-26,Retail,Mumbai,Email
888,2025-04-04,Retail,Bengaluru,Organic
889,2025-01-08,Premium,Pune,Email
890,2025-05-12,Retail,Pune,Organic
891,2025-02-18,Corporate,Pune,Paid Search
892,2025-12-11,Retail,Chennai,Social
893,2025-09-11,Retail,Kolkata,Paid Search
894,2026-04-21,Premium,Kolkata,Social
895,2025-12-30,Retail,Gurugram,Referral
896,2025-10-24,Premium,Hyderabad,Referral
897,2025-09-05,Retail,Bengaluru,Organic
898,2025-01-27,Premium,Bengaluru,Organic
899,2025-02-04,Retail,Bengaluru,Organic
900,2025-10-26,Retail,Pune,Paid Search
901,2025-01-03,Premium,Pune,Organic
902,2025-01-21,Retail,Delhi,Paid Search
903,2025-04-17,Retail,Gurugram,Referral
904,2026-03-05,Premium,Delhi,Email
905,2025-08-11,Retail,Hyderabad,Referral
906,2025-12-11,Premium,Hyderabad,Organic
907,2025-07-19,Retail,Bengaluru,Social
908,2025-03-25,Retail,Mumbai,Organic
909,2025-06-30,Retail,Pune,Paid Search
910,2025-02-14,Retail,Delhi,Paid Search
911,2026-01-09,Corporate,Chennai,Email
912,2025-03-31,Retail,Chennai,Social
913,2025-07-02,Retail,Kolkata,Organic
914,2026-04-21,Retail,Kolkata,Social
915,2025-10-15,Retail,Gurugram,Email
916,2025-08-11,Retail,Mumbai,Organic
917,2025-09-21,Premium,Kolkata,Referral
918,2026-01-16,Premium,Pune,Organic
919,2025-05-04,Premium,Delhi,Organic
920,2025-11-05,Retail,Gurugram,Email
921,2026-02-28,Retail,Kolkata,Organic
922,2025-10-05,Retail,Bengaluru,Referral
923,2025-08-05,Premium,Gurugram,Organic
924,2025-03-12,Retail,Chennai,Social
925,2025-05-01,Retail,Hyderabad,Social
926,2026-04-04,Retail,Mumbai,Email
927,2025-09-20,Premium,Chennai,Referral
928,2025-05-27,Premium,Gurugram,Social
929,2025-07-22,Premium,Mumbai,Paid Search
930,2025-10-08,Retail,Delhi,Organic
931,2025-09-18,Corporate,Mumbai,Social
932,2025-12-06,Retail,Bengaluru,Paid Search
933,2025-05-05,Retail,Hyderabad,Organic
934,2025-11-11,Retail,Gurugram,Email
935,2025-08-03,Retail,Gurugram,Paid Search
936,2026-04-02,Retail,Chennai,Organic
937,2025-03-18,Retail,Mumbai,Email
938,2025-03-13,Retail,Mumbai,Social
939,2025-08-12,Retail,Delhi,Referral
940,2025-09-04,Premium,Kolkata,Organic
941,2025-12-02,Retail,Mumbai,Paid Search
942,2025-07-15,Retail,Gurugram,Social
943,2026-03-20,Retail,Pune,Organic
944,2025-08-18,Premium,Hyderabad,Social
945,2025-03-04,Retail,Gurugram,Organic
946,2025-02-27,Retail,Mumbai,Organic
947,2026-04-18,Retail,Hyderabad,Organic
948,2025-03-07,Retail,Bengaluru,Organic
949,2026-04-05,Retail,Mumbai,Organic
950,2025-05-15,Retail,Gurugram,Referral
951,2025-02-15,Retail,Pune,Social
952,2025-05-28,Retail,Mumbai,Organic
953,2025-10-26,Retail,Delhi,Social
954,2025-07-27,Retail,Bengaluru,Organic
955,2026-01-17,Retail,Kolkata,Paid Search
956,2025-10-24,Retail,Mumbai,Email
957,2025-07-14,Retail,Chennai,Referral
958,2025-11-04,Retail,Delhi,Social
959,2026-04-17,Retail,Bengaluru,Organic
960,2025-07-19,Retail,Pune,Organic
961,2025-03-16,Retail,Mumbai,Referral
962,2025-07-18,Retail,Hyderabad,Social
963,2026-02-12,Retail,Bengaluru,Social
964,2025-04-16,Retail,Delhi,Email
965,2026-04-06,Retail,Delhi,Paid Search
966,2025-10-13,Retail,Mumbai,Referral
967,2025-10-19,Premium,Chennai,Social
968,2025-06-03,Retail,Delhi,Organic
969,2026-03-23,Retail,Pune,Organic
970,2025-01-18,Premium,Delhi,Social
971,2025-05-25,Retail,Mumbai,Organic
972,2025-07-22,Retail,Mumbai,Social
973,2025-08-20,Retail,Bengaluru,Social
974,2025-08-18,Corporate,Chennai,Paid Search
975,2025-03-13,Corporate,Hyderabad,Paid Search
976,2025-04-20,Retail,Delhi,Social
977,2025-02-16,Premium,Mumbai,Paid Search
978,2025-10-05,Retail,Bengaluru,Email
979,2025-06-20,Retail,Bengaluru,Organic
980,2025-10-02,Retail,Pune,Email
981,2025-10-14,Retail,Bengaluru,Organic
982,2025-12-07,Retail,Chennai,Organic
983,2025-09-23,Premium,Bengaluru,Social
984,2025-11-11,Retail,Chennai,Organic
985,2025-10-12,Retail,Delhi,Organic
986,2025-11-13,Retail,Gurugram,Organic
987,2025-10-27,Retail,Gurugram,Referral
988,2025-06-03,Retail,Bengaluru,Social
989,2025-04-30,Corporate,Mumbai,Organic
990,2026-01-17,Retail,Delhi,Paid Search
991,2025-06-16,Retail,Gurugram,Organic
992,2025-09-24,Retail,Delhi,Email
993,2025-04-06,Corporate,Delhi,Organic
994,2025-07-29,Premium,Delhi,Social
995,2025-09-14,Retail,Bengaluru,Paid Search
996,2025-10-31,Retail,Gurugram,Social
997,2025-09-13,Retail,Mumbai,Email
998,2025-06-24,Premium,Pune,Paid Search
999,2026-04-12,Premium,Chennai,Referral
1000,2025-09-06,Premium,Kolkata,Paid Search
1001,2026-01-28,Retail,Chennai,Social
1002,2025-12-24,Retail,Gurugram,Paid Search
1003,2025-09-28,Retail,Chennai,Organic
1004,2026-03-06,Retail,Kolkata,Organic
1005,2025-03-04,Retail,Bengaluru,Organic
1006,2026-03-23,Retail,Hyderabad,Email
1007,2026-02-17,Retail,Chennai,Referral
1008,2025-09-02,Premium,Gurugram,Organic
1009,2025-12-22,Premium,Delhi,Paid Search
1010,2025-09-10,Premium,Hyderabad,Referral
1011,2025-05-11,Premium,Kolkata,Paid Search
1012,2026-01-23,Premium,Delhi,Paid Search
1013,2025-04-30,Retail,Bengaluru,Referral
1014,2025-06-02,Retail,Pune,Organic
1015,2025-09-09,Retail,Delhi,Paid Search
1016,2026-02-11,Retail,Gurugram,Organic
1017,2025-07-06,Retail,Bengaluru,Organic
1018,2025-08-28,Premium,Kolkata,Social
1019,2025-01-21,Premium,Hyderabad,Social
1020,2025-02-26,Corporate,Hyderabad,Email
1021,2025-01-28,Corporate,Gurugram,Organic
1022,2025-02-04,Premium,Kolkata,Referral
1023,2026-02-26,Retail,Pune,Email
1024,2026-02-13,Premium,Hyderabad,Social
1025,2026-02-03,Premium,Kolkata,Email
1026,2025-01-27,Premium,Chennai,Email
1027,2025-02-07,Retail,Gurugram,Referral
1028,2025-05-17,Retail,Bengaluru,Email
1029,2025-10-02,Corporate,Delhi,Social
1030,2025-06-12,Retail,Mumbai,Paid Search
1031,2025-08-25,Retail,Pune,Email
1032,2025-03-25,Retail,Bengaluru,Referral
1033,2025-12-21,Retail,Kolkata,Organic
1034,2025-06-02,Retail,Gurugram,Paid Search
1035,2025-02-02,Corporate,Mumbai,Organic
1036,2025-12-27,Premium,Gurugram,Email
1037,2026-03-14,Premium,Chennai,Organic
1038,2025-01-08,Retail,Bengaluru,Paid Search
1039,2025-07-31,Retail,Mumbai,Paid Search
1040,2026-02-06,Retail,Mumbai,Organic
1041,2025-12-09,Retail,Hyderabad,Email
1042,2026-02-20,Retail,Delhi,Paid Search
1043,2025-07-21,Premium,Mumbai,Organic
1044,2025-06-30,Corporate,Kolkata,Organic
1045,2025-12-10,Retail,Hyderabad,Referral
1046,2025-03-16,Retail,Pune,Social
1047,2025-04-27,Retail,Bengaluru,Paid Search
1048,2025-10-19,Retail,Pune,Paid Search
1049,2025-11-21,Retail,Bengaluru,Email
1050,2025-02-28,Retail,Delhi,Referral
1051,2025-09-04,Retail,Pune,Referral
1052,2025-06-26,Retail,Delhi,Paid Search
1053,2025-09-01,Premium,Chennai,Email
1054,2026-04-10,Retail,Gurugram,Referral
1055,2025-02-07,Retail,Chennai,Paid Search
1056,2026-04-28,Retail,Pune,Email
1057,2025-08-07,Retail,Gurugram,Email
1058,2026-01-10,Retail,Mumbai,Referral
1059,2025-07-25,Premium,Kolkata,Referral
1060,2025-05-31,Premium,Mumbai,Paid Search
1061,2026-01-09,Retail,Delhi,Paid Search
1062,2025-11-30,Retail,Mumbai,Organic
1063,2025-03-11,Retail,Pune,Social
1064,2025-12-09,Retail,Delhi,Paid Search
1065,2026-01-01,Retail,Bengaluru,Paid Search
1066,2025-07-08,Premium,Delhi,Email
1067,2026-03-25,Retail,Mumbai,Organic
1068,2025-11-07,Retail,Chennai,Referral
1069,2025-06-11,Retail,Mumbai,Organic
1070,2025-01-06,Retail,Bengaluru,Organic
1071,2025-11-24,Premium,Mumbai,Organic
1072,2025-04-12,Retail,Hyderabad,Paid Search
1073,2026-01-02,Retail,Kolkata,Paid Search
1074,2025-09-12,Retail,Pune,Paid Search
1075,2025-08-15,Premium,Mumbai,Social
1076,2025-03-21,Retail,Bengaluru,Paid Search
1077,2025-12-12,Retail,Chennai,Organic
1078,2025-03-22,Retail,Hyderabad,Paid Search
1079,2025-07-22,Retail,Hyderabad,Organic
1080,2026-02-10,Premium,Kolkata,Organic
1081,2026-03-23,Retail,Kolkata,Organic
1082,2026-04-25,Retail,Mumbai,Social
1083,2026-04-10,Retail,Chennai,Social
1084,2025-09-27,Retail,Kolkata,Email
1085,2025-04-08,Retail,Gurugram,Referral
1086,2026-02-11,Premium,Bengaluru,Paid Search
1087,2026-01-24,Retail,Chennai,Paid Search
1088,2026-04-26,Retail,Mumbai,Organic
1089,2025-11-12,Retail,Hyderabad,Social
1090,2025-03-10,Premium,Delhi,Organic
1091,2025-09-01,Retail,Pune,Organic
1092,2025-08-06,Retail,Chennai,Email
1093,2026-02-13,Retail,Hyderabad,Organic
1094,2025-07-10,Retail,Hyderabad,Organic
1095,2025-06-09,Corporate,Mumbai,Email
1096,2025-02-08,Retail,Kolkata,Paid Search
1097,2026-02-10,Retail,Gurugram,Paid Search
1098,2026-01-02,Retail,Mumbai,Organic
1099,2025-01-20,Retail,Bengaluru,Paid Search
1100,2025-07-30,Retail,Pune,Email
1101,2025-08-21,Retail,Bengaluru,Social
1102,2025-08-16,Retail,Delhi,Paid Search
1103,2026-03-22,Premium,Delhi,Paid Search
1104,2025-03-15,Premium,Mumbai,Paid Search
1105,2025-05-29,Retail,Gurugram,Social
1106,2025-03-29,Corporate,Pune,Organic
1107,2025-04-29,Corporate,Bengaluru,Organic
1108,2026-03-16,Retail,Delhi,Social
1109,2026-04-02,Retail,Kolkata,Email
1110,2025-01-22,Retail,Hyderabad,Email
1111,2025-11-03,Retail,Hyderabad,Referral
1112,2025-04-23,Retail,Pune,Paid Search
1113,2025-04-04,Retail,Mumbai,Referral
1114,2025-05-22,Corporate,Chennai,Email
1115,2025-04-05,Retail,Bengaluru,Organic
1116,2025-08-26,Premium,Chennai,Paid Search
1117,2026-04-28,Retail,Pune,Organic
1118,2025-10-12,Retail,Mumbai,Email
1119,2025-12-17,Premium,Pune,Email
1120,2025-08-28,Retail,Delhi,Referral
1121,2025-01-07,Retail,Chennai,Organic
1122,2025-02-10,Retail,Hyderabad,Email
1123,2025-05-11,Retail,Chennai,Organic
1124,2025-04-29,Retail,Mumbai,Organic
1125,2026-02-12,Retail,Hyderabad,Social
1126,2026-02-14,Retail,Bengaluru,Referral
1127,2026-02-19,Retail,Bengaluru,Email
1128,2025-11-06,Retail,Bengaluru,Paid Search
1129,2025-09-27,Retail,Delhi,Paid Search
1130,2025-11-11,Retail,Hyderabad,Paid Search
1131,2025-07-17,Retail,Delhi,Organic
1132,2025-11-22,Retail,Pune,Email
1133,2026-01-21,Premium,Delhi,Paid Search
1134,2026-01-06,Retail,Delhi,Organic
1135,2025-10-25,Retail,Hyderabad,Paid Search
1136,2025-01-29,Retail,Bengaluru,Referral
1137,2025-12-18,Corporate,Gurugram,Email
1138,2025-06-27,Retail,Bengaluru,Organic
1139,2025-12-27,Retail,Hyderabad,Organic
1140,2025-09-19,Retail,Mumbai,Email
1141,2026-03-04,Retail,Gurugram,Social
1142,2025-06-14,Retail,Kolkata,Paid Search
1143,2026-03-28,Retail,Mumbai,Organic
1144,2026-02-14,Retail,Bengaluru,Email
1145,2025-06-10,Retail,Mumbai,Referral
1146,2025-08-23,Retail,Mumbai,Organic
1147,2025-09-15,Premium,Mumbai,Organic
1148,2026-01-08,Retail,Kolkata,Organic
1149,2025-12-01,Premium,Hyderabad,Organic
1150,2026-02-18,Premium,Hyderabad,Organic
1151,2025-06-29,Premium,Mumbai,Organic
1152,2025-09-02,Premium,Mumbai,Organic
1153,2025-07-28,Retail,Pune,Paid Search
1154,2026-03-18,Retail,Kolkata,Paid Search
1155,2025-05-28,Retail,Pune,Paid Search
1156,2025-10-12,Retail,Chennai,Referral
1157,2025-02-28,Retail,Bengaluru,Organic
1158,2026-02-17,Retail,Gurugram,Email
1159,2025-07-06,Retail,Kolkata,Email
1160,2025-06-15,Corporate,Gurugram,Email
1161,2025-10-10,Retail,Chennai,Organic
1162,2025-08-30,Retail,Chennai,Organic
1163,2026-02-16,Retail,Delhi,Social
1164,2025-09-15,Retail,Mumbai,Organic
1165,2025-09-08,Premium,Mumbai,Organic
1166,2025-02-20,Retail,Hyderabad,Organic
1167,2025-01-11,Retail,Pune,Social
1168,2025-07-13,Retail,Delhi,Referral
1169,2026-04-30,Retail,Kolkata,Organic
1170,2026-03-21,Retail,Pune,Email
1171,2025-11-02,Corporate,Pune,Referral
1172,2025-11-02,Retail,Gurugram,Organic
1173,2025-07-09,Retail,Pune,Paid Search
1174,2025-03-28,Retail,Delhi,Organic
1175,2025-01-05,Retail,Kolkata,Email
1176,2025-06-14,Corporate,Gurugram,Referral
1177,2025-06-03,Premium,Delhi,Social
1178,2025-04-03,Retail,Pune,Social
1179,2025-05-06,Retail,Hyderabad,Organic
1180,2025-01-13,Retail,Mumbai,Email
1181,2025-10-22,Retail,Bengaluru,Email
1182,2026-03-26,Retail,Kolkata,Referral
1183,2025-12-02,Premium,Hyderabad,Paid Search
1184,2025-08-06,Retail,Pune,Organic
1185,2025-07-23,Retail,Kolkata,Organic
1186,2025-05-30,Premium,Hyderabad,Organic
1187,2025-03-11,Premium,Gurugram,Social
1188,2025-10-18,Retail,Hyderabad,Referral
1189,2025-10-02,Retail,Gurugram,Email
1190,2025-01-04,Retail,Mumbai,Organic
1191,2025-07-21,Premium,Gurugram,Organic
1192,2025-05-15,Retail,Delhi,Organic
1193,2025-03-24,Retail,Kolkata,Email
1194,2025-12-07,Retail,Chennai,Referral
1195,2025-09-13,Retail,Pune,Paid Search
1196,2025-11-04,Retail,Gurugram,Social
1197,2025-12-13,Premium,Chennai,Social
1198,2026-04-22,Retail,Chennai,Organic
1199,2026-01-25,Retail,Kolkata,Organic
1200,2025-10-28,Corporate,Kolkata,Organic
1201,2026-03-03,Retail,Mumbai,Organic
1202,2025-08-20,Retail,Kolkata,Social
1203,2026-04-23,Retail,Pune,Paid Search
1204,2026-01-05,Retail,Delhi,Referral
1205,2025-11-12,Retail,Gurugram,Social
1206,2026-03-15,Retail,Kolkata,Paid Search
1207,2025-09-07,Retail,Gurugram,Email
1208,2025-12-16,Retail,Kolkata,Paid Search
1209,2025-05-19,Retail,Bengaluru,Social
1210,2026-04-13,Premium,Bengaluru,Organic
1211,2025-10-30,Retail,Bengaluru,Referral
1212,2026-01-15,Premium,Hyderabad,Paid Search
1213,2025-08-12,Retail,Delhi,Organic
1214,2026-02-25,Retail,Chennai,Organic
1215,2025-02-05,Retail,Kolkata,Social
1216,2025-02-25,Retail,Gurugram,Social
1217,2025-09-03,Retail,Pune,Social
1218,2025-12-22,Retail,Gurugram,Paid Search
1219,2026-01-28,Retail,Mumbai,Social
1220,2025-08-02,Retail,Hyderabad,Social
1221,2025-11-12,Retail,Kolkata,Organic
1222,2025-09-26,Retail,Kolkata,Paid Search
1223,2026-04-12,Retail,Kolkata,Paid Search
1224,2025-11-14,Retail,Hyderabad,Referral
1225,2025-07-22,Retail,Delhi,Paid Search
1226,2026-04-16,Retail,Kolkata,Paid Search
1227,2025-02-22,Retail,Hyderabad,Email
1228,2026-04-23,Retail,Chennai,Email
1229,2025-03-16,Retail,Mumbai,Organic
1230,2025-05-20,Retail,Gurugram,Email
1231,2026-02-03,Premium,Bengaluru,Organic
1232,2025-12-22,Retail,Gurugram,Email
1233,2026-04-16,Premium,Chennai,Organic
1234,2025-12-30,Retail,Bengaluru,Paid Search
1235,2025-11-05,Retail,Bengaluru,Email
1236,2025-06-18,Retail,Gurugram,Organic
1237,2025-01-03,Retail,Pune,Referral
1238,2025-03-02,Retail,Chennai,Paid Search
1239,2025-05-25,Premium,Pune,Organic
1240,2025-01-20,Retail,Mumbai,Email
1241,2025-09-04,Retail,Mumbai,Paid Search
1242,2026-01-13,Retail,Delhi,Email
1243,2026-04-13,Retail,Hyderabad,Email
1244,2025-08-26,Premium,Chennai,Organic
1245,2026-03-01,Retail,Bengaluru,Organic
1246,2026-04-23,Retail,Mumbai,Paid Search
1247,2026-02-22,Corporate,Hyderabad,Paid Search
1248,2025-08-14,Corporate,Mumbai,Organic
1249,2025-06-07,Retail,Hyderabad,Paid Search
1250,2026-04-20,Retail,Pune,Referral
1251,2025-04-28,Premium,Bengaluru,Organic
1252,2025-07-19,Retail,Delhi,Social
1253,2025-02-05,Retail,Delhi,Paid Search
1254,2026-01-20,Retail,Hyderabad,Organic
1255,2025-11-12,Premium,Mumbai,Organic
1256,2025-02-11,Premium,Kolkata,Organic
1257,2025-04-18,Retail,Mumbai,Social
1258,2025-09-27,Retail,Delhi,Organic
1259,2025-09-20,Retail,Pune,Referral
1260,2026-01-24,Retail,Pune,Referral
1261,2025-05-10,Premium,Chennai,Organic
1262,2026-03-25,Retail,Mumbai,Email
1263,2025-08-04,Retail,Chennai,Email
1264,2026-02-03,Premium,Kolkata,Organic
1265,2025-04-26,Retail,Pune,Email
1266,2025-01-18,Premium,Hyderabad,Organic
1267,2025-01-27,Retail,Hyderabad,Social
1268,2025-06-30,Premium,Kolkata,Organic
1269,2026-04-08,Retail,Mumbai,Referral
1270,2025-01-24,Retail,Chennai,Referral
1271,2025-06-28,Retail,Bengaluru,Email
1272,2025-02-23,Retail,Gurugram,Email
1273,2026-03-28,Retail,Mumbai,Organic
1274,2025-11-24,Retail,Pune,Social
1275,2026-01-05,Retail,Hyderabad,Organic
1276,2025-12-12,Premium,Hyderabad,Organic
1277,2025-11-15,Retail,Hyderabad,Organic
1278,2026-01-11,Retail,Delhi,Email
1279,2025-01-04,Premium,Kolkata,Social
1280,2026-02-24,Retail,Pune,Organic
1281,2025-12-25,Premium,Pune,Email
1282,2025-12-25,Retail,Pune,Referral
1283,2025-07-10,Retail,Pune,Paid Search
1284,2026-01-24,Retail,Pune,Paid Search
1285,2025-07-05,Premium,Hyderabad,Referral
1286,2025-01-24,Retail,Mumbai,Social
1287,2026-03-17,Retail,Delhi,Paid Search
1288,2025-04-24,Corporate,Pune,Paid Search
1289,2025-02-19,Retail,Mumbai,Organic
1290,2025-10-29,Premium,Hyderabad,Paid Search
1291,2025-04-24,Premium,Pune,Paid Search
1292,2026-02-21,Corporate,Pune,Organic
1293,2025-08-04,Premium,Mumbai,Organic
1294,2025-01-03,Corporate,Chennai,Social
1295,2026-04-07,Retail,Gurugram,Paid Search
1296,2025-09-07,Premium,Bengaluru,Paid Search
1297,2025-05-08,Premium,Delhi,Organic
1298,2025-11-25,Retail,Pune,Email
1299,2025-09-15,Retail,Pune,Organic
1300,2025-01-15,Corporate,Hyderabad,Paid Search
1301,2026-01-04,Retail,Pune,Organic
1302,2025-07-14,Retail,Kolkata,Social
1303,2025-12-06,Retail,Pune,Paid Search
1304,2026-03-11,Retail,Kolkata,Paid Search
1305,2025-10-24,Premium,Mumbai,Email
1306,2025-11-22,Retail,Bengaluru,Referral
1307,2025-05-04,Retail,Pune,Paid Search
1308,2025-04-26,Premium,Bengaluru,Paid Search
1309,2025-07-21,Retail,Gurugram,Email
1310,2026-02-18,Premium,Chennai,Email
1311,2025-09-12,Retail,Hyderabad,Social
1312,2025-06-18,Premium,Kolkata,Referral
1313,2026-01-14,Corporate,Gurugram,Email
1314,2026-02-18,Retail,Delhi,Email
1315,2026-03-14,Retail,Pune,Organic
1316,2025-05-25,Retail,Hyderabad,Email
1317,2025-12-11,Retail,Kolkata,Social
1318,2025-10-14,Premium,Bengaluru,Social
1319,2025-08-06,Retail,Bengaluru,Paid Search
1320,2025-07-12,Retail,Kolkata,Paid Search
1321,2025-02-25,Retail,Gurugram,Referral
1322,2025-05-14,Retail,Mumbai,Social
1323,2025-09-24,Premium,Pune,Organic
1324,2026-03-06,Retail,Kolkata,Social
1325,2026-02-25,Retail,Mumbai,Organic
1326,2025-04-01,Retail,Chennai,Paid Search
1327,2025-11-26,Premium,Gurugram,Social
1328,2025-02-11,Retail,Kolkata,Social
1329,2025-11-24,Retail,Mumbai,Organic
1330,2025-06-15,Retail,Gurugram,Organic
1331,2025-08-07,Retail,Bengaluru,Organic
1332,2025-12-15,Corporate,Hyderabad,Social
1333,2025-07-26,Retail,Bengaluru,Email
1334,2026-01-27,Retail,Chennai,Referral
1335,2025-09-16,Premium,Mumbai,Referral
1336,2026-04-30,Retail,Chennai,Paid Search
1337,2025-11-06,Retail,Delhi,Organic
1338,2025-05-24,Retail,Kolkata,Email
1339,2026-01-12,Retail,Bengaluru,Paid Search
1340,2025-07-17,Premium,Pune,Organic
1341,2025-09-17,Premium,Mumbai,Paid Search
1342,2025-03-08,Premium,Delhi,Social
1343,2025-02-27,Premium,Delhi,Paid Search
1344,2025-10-06,Retail,Gurugram,Organic
1345,2025-04-01,Retail,Mumbai,Social
1346,2026-04-29,Retail,Delhi,Organic
1347,2026-02-20,Corporate,Pune,Paid Search
1348,2025-12-06,Premium,Gurugram,Referral
1349,2025-12-23,Retail,Delhi,Email
1350,2025-10-16,Retail,Bengaluru,Paid Search
1351,2025-01-30,Premium,Pune,Organic
1352,2025-07-10,Premium,Hyderabad,Paid Search
1353,2025-08-29,Premium,Mumbai,Organic
1354,2026-03-20,Retail,Gurugram,Email
1355,2025-04-17,Retail,Bengaluru,Referral
1356,2025-08-30,Retail,Chennai,Paid Search
1357,2025-06-16,Retail,Hyderabad,Referral
1358,2025-03-07,Corporate,Pune,Paid Search
1359,2025-02-19,Retail,Gurugram,Paid Search
1360,2025-06-27,Retail,Bengaluru,Email
1361,2025-02-09,Retail,Kolkata,Organic
1362,2025-02-02,Retail,Bengaluru,Paid Search
1363,2025-06-20,Retail,Bengaluru,Email
1364,2025-04-08,Retail,Delhi,Paid Search
1365,2025-09-27,Premium,Bengaluru,Paid Search
1366,2025-01-09,Retail,Pune,Organic
1367,2025-05-27,Retail,Chennai,Paid Search
1368,2025-08-08,Retail,Hyderabad,Paid Search
1369,2026-04-13,Retail,Bengaluru,Paid Search
1370,2025-11-04,Premium,Mumbai,Organic
1371,2026-03-04,Premium,Gurugram,Paid Search
1372,2025-06-16,Retail,Hyderabad,Social
1373,2025-08-07,Corporate,Bengaluru,Email
1374,2025-07-23,Premium,Gurugram,Social
1375,2026-03-07,Retail,Chennai,Social
1376,2026-04-11,Retail,Kolkata,Referral
1377,2026-04-12,Retail,Hyderabad,Organic
1378,2025-12-31,Premium,Hyderabad,Paid Search
1379,2025-09-02,Retail,Chennai,Organic
1380,2025-09-20,Retail,Gurugram,Paid Search
1381,2026-04-21,Premium,Kolkata,Email
1382,2025-05-19,Premium,Hyderabad,Paid Search
1383,2025-06-18,Retail,Pune,Email
1384,2026-03-12,Premium,Bengaluru,Organic
1385,2025-07-07,Retail,Hyderabad,Paid Search
1386,2025-04-25,Premium,Hyderabad,Paid Search
1387,2025-09-29,Retail,Delhi,Organic
1388,2025-06-07,Retail,Kolkata,Paid Search
1389,2026-03-09,Corporate,Mumbai,Social
1390,2026-03-17,Retail,Bengaluru,Paid Search
1391,2025-05-29,Retail,Bengaluru,Referral
1392,2025-09-14,Retail,Mumbai,Email
1393,2026-04-23,Retail,Hyderabad,Paid Search
1394,2025-12-27,Retail,Gurugram,Email
1395,2025-04-15,Retail,Bengaluru,Organic
1396,2025-10-14,Premium,Chennai,Organic
1397,2025-10-28,Premium,Chennai,Paid Search
1398,2025-11-13,Retail,Kolkata,Social
1399,2025-01-13,Retail,Pune,Paid Search
1400,2025-05-26,Premium,Chennai,Social
1401,2026-02-19,Retail,Kolkata,Email
1402,2025-04-28,Retail,Chennai,Organic
1403,2025-05-26,Retail,Pune,Referral
1404,2025-06-06,Retail,Delhi,Social
1405,2025-03-28,Retail,Pune,Paid Search
1406,2025-03-17,Premium,Kolkata,Organic
1407,2025-06-18,Corporate,Bengaluru,Paid Search
1408,2026-03-01,Retail,Mumbai,Paid Search
1409,2025-01-01,Retail,Pune,Referral
1410,2025-05-18,Retail,Mumbai,Paid Search
1411,2025-01-30,Retail,Chennai,Organic
1412,2025-09-30,Premium,Gurugram,Referral
1413,2025-05-02,Retail,Hyderabad,Social
1414,2026-01-20,Corporate,Delhi,Email
1415,2025-10-11,Retail,Bengaluru,Paid Search
1416,2026-01-16,Retail,Delhi,Social
1417,2025-11-04,Retail,Hyderabad,Paid Search
1418,2025-08-01,Retail,Bengaluru,Social
1419,2026-02-22,Premium,Kolkata,Paid Search
1420,2025-08-19,Retail,Kolkata,Organic
1421,2026-04-06,Retail,Hyderabad,Email
1422,2026-04-28,Retail,Gurugram,Referral
1423,2025-10-13,Retail,Hyderabad,Social
1424,2025-11-24,Premium,Delhi,Paid Search
1425,2025-05-04,Retail,Gurugram,Referral
1426,2026-01-31,Retail,Hyderabad,Organic
1427,2025-11-22,Retail,Gurugram,Paid Search
1428,2026-03-14,Retail,Chennai,Organic
1429,2025-05-10,Retail,Gurugram,Organic
1430,2026-01-17,Retail,Chennai,Organic
1431,2025-08-17,Retail,Pune,Referral
1432,2025-03-31,Retail,Mumbai,Organic
1433,2025-03-25,Retail,Bengaluru,Referral
1434,2025-09-30,Premium,Bengaluru,Email
1435,2025-06-04,Retail,Bengaluru,Organic
1436,2025-02-19,Retail,Pune,Social
1437,2025-07-27,Retail,Kolkata,Paid Search
1438,2025-11-13,Retail,Delhi,Email
1439,2025-06-04,Premium,Pune,Paid Search
1440,2026-04-09,Retail,Kolkata,Paid Search
1441,2026-01-14,Retail,Hyderabad,Organic
1442,2025-09-06,Premium,Bengaluru,Email
1443,2026-03-30,Premium,Hyderabad,Organic
1444,2025-07-29,Premium,Kolkata,Referral
1445,2025-03-09,Retail,Gurugram,Organic
1446,2025-01-18,Retail,Chennai,Social
1447,2026-03-31,Retail,Hyderabad,Paid Search
1448,2026-04-11,Retail,Chennai,Organic
1449,2025-12-25,Retail,Chennai,Organic
1450,2025-02-19,Premium,Kolkata,Organic
1451,2025-05-23,Retail,Mumbai,Referral
1452,2025-01-20,Retail,Delhi,Referral
1453,2025-01-25,Retail,Bengaluru,Organic
1454,2025-04-30,Retail,Bengaluru,Paid Search
1455,2025-10-05,Retail,Pune,Organic
1456,2025-02-01,Premium,Pune,Referral
1457,2026-04-23,Retail,Gurugram,Referral
1458,2025-08-09,Premium,Kolkata,Email
1459,2025-05-08,Retail,Mumbai,Email
1460,2025-09-08,Premium,Kolkata,Paid Search
1461,2026-01-19,Retail,Kolkata,Organic
1462,2025-06-01,Premium,Hyderabad,Email
1463,2025-01-24,Premium,Delhi,Organic
1464,2025-01-25,Retail,Kolkata,Organic
1465,2026-02-18,Retail,Mumbai,Paid Search
1466,2025-02-24,Premium,Mumbai,Referral
1467,2025-11-05,Retail,Hyderabad,Social
1468,2025-07-06,Premium,Delhi,Email
1469,2026-01-13,Corporate,Hyderabad,Paid Search
1470,2025-01-30,Premium,Mumbai,Organic
1471,2026-03-12,Retail,Delhi,Paid Search
1472,2025-12-05,Retail,Gurugram,Referral
1473,2025-08-06,Corporate,Bengaluru,Organic
1474,2025-04-11,Retail,Pune,Email
1475,2026-04-19,Retail,Kolkata,Paid Search
1476,2025-05-27,Retail,Hyderabad,Referral
1477,2025-08-26,Premium,Bengaluru,Referral
1478,2025-07-11,Retail,Chennai,Paid Search
1479,2025-04-22,Retail,Chennai,Referral
1480,2025-07-22,Retail,Delhi,Paid Search
1481,2025-03-15,Premium,Kolkata,Referral
1482,2025-01-01,Retail,Delhi,Referral
1483,2025-05-21,Premium,Chennai,Social
1484,2025-02-24,Premium,Delhi,Organic
1485,2025-07-21,Corporate,Delhi,Email
1486,2026-02-23,Premium,Delhi,Email
1487,2025-03-20,Retail,Chennai,Social
1488,2025-01-01,Retail,Hyderabad,Email
1489,2025-02-23,Retail,Pune,Paid Search
1490,2025-09-04,Corporate,Bengaluru,Paid Search
1491,2025-05-14,Retail,Delhi,Paid Search
1492,2025-08-26,Retail,Kolkata,Organic
1493,2025-01-15,Premium,Kolkata,Paid Search
1494,2025-06-11,Retail,Kolkata,Social
1495,2025-07-18,Premium,Delhi,Organic
1496,2025-07-29,Retail,Gurugram,Organic
1497,2025-09-25,Retail,Pune,Referral
1498,2026-01-14,Retail,Mumbai,Referral
1499,2025-08-15,Retail,Mumbai,Email
1500,2026-02-12,Retail,Pune,Organic
1501,2025-09-14,Premium,Pune,Referral
1502,2025-05-07,Retail,Delhi,Organic
1503,2025-04-22,Retail,Hyderabad,Organic
1504,2025-06-06,Premium,Mumbai,Referral
1505,2025-10-17,Premium,Gurugram,Paid Search
1506,2025-04-28,Retail,Pune,Referral
1507,2026-03-20,Corporate,Bengaluru,Organic
1508,2025-08-21,Retail,Hyderabad,Organic
1509,2026-02-23,Retail,Kolkata,Paid Search
1510,2025-11-28,Retail,Chennai,Organic
1511,2025-06-11,Premium,Hyderabad,Organic
1512,2025-04-21,Retail,Kolkata,Organic
1513,2025-12-27,Retail,Pune,Paid Search
1514,2025-06-10,Premium,Delhi,Referral
1515,2025-04-30,Retail,Chennai,Organic
1516,2026-03-28,Retail,Gurugram,Social
1517,2025-08-23,Premium,Kolkata,Social
1518,2025-01-24,Retail,Delhi,Paid Search
1519,2025-08-28,Retail,Gurugram,Paid Search
1520,2025-08-12,Retail,Gurugram,Social
1521,2026-02-24,Corporate,Mumbai,Email
1522,2025-12-12,Retail,Chennai,Organic
1523,2025-04-03,Retail,Kolkata,Referral
1524,2025-03-14,Retail,Delhi,Organic
1525,2025-10-20,Retail,Kolkata,Paid Search
1526,2025-01-23,Corporate,Hyderabad,Paid Search
1527,2025-06-04,Retail,Bengaluru,Organic
1528,2025-03-09,Retail,Bengaluru,Organic
1529,2025-01-10,Retail,Pune,Organic
1530,2026-03-22,Retail,Kolkata,Organic
1531,2025-02-13,Retail,Kolkata,Social
1532,2025-01-05,Corporate,Mumbai,Organic
1533,2026-03-29,Premium,Kolkata,Referral
1534,2025-04-02,Retail,Kolkata,Email
1535,2026-02-01,Retail,Delhi,Organic
1536,2025-01-16,Retail,Bengaluru,Organic
1537,2025-03-16,Retail,Delhi,Paid Search
1538,2025-02-23,Retail,Gurugram,Email
1539,2025-12-09,Retail,Hyderabad,Paid Search
1540,2025-10-28,Premium,Bengaluru,Organic
1541,2025-08-19,Premium,Gurugram,Email
1542,2025-04-28,Retail,Chennai,Paid Search
1543,2025-02-13,Corporate,Gurugram,Paid Search
1544,2025-10-04,Retail,Kolkata,Email
1545,2025-04-22,Retail,Gurugram,Email
1546,2025-10-14,Premium,Mumbai,Paid Search
1547,2025-11-30,Retail,Mumbai,Paid Search
1548,2026-02-16,Retail,Delhi,Paid Search
1549,2025-08-28,Premium,Bengaluru,Organic
1550,2025-01-03,Retail,Pune,Paid Search
1551,2025-05-17,Premium,Pune,Organic
1552,2026-02-18,Retail,Chennai,Social
1553,2025-09-16,Premium,Chennai,Referral
1554,2025-10-28,Retail,Kolkata,Email
1555,2025-08-11,Retail,Pune,Referral
1556,2025-03-20,Retail,Bengaluru,Organic
1557,2026-03-11,Premium,Hyderabad,Organic
1558,2026-01-10,Retail,Kolkata,Paid Search
1559,2026-04-28,Premium,Kolkata,Organic
1560,2026-02-19,Retail,Gurugram,Organic
1561,2025-05-22,Retail,Pune,Referral
1562,2025-05-04,Retail,Kolkata,Paid Search
1563,2025-05-01,Retail,Hyderabad,Organic
1564,2026-03-22,Corporate,Delhi,Paid Search
1565,2025-09-28,Retail,Chennai,Email
1566,2025-08-09,Retail,Delhi,Social
1567,2026-04-15,Retail,Chennai,Organic
1568,2025-10-20,Retail,Gurugram,Paid Search
1569,2026-03-18,Retail,Delhi,Email
1570,2026-04-23,Premium,Chennai,Organic
1571,2025-02-08,Retail,Kolkata,Social
1572,2025-06-25,Retail,Chennai,Referral
1573,2025-12-23,Retail,Chennai,Social
1574,2026-01-30,Retail,Gurugram,Organic
1575,2025-03-14,Retail,Kolkata,Email
1576,2025-06-04,Retail,Delhi,Paid Search
1577,2025-09-23,Retail,Kolkata,Organic
1578,2026-01-23,Premium,Kolkata,Organic
1579,2025-02-24,Corporate,Mumbai,Paid Search
1580,2025-10-19,Corporate,Chennai,Organic
1581,2025-05-24,Premium,Kolkata,Referral
1582,2025-04-15,Retail,Kolkata,Email
1583,2025-09-07,Premium,Kolkata,Organic
1584,2025-07-20,Retail,Kolkata,Referral
1585,2025-11-05,Retail,Delhi,Email
1586,2025-06-04,Retail,Hyderabad,Organic
1587,2026-02-04,Retail,Mumbai,Referral
1588,2025-02-07,Corporate,Delhi,Email
1589,2026-02-23,Premium,Bengaluru,Referral
1590,2025-01-15,Retail,Gurugram,Paid Search
1591,2025-12-23,Retail,Pune,Email
1592,2025-06-18,Retail,Kolkata,Social
1593,2025-07-05,Retail,Pune,Organic
1594,2025-01-10,Premium,Bengaluru,Organic
1595,2025-12-07,Corporate,Hyderabad,Paid Search
1596,2025-03-22,Retail,Gurugram,Paid Search
1597,2025-11-16,Retail,Bengaluru,Paid Search
1598,2025-12-18,Retail,Bengaluru,Organic
1599,2026-02-14,Retail,Kolkata,Referral
1600,2025-12-10,Retail,Bengaluru,Social
1601,2025-05-27,Retail,Gurugram,Paid Search
1602,2025-12-25,Retail,Gurugram,Organic
1603,2026-02-05,Retail,Delhi,Organic
1604,2025-06-03,Retail,Chennai,Organic
1605,2025-03-02,Premium,Delhi,Social
1606,2026-03-08,Retail,Gurugram,Organic
1607,2025-03-13,Premium,Delhi,Email
1608,2025-10-16,Retail,Gurugram,Organic
1609,2025-04-25,Retail,Kolkata,Organic
1610,2025-03-03,Retail,Pune,Email
1611,2026-01-12,Premium,Mumbai,Paid Search
1612,2025-03-11,Retail,Bengaluru,Paid Search
1613,2025-11-22,Retail,Hyderabad,Organic
1614,2025-12-03,Retail,Kolkata,Social
1615,2025-01-30,Corporate,Gurugram,Paid Search
1616,2025-03-25,Retail,Pune,Referral
1617,2026-01-21,Retail,Mumbai,Social
1618,2025-09-04,Premium,Pune,Email
1619,2025-02-28,Retail,Kolkata,Social
1620,2026-04-27,Retail,Pune,Referral
1621,2025-05-09,Premium,Gurugram,Social
1622,2025-01-02,Retail,Delhi,Paid Search
1623,2026-03-25,Retail,Pune,Social
1624,2025-01-09,Retail,Delhi,Social
1625,2025-09-26,Retail,Pune,Organic
1626,2026-04-27,Premium,Pune,Social
1627,2025-10-08,Retail,Bengaluru,Organic
1628,2025-10-11,Retail,Kolkata,Paid Search
1629,2025-07-08,Retail,Gurugram,Organic
1630,2025-03-03,Retail,Hyderabad,Organic
1631,2025-10-05,Retail,Hyderabad,Organic
1632,2026-03-12,Retail,Mumbai,Organic
1633,2025-02-14,Premium,Delhi,Organic
1634,2026-03-03,Retail,Hyderabad,Organic
1635,2025-07-21,Premium,Hyderabad,Social
1636,2025-09-18,Retail,Kolkata,Paid Search
1637,2025-03-22,Retail,Kolkata,Email
1638,2025-10-29,Premium,Delhi,Referral
1639,2025-03-30,Premium,Mumbai,Organic
1640,2025-05-13,Retail,Pune,Paid Search
1641,2025-12-16,Retail,Hyderabad,Paid Search
1642,2025-01-25,Premium,Chennai,Paid Search
1643,2025-08-05,Retail,Bengaluru,Paid Search
1644,2025-10-16,Retail,Hyderabad,Social
1645,2025-03-06,Retail,Hyderabad,Social
1646,2025-05-23,Retail,Pune,Paid Search
1647,2025-06-16,Retail,Delhi,Social
1648,2025-11-18,Retail,Gurugram,Organic
1649,2026-04-19,Premium,Bengaluru,Referral
1650,2026-02-10,Retail,Mumbai,Email
1651,2025-04-03,Retail,Chennai,Organic
1652,2025-01-09,Corporate,Mumbai,Referral
1653,2025-01-26,Retail,Pune,Referral
1654,2025-10-16,Retail,Delhi,Paid Search
1655,2025-03-17,Retail,Bengaluru,Organic
1656,2025-04-23,Retail,Chennai,Referral
1657,2026-02-15,Retail,Bengaluru,Paid Search
1658,2026-02-28,Corporate,Gurugram,Organic
1659,2026-02-11,Premium,Bengaluru,Social
1660,2025-05-04,Retail,Chennai,Paid Search
1661,2025-10-28,Retail,Delhi,Organic
1662,2025-10-24,Premium,Gurugram,Email
1663,2025-03-31,Retail,Pune,Organic
1664,2025-09-26,Premium,Chennai,Paid Search
1665,2025-09-12,Retail,Bengaluru,Social
1666,2025-07-12,Premium,Bengaluru,Organic
1667,2025-12-31,Premium,Hyderabad,Referral
1668,2025-11-25,Retail,Bengaluru,Social
1669,2025-09-16,Retail,Delhi,Paid Search
1670,2025-12-18,Premium,Chennai,Paid Search
1671,2026-01-06,Retail,Chennai,Email
1672,2025-10-02,Retail,Chennai,Email
1673,2025-05-10,Retail,Pune,Organic
1674,2026-01-03,Retail,Pune,Paid Search
1675,2025-12-15,Retail,Gurugram,Paid Search
1676,2026-04-22,Retail,Pune,Email
1677,2025-03-14,Retail,Chennai,Referral
1678,2025-07-23,Premium,Hyderabad,Paid Search
1679,2026-03-25,Retail,Delhi,Email
1680,2025-09-07,Retail,Bengaluru,Paid Search
1681,2026-04-03,Retail,Chennai,Organic
1682,2025-01-07,Premium,Chennai,Social
1683,2025-01-18,Retail,Chennai,Paid Search
1684,2026-01-22,Premium,Chennai,Social
1685,2025-06-23,Retail,Mumbai,Paid Search
1686,2025-09-10,Retail,Kolkata,Referral
1687,2025-07-27,Corporate,Chennai,Email
1688,2025-07-17,Premium,Bengaluru,Organic
1689,2026-04-01,Retail,Pune,Paid Search
1690,2025-02-15,Retail,Kolkata,Referral
1691,2026-01-10,Retail,Mumbai,Organic
1692,2026-03-08,Retail,Bengaluru,Referral
1693,2025-11-15,Premium,Mumbai,Social
1694,2025-07-11,Premium,Bengaluru,Organic
1695,2025-03-19,Retail,Mumbai,Email
1696,2025-11-28,Retail,Kolkata,Paid Search
1697,2025-08-16,Retail,Gurugram,Organic
1698,2025-03-14,Retail,Gurugram,Organic
1699,2025-06-24,Premium,Bengaluru,Referral
1700,2026-04-12,Retail,Gurugram,Email
1701,2025-05-09,Retail,Delhi,Paid Search
1702,2025-03-28,Retail,Delhi,Organic
1703,2025-11-27,Corporate,Bengaluru,Organic
1704,2025-04-07,Retail,Bengaluru,Social
1705,2026-03-23,Retail,Gurugram,Paid Search
1706,2026-02-21,Retail,Kolkata,Paid Search
1707,2026-04-23,Retail,Kolkata,Paid Search
1708,2026-03-19,Retail,Kolkata,Paid Search
1709,2025-04-29,Retail,Chennai,Social
1710,2025-04-13,Retail,Pune,Paid Search
1711,2025-06-16,Retail,Delhi,Organic
1712,2025-08-16,Premium,Delhi,Paid Search
1713,2026-03-03,Retail,Gurugram,Paid Search
1714,2025-12-22,Retail,Pune,Paid Search
1715,2025-11-09,Retail,Gurugram,Organic
1716,2026-03-03,Premium,Delhi,Organic
1717,2025-11-10,Premium,Chennai,Paid Search
1718,2025-07-03,Premium,Bengaluru,Organic
1719,2025-07-20,Retail,Bengaluru,Social
1720,2025-09-08,Retail,Chennai,Paid Search
1721,2025-02-13,Retail,Hyderabad,Organic
1722,2025-12-26,Retail,Mumbai,Social
1723,2025-11-13,Retail,Gurugram,Paid Search
1724,2025-12-21,Retail,Chennai,Organic
1725,2025-09-16,Retail,Bengaluru,Referral
1726,2026-01-15,Retail,Pune,Paid Search
1727,2026-04-06,Retail,Mumbai,Email
1728,2025-10-04,Retail,Hyderabad,Organic
1729,2025-08-04,Premium,Hyderabad,Email
1730,2025-02-20,Retail,Bengaluru,Referral
1731,2026-01-13,Premium,Hyderabad,Organic
1732,2026-03-15,Retail,Gurugram,Paid Search
1733,2025-12-06,Premium,Delhi,Social
1734,2026-02-24,Premium,Pune,Paid Search
1735,2026-02-22,Retail,Gurugram,Paid Search
1736,2026-01-23,Corporate,Gurugram,Email
1737,2025-09-01,Retail,Gurugram,Social
1738,2025-02-18,Retail,Hyderabad,Email
1739,2025-01-02,Premium,Pune,Referral
1740,2025-04-10,Retail,Pune,Referral
1741,2025-07-29,Retail,Kolkata,Referral
1742,2025-12-27,Retail,Gurugram,Social
1743,2025-08-10,Retail,Bengaluru,Email
1744,2025-01-12,Retail,Delhi,Social
1745,2025-04-13,Retail,Bengaluru,Organic
1746,2026-04-20,Retail,Bengaluru,Social
1747,2026-04-25,Retail,Bengaluru,Organic
1748,2025-07-02,Retail,Gurugram,Email
1749,2026-01-26,Retail,Mumbai,Social
1750,2025-12-15,Retail,Hyderabad,Social
1751,2026-03-28,Retail,Bengaluru,Organic
1752,2026-03-07,Retail,Bengaluru,Paid Search
1753,2025-11-01,Premium,Mumbai,Paid Search
1754,2025-07-11,Premium,Gurugram,Social
1755,2025-10-31,Retail,Chennai,Social
1756,2025-06-04,Retail,Delhi,Paid Search
1757,2025-06-18,Premium,Chennai,Organic
1758,2025-10-23,Premium,Pune,Paid Search
1759,2025-10-05,Retail,Bengaluru,Paid Search
1760,2025-10-09,Retail,Kolkata,Email
1761,2025-07-06,Retail,Kolkata,Email
1762,2025-07-18,Retail,Kolkata,Referral
1763,2025-01-05,Premium,Chennai,Paid Search
1764,2025-10-19,Retail,Hyderabad,Organic
1765,2025-10-07,Retail,Mumbai,Email
1766,2026-03-30,Retail,Delhi,Email
1767,2025-09-02,Premium,Gurugram,Organic
1768,2025-08-15,Retail,Kolkata,Social
1769,2025-02-02,Premium,Mumbai,Paid Search
1770,2025-04-06,Retail,Kolkata,Organic
1771,2025-06-13,Retail,Delhi,Email
1772,2025-07-02,Retail,Mumbai,Email
1773,2025-06-25,Retail,Mumbai,Email
1774,2025-07-11,Corporate,Bengaluru,Organic
1775,2026-01-08,Retail,Bengaluru,Paid Search
1776,2025-03-05,Retail,Pune,Email
1777,2025-06-11,Retail,Hyderabad,Social
1778,2025-03-20,Retail,Delhi,Paid Search
1779,2025-05-30,Retail,Mumbai,Paid Search
1780,2025-11-29,Premium,Kolkata,Organic
1781,2025-01-23,Retail,Pune,Social
1782,2025-06-14,Retail,Gurugram,Email
1783,2025-01-12,Retail,Mumbai,Organic
1784,2026-04-09,Retail,Bengaluru,Organic
1785,2025-12-19,Retail,Mumbai,Paid Search
1786,2025-04-29,Retail,Gurugram,Social
1787,2025-04-07,Retail,Mumbai,Paid Search
1788,2025-02-17,Premium,Kolkata,Organic
1789,2025-08-18,Premium,Mumbai,Referral
1790,2026-01-01,Premium,Chennai,Organic
1791,2025-10-11,Retail,Hyderabad,Social
1792,2026-03-04,Retail,Gurugram,Social
1793,2025-06-16,Premium,Delhi,Paid Search
1794,2025-05-15,Retail,Bengaluru,Social
1795,2025-08-20,Retail,Chennai,Social
1796,2025-04-09,Retail,Gurugram,Social
1797,2026-04-19,Premium,Pune,Social
1798,2025-04-01,Retail,Delhi,Paid Search
1799,2025-08-21,Retail,Chennai,Paid Search
1800,2025-09-11,Retail,Hyderabad,Paid Search
1801,2025-01-28,Retail,Kolkata,Paid Search
1802,2025-08-16,Retail,Pune,Paid Search
1803,2025-08-09,Retail,Gurugram,Organic
1804,2025-05-06,Retail,Delhi,Referral
1805,2025-03-04,Premium,Pune,Organic
1806,2025-01-22,Premium,Chennai,Email
1807,2025-01-05,Retail,Hyderabad,Social
1808,2025-08-22,Corporate,Hyderabad,Organic
1809,2025-02-13,Retail,Chennai,Social
1810,2026-04-11,Premium,Hyderabad,Paid Search
1811,2025-04-29,Retail,Hyderabad,Email
1812,2025-11-13,Retail,Pune,Email
1813,2025-11-23,Retail,Kolkata,Referral
1814,2025-08-29,Retail,Mumbai,Social
1815,2026-03-05,Retail,Kolkata,Email
1816,2025-02-23,Retail,Mumbai,Social
1817,2025-04-24,Retail,Delhi,Email
1818,2025-05-03,Retail,Mumbai,Organic
1819,2025-03-07,Retail,Delhi,Email
1820,2025-05-23,Corporate,Gurugram,Social
1821,2025-06-01,Retail,Bengaluru,Paid Search
1822,2026-01-06,Corporate,Kolkata,Email
1823,2025-05-27,Retail,Mumbai,Social
1824,2026-03-02,Retail,Pune,Email
1825,2026-01-10,Retail,Hyderabad,Organic
1826,2026-03-14,Retail,Chennai,Social
1827,2025-02-21,Retail,Gurugram,Referral
1828,2026-04-23,Premium,Chennai,Organic
1829,2025-10-25,Retail,Chennai,Referral
1830,2026-04-22,Premium,Bengaluru,Social
1831,2025-06-22,Retail,Delhi,Organic
1832,2026-04-08,Retail,Delhi,Social
1833,2025-10-13,Retail,Bengaluru,Organic
1834,2025-02-04,Corporate,Pune,Referral
1835,2025-07-18,Retail,Delhi,Email
1836,2025-03-08,Retail,Bengaluru,Paid Search
1837,2026-04-02,Retail,Chennai,Paid Search
1838,2025-05-28,Retail,Kolkata,Paid Search
1839,2025-04-18,Corporate,Gurugram,Paid Search
1840,2025-09-26,Premium,Mumbai,Email
1841,2025-07-26,Premium,Delhi,Paid Search
1842,2025-02-17,Corporate,Pune,Paid Search
1843,2026-01-31,Premium,Gurugram,Organic
1844,2026-02-15,Retail,Hyderabad,Social
1845,2025-12-27,Retail,Gurugram,Referral
1846,2025-10-27,Retail,Chennai,Organic
1847,2025-07-15,Retail,Gurugram,Organic
1848,2025-09-21,Retail,Gurugram,Organic
1849,2025-09-10,Retail,Delhi,Organic
1850,2025-03-22,Corporate,Hyderabad,Paid Search
1851,2025-02-09,Corporate,Delhi,Referral
1852,2025-05-03,Retail,Delhi,Paid Search
1853,2025-08-09,Premium,Hyderabad,Organic
1854,2025-03-19,Retail,Chennai,Social
1855,2025-02-21,Retail,Gurugram,Referral
1856,2026-02-18,Retail,Mumbai,Paid Search
1857,2025-07-01,Retail,Delhi,Organic
1858,2025-10-11,Retail,Delhi,Referral
1859,2025-09-12,Retail,Gurugram,Organic
1860,2025-12-23,Retail,Chennai,Referral
1861,2025-12-25,Retail,Hyderabad,Referral
1862,2025-05-24,Premium,Delhi,Email
1863,2026-02-16,Retail,Bengaluru,Organic
1864,2025-06-30,Retail,Mumbai,Organic
1865,2026-02-10,Retail,Delhi,Email
1866,2025-07-16,Retail,Hyderabad,Paid Search
1867,2025-02-23,Retail,Pune,Paid Search
1868,2026-01-04,Retail,Hyderabad,Social
1869,2025-01-15,Retail,Kolkata,Organic
1870,2026-01-10,Retail,Gurugram,Social
1871,2025-01-21,Retail,Delhi,Email
1872,2025-04-11,Retail,Bengaluru,Social
1873,2025-10-20,Retail,Pune,Paid Search
1874,2026-04-02,Retail,Hyderabad,Email
1875,2025-07-18,Retail,Hyderabad,Social
1876,2025-02-28,Retail,Chennai,Organic
1877,2025-04-23,Retail,Mumbai,Social
1878,2026-03-11,Retail,Kolkata,Organic
1879,2025-12-19,Retail,Bengaluru,Paid Search
1880,2025-02-18,Retail,Bengaluru,Social
1881,2025-07-06,Retail,Mumbai,Organic
1882,2025-05-09,Retail,Chennai,Organic
1883,2025-03-28,Retail,Chennai,Social
1884,2026-02-15,Premium,Pune,Organic
1885,2025-10-27,Corporate,Hyderabad,Paid Search
1886,2025-03-29,Corporate,Bengaluru,Organic
1887,2025-11-12,Retail,Chennai,Social
1888,2025-07-20,Retail,Delhi,Email
1889,2025-01-30,Retail,Bengaluru,Organic
1890,2025-08-07,Retail,Chennai,Referral
1891,2025-03-31,Retail,Chennai,Organic
1892,2025-04-29,Retail,Bengaluru,Paid Search
1893,2026-03-03,Retail,Bengaluru,Paid Search
1894,2025-12-11,Retail,Bengaluru,Organic
1895,2025-03-07,Retail,Gurugram,Organic
1896,2026-02-17,Retail,Pune,Referral
1897,2025-10-06,Corporate,Delhi,Referral
1898,2026-03-01,Retail,Mumbai,Email
1899,2025-12-29,Retail,Delhi,Email
1900,2025-06-14,Corporate,Mumbai,Paid Search
1901,2025-09-17,Retail,Mumbai,Organic
1902,2025-09-15,Retail,Hyderabad,Organic
1903,2025-12-16,Retail,Chennai,Paid Search
1904,2025-05-01,Retail,Gurugram,Email
1905,2025-06-11,Retail,Pune,Organic
1906,2025-04-29,Premium,Kolkata,Organic
1907,2025-05-24,Premium,Chennai,Paid Search
1908,2025-03-20,Premium,Bengaluru,Email
1909,2025-01-18,Corporate,Pune,Paid Search
1910,2026-04-01,Retail,Bengaluru,Referral
1911,2025-02-06,Premium,Bengaluru,Paid Search
1912,2026-03-07,Retail,Gurugram,Paid Search
1913,2025-01-02,Retail,Gurugram,Paid Search
1914,2026-01-13,Premium,Chennai,Referral
1915,2025-06-09,Premium,Pune,Referral
1916,2025-09-09,Premium,Chennai,Paid Search
1917,2025-05-17,Retail,Kolkata,Organic
1918,2025-08-26,Retail,Delhi,Organic
1919,2025-08-08,Retail,Bengaluru,Organic
1920,2025-09-14,Retail,Delhi,Organic
1921,2025-07-10,Premium,Pune,Organic
1922,2025-09-18,Premium,Bengaluru,Social
1923,2026-02-05,Retail,Bengaluru,Referral
1924,2025-07-30,Retail,Kolkata,Referral
1925,2025-06-25,Retail,Mumbai,Referral
1926,2025-03-05,Retail,Gurugram,Email
1927,2025-06-24,Retail,Hyderabad,Email
1928,2025-03-02,Premium,Mumbai,Organic
1929,2025-03-30,Retail,Mumbai,Organic
1930,2026-04-07,Corporate,Chennai,Organic
1931,2025-02-13,Retail,Gurugram,Email
1932,2025-08-22,Premium,Kolkata,Organic
1933,2026-02-09,Retail,Mumbai,Paid Search
1934,2026-04-08,Retail,Gurugram,Paid Search
1935,2025-03-13,Retail,Mumbai,Social
1936,2025-03-21,Premium,Hyderabad,Social
1937,2025-06-30,Premium,Delhi,Referral
1938,2025-09-26,Retail,Bengaluru,Social
1939,2026-04-11,Retail,Bengaluru,Email
1940,2025-04-11,Retail,Gurugram,Organic
1941,2025-03-21,Premium,Bengaluru,Email
1942,2025-05-03,Retail,Bengaluru,Social
1943,2026-03-01,Retail,Bengaluru,Organic
1944,2025-01-15,Retail,Bengaluru,Email
1945,2025-07-04,Retail,Pune,Email
1946,2025-02-27,Premium,Mumbai,Referral
1947,2025-03-18,Premium,Bengaluru,Email
1948,2026-03-21,Premium,Pune,Paid Search
1949,2025-01-01,Premium,Kolkata,Organic
1950,2025-06-05,Premium,Delhi,Organic
1951,2026-03-20,Retail,Bengaluru,Email
1952,2025-10-22,Corporate,Pune,Referral
1953,2025-02-04,Retail,Gurugram,Email
1954,2025-08-14,Retail,Gurugram,Referral
1955,2026-04-16,Premium,Kolkata,Social
1956,2025-07-14,Retail,Pune,Organic
1957,2025-09-14,Retail,Delhi,Organic
1958,2025-09-15,Retail,Gurugram,Paid Search
1959,2025-11-17,Retail,Pune,Referral
1960,2025-04-01,Premium,Gurugram,Organic
1961,2026-02-12,Retail,Gurugram,Email
1962,2026-04-25,Retail,Kolkata,Social
1963,2025-03-11,Retail,Hyderabad,Paid Search
1964,2026-02-01,Retail,Pune,Email
1965,2026-02-01,Retail,Chennai,Social
1966,2025-12-26,Retail,Gurugram,Referral
1967,2025-06-29,Retail,Mumbai,Paid Search
1968,2025-08-16,Retail,Pune,Paid Search
1969,2026-02-12,Retail,Pune,Organic
1970,2025-03-16,Retail,Mumbai,Paid Search
1971,2026-02-06,Premium,Hyderabad,Referral
1972,2026-03-23,Retail,Gurugram,Email
1973,2025-11-27,Retail,Delhi,Email
1974,2025-06-15,Corporate,Pune,Organic
1975,2025-09-29,Retail,Pune,Email
1976,2025-01-25,Retail,Gurugram,Organic
1977,2026-03-28,Premium,Bengaluru,Organic
1978,2025-06-16,Retail,Hyderabad,Referral
1979,2025-01-28,Premium,Delhi,Email
1980,2026-01-21,Premium,Bengaluru,Email
1981,2025-11-15,Corporate,Gurugram,Referral
1982,2025-10-30,Corporate,Kolkata,Organic
1983,2025-01-27,Retail,Hyderabad,Organic
1984,2025-12-31,Premium,Chennai,Organic
1985,2025-11-06,Retail,Gurugram,Social
1986,2026-01-20,Retail,Hyderabad,Paid Search
1987,2026-02-06,Retail,Bengaluru,Organic
1988,2025-04-13,Retail,Gurugram,Paid Search
1989,2025-04-13,Retail,Kolkata,Social
1990,2026-03-25,Retail,Pune,Referral
1991,2025-09-15,Retail,Delhi,Paid Search
1992,2025-08-01,Retail,Delhi,Paid Search
1993,2025-05-20,Premium,Delhi,Social
1994,2025-11-06,Retail,Chennai,Social
1995,2026-01-01,Premium,Mumbai,Organic
1996,2025-01-02,Premium,Delhi,Organic
1997,2025-09-26,Premium,Chennai,Email
1998,2026-04-27,Retail,Hyderabad,Referral
1999,2025-05-17,Premium,Pune,Organic
2000,2025-05-17,Premium,Mumbai,Social
2001,2026-03-02,Premium,Mumbai,Social
2002,2025-01-31,Premium,Mumbai,Organic
2003,2025-07-12,Retail,Chennai,Organic
2004,2025-08-11,Retail,Gurugram,Email
2005,2026-01-22,Premium,Gurugram,Paid Search
2006,2025-03-04,Retail,Delhi,Organic
2007,2025-07-30,Premium,Chennai,Referral
2008,2025-03-15,Retail,Kolkata,Paid Search
2009,2026-01-18,Retail,Delhi,Social
2010,2025-11-03,Retail,Chennai,Organic
2011,2025-08-29,Retail,Hyderabad,Organic
2012,2025-07-10,Corporate,Mumbai,Organic
2013,2025-03-16,Retail,Kolkata,Email
2014,2026-03-24,Premium,Gurugram,Social
2015,2025-11-11,Retail,Pune,Referral
2016,2025-06-04,Corporate,Mumbai,Organic
2017,2025-07-20,Retail,Hyderabad,Referral
2018,2025-12-19,Retail,Pune,Paid Search
2019,2025-12-15,Retail,Gurugram,Social
2020,2025-08-12,Retail,Kolkata,Paid Search
2021,2025-05-27,Corporate,Chennai,Social
2022,2025-11-17,Corporate,Kolkata,Organic
2023,2025-11-16,Retail,Chennai,Organic
2024,2025-10-18,Retail,Bengaluru,Referral
2025,2025-02-05,Retail,Mumbai,Organic
2026,2025-08-18,Retail,Kolkata,Organic
2027,2025-10-25,Retail,Pune,Email
2028,2026-04-06,Retail,Gurugram,Organic
2029,2025-09-12,Retail,Chennai,Social
2030,2025-06-16,Premium,Hyderabad,Referral
2031,2025-09-27,Retail,Chennai,Referral
2032,2025-03-27,Retail,Chennai,Organic
2033,2025-02-13,Retail,Gurugram,Social
2034,2025-11-25,Retail,Bengaluru,Paid Search
2035,2026-04-24,Retail,Hyderabad,Paid Search
2036,2026-02-15,Retail,Bengaluru,Referral
2037,2025-10-11,Retail,Delhi,Email
2038,2025-01-20,Premium,Hyderabad,Organic
2039,2026-04-25,Premium,Hyderabad,Organic
2040,2025-08-07,Corporate,Mumbai,Referral
2041,2025-05-21,Retail,Kolkata,Paid Search
2042,2026-03-09,Retail,Chennai,Referral
2043,2025-12-29,Retail,Mumbai,Organic
2044,2025-12-30,Retail,Mumbai,Organic
2045,2025-05-15,Corporate,Pune,Social
2046,2026-04-27,Corporate,Delhi,Email
2047,2025-08-08,Retail,Mumbai,Organic
2048,2025-09-15,Retail,Hyderabad,Email
2049,2025-12-31,Retail,Gurugram,Paid Search
2050,2025-11-17,Retail,Delhi,Organic
2051,2025-03-25,Corporate,Pune,Paid Search
2052,2025-05-27,Retail,Pune,Organic
2053,2025-06-25,Retail,Bengaluru,Social
2054,2026-04-05,Retail,Pune,Organic
2055,2025-12-13,Retail,Chennai,Paid Search
2056,2025-06-27,Retail,Mumbai,Organic
2057,2025-12-23,Premium,Gurugram,Referral
2058,2025-12-25,Retail,Mumbai,Email
2059,2025-07-11,Retail,Bengaluru,Paid Search
2060,2025-07-15,Retail,Delhi,Paid Search
2061,2026-03-10,Retail,Pune,Email
2062,2025-09-30,Retail,Pune,Organic
2063,2025-03-14,Retail,Delhi,Referral
2064,2025-12-16,Retail,Bengaluru,Social
2065,2025-10-13,Retail,Kolkata,Email
2066,2025-09-04,Premium,Chennai,Organic
2067,2025-12-18,Premium,Bengaluru,Organic
2068,2026-03-16,Corporate,Chennai,Paid Search
2069,2025-06-10,Retail,Chennai,Organic
2070,2025-07-23,Premium,Bengaluru,Organic
2071,2025-04-02,Retail,Mumbai,Email
2072,2025-11-10,Retail,Delhi,Organic
2073,2025-07-15,Retail,Gurugram,Organic
2074,2025-06-16,Retail,Bengaluru,Organic
2075,2025-12-04,Premium,Kolkata,Paid Search
2076,2025-07-17,Retail,Bengaluru,Paid Search
2077,2025-08-14,Retail,Chennai,Organic
2078,2025-08-02,Corporate,Bengaluru,Referral
2079,2025-05-06,Retail,Pune,Referral
2080,2025-03-03,Corporate,Gurugram,Organic
2081,2026-02-06,Premium,Kolkata,Referral
2082,2025-02-14,Premium,Mumbai,Paid Search
2083,2025-06-07,Premium,Pune,Paid Search
2084,2025-11-20,Retail,Bengaluru,Email
2085,2025-03-05,Retail,Mumbai,Email
2086,2025-11-14,Premium,Kolkata,Paid Search
2087,2025-12-22,Premium,Gurugram,Paid Search
2088,2025-11-18,Retail,Gurugram,Organic
2089,2025-05-28,Retail,Kolkata,Paid Search
2090,2025-01-10,Retail,Hyderabad,Social
2091,2026-03-07,Retail,Pune,Organic
2092,2025-06-08,Retail,Pune,Email
2093,2026-01-26,Premium,Chennai,Referral
2094,2025-04-06,Premium,Delhi,Organic
2095,2025-03-20,Retail,Kolkata,Email
2096,2026-01-13,Retail,Kolkata,Referral
2097,2026-04-01,Retail,Gurugram,Paid Search
2098,2026-02-22,Retail,Pune,Paid Search
2099,2025-12-31,Retail,Hyderabad,Email
2100,2025-04-30,Retail,Hyderabad,Email
2101,2026-03-19,Retail,Pune,Organic
2102,2025-11-20,Retail,Bengaluru,Social
2103,2025-03-25,Retail,Kolkata,Email
2104,2025-03-04,Retail,Hyderabad,Email
2105,2026-02-27,Retail,Bengaluru,Organic
2106,2025-05-14,Retail,Chennai,Paid Search
2107,2026-01-07,Retail,Bengaluru,Email
2108,2025-03-09,Retail,Delhi,Organic
2109,2025-05-17,Retail,Pune,Paid Search
2110,2025-05-18,Retail,Pune,Social
2111,2025-05-17,Corporate,Bengaluru,Paid Search
2112,2025-11-24,Retail,Delhi,Referral
2113,2026-03-20,Retail,Hyderabad,Organic
2114,2026-03-18,Retail,Kolkata,Referral
2115,2025-12-26,Premium,Kolkata,Organic
2116,2025-04-09,Premium,Mumbai,Referral
2117,2026-04-11,Retail,Hyderabad,Paid Search
2118,2025-09-20,Retail,Gurugram,Organic
2119,2025-09-22,Retail,Bengaluru,Email
2120,2025-12-07,Retail,Hyderabad,Referral
2121,2026-01-09,Retail,Chennai,Paid Search
2122,2026-04-08,Retail,Hyderabad,Organic
2123,2025-10-10,Corporate,Kolkata,Social
2124,2025-10-23,Premium,Bengaluru,Email
2125,2025-12-28,Retail,Hyderabad,Organic
2126,2025-05-04,Corporate,Pune,Email
2127,2025-05-30,Retail,Chennai,Paid Search
2128,2025-10-31,Retail,Bengaluru,Social
2129,2025-02-01,Premium,Bengaluru,Paid Search
2130,2025-06-05,Retail,Bengaluru,Organic
2131,2025-12-15,Retail,Mumbai,Email
2132,2026-04-19,Retail,Mumbai,Organic
2133,2025-09-09,Retail,Kolkata,Email
2134,2025-07-13,Retail,Bengaluru,Organic
2135,2025-08-02,Retail,Bengaluru,Organic
2136,2025-11-29,Retail,Kolkata,Email
2137,2025-09-22,Retail,Kolkata,Social
2138,2025-01-12,Retail,Mumbai,Organic
2139,2025-09-19,Premium,Bengaluru,Social
2140,2025-07-14,Retail,Kolkata,Organic
2141,2025-12-06,Retail,Bengaluru,Email
2142,2026-03-01,Premium,Kolkata,Organic
2143,2026-04-12,Premium,Pune,Paid Search
2144,2025-10-23,Retail,Chennai,Organic
2145,2025-06-25,Premium,Pune,Social
2146,2025-08-04,Premium,Delhi,Email
2147,2025-03-27,Retail,Kolkata,Referral
2148,2026-03-30,Premium,Pune,Paid Search
2149,2026-02-15,Premium,Mumbai,Organic
2150,2026-02-19,Retail,Kolkata,Organic
2151,2025-06-09,Retail,Bengaluru,Email
2152,2025-06-06,Premium,Bengaluru,Organic
2153,2026-02-20,Corporate,Chennai,Social
2154,2025-09-22,Retail,Bengaluru,Paid Search
2155,2025-12-08,Premium,Delhi,Email
2156,2025-08-26,Premium,Bengaluru,Paid Search
2157,2025-08-03,Premium,Chennai,Paid Search
2158,2025-11-03,Corporate,Hyderabad,Email
2159,2026-01-30,Retail,Chennai,Email
2160,2025-06-12,Retail,Delhi,Social
2161,2026-01-28,Retail,Bengaluru,Referral
2162,2025-04-29,Retail,Mumbai,Social
2163,2025-07-15,Retail,Delhi,Paid Search
2164,2026-03-19,Premium,Chennai,Organic
2165,2026-04-08,Corporate,Mumbai,Referral
2166,2026-03-25,Retail,Hyderabad,Social
2167,2025-06-03,Premium,Gurugram,Organic
2168,2026-02-14,Retail,Mumbai,Organic
2169,2026-03-31,Retail,Mumbai,Referral
2170,2026-04-20,Retail,Gurugram,Organic
2171,2025-01-11,Retail,Bengaluru,Social
2172,2025-12-28,Retail,Bengaluru,Referral
2173,2026-04-29,Premium,Chennai,Paid Search
2174,2026-01-06,Retail,Mumbai,Organic
2175,2025-04-24,Retail,Hyderabad,Paid Search
2176,2026-01-05,Retail,Mumbai,Paid Search
2177,2025-02-21,Retail,Gurugram,Social
2178,2025-08-22,Corporate,Bengaluru,Referral
2179,2025-10-31,Corporate,Pune,Email
2180,2025-08-10,Retail,Pune,Organic
2181,2025-12-06,Retail,Hyderabad,Referral
2182,2025-04-27,Retail,Delhi,Paid Search
2183,2025-10-22,Retail,Bengaluru,Referral
2184,2025-11-09,Retail,Kolkata,Organic
2185,2025-11-04,Retail,Pune,Social
2186,2025-05-21,Retail,Gurugram,Paid Search
2187,2025-05-29,Retail,Pune,Paid Search
2188,2025-05-06,Retail,Bengaluru,Email
2189,2025-08-12,Retail,Bengaluru,Organic
2190,2025-10-12,Retail,Kolkata,Organic
2191,2025-06-25,Retail,Mumbai,Social
2192,2025-07-18,Retail,Pune,Paid Search
2193,2025-05-19,Retail,Gurugram,Organic
2194,2025-04-17,Retail,Kolkata,Paid Search
2195,2025-11-15,Premium,Hyderabad,Organic
2196,2026-01-31,Corporate,Bengaluru,Email
2197,2025-05-21,Retail,Pune,Social
2198,2026-02-22,Premium,Pune,Organic
2199,2025-10-04,Premium,Chennai,Paid Search
2200,2025-03-23,Retail,Delhi,Email
2201,2025-06-27,Retail,Pune,Email
2202,2025-01-04,Retail,Delhi,Organic
2203,2025-01-19,Retail,Gurugram,Social
2204,2025-06-13,Corporate,Kolkata,Organic
2205,2025-08-09,Retail,Chennai,Organic
2206,2026-01-22,Retail,Bengaluru,Email
2207,2025-03-07,Retail,Chennai,Email
2208,2026-02-11,Retail,Hyderabad,Organic
2209,2025-04-24,Retail,Chennai,Email
2210,2025-03-09,Retail,Mumbai,Referral
2211,2025-12-06,Retail,Hyderabad,Referral
2212,2026-01-11,Premium,Gurugram,Referral
2213,2025-10-21,Retail,Mumbai,Paid Search
2214,2025-02-26,Retail,Hyderabad,Email
2215,2025-02-25,Premium,Bengaluru,Organic
2216,2025-07-09,Retail,Mumbai,Paid Search
2217,2025-08-07,Retail,Hyderabad,Paid Search
2218,2026-04-30,Premium,Pune,Referral
2219,2025-05-19,Retail,Delhi,Organic
2220,2025-04-04,Retail,Mumbai,Paid Search
2221,2026-04-04,Retail,Kolkata,Referral
2222,2025-03-16,Retail,Bengaluru,Paid Search
2223,2025-01-13,Retail,Bengaluru,Organic
2224,2025-07-25,Retail,Chennai,Organic
2225,2025-07-14,Retail,Chennai,Referral
2226,2025-10-28,Retail,Gurugram,Organic
2227,2026-03-02,Retail,Mumbai,Paid Search
2228,2026-03-29,Retail,Kolkata,Paid Search
2229,2025-05-21,Retail,Chennai,Email
2230,2026-04-21,Corporate,Delhi,Referral
2231,2025-11-03,Retail,Gurugram,Organic
2232,2025-02-03,Retail,Bengaluru,Email
2233,2026-04-01,Retail,Hyderabad,Referral
2234,2025-03-08,Retail,Kolkata,Referral
2235,2025-10-13,Retail,Pune,Paid Search
2236,2026-01-19,Premium,Bengaluru,Organic
2237,2025-05-01,Retail,Bengaluru,Referral
2238,2025-05-12,Retail,Chennai,Paid Search
2239,2025-08-19,Retail,Mumbai,Paid Search
2240,2026-03-06,Premium,Hyderabad,Organic
2241,2025-04-19,Retail,Chennai,Organic
2242,2025-11-18,Retail,Gurugram,Social
2243,2025-08-08,Premium,Kolkata,Organic
2244,2025-02-24,Premium,Bengaluru,Social
2245,2025-12-11,Retail,Mumbai,Referral
2246,2026-02-08,Corporate,Gurugram,Paid Search
2247,2025-10-07,Premium,Pune,Organic
2248,2025-03-27,Retail,Hyderabad,Organic
2249,2025-03-17,Premium,Gurugram,Paid Search
2250,2025-07-25,Retail,Chennai,Referral
2251,2025-09-03,Retail,Hyderabad,Social
2252,2025-09-25,Retail,Mumbai,Email
2253,2025-04-29,Premium,Delhi,Email
2254,2025-08-31,Retail,Pune,Organic
2255,2025-05-24,Retail,Delhi,Social
2256,2025-11-29,Retail,Bengaluru,Paid Search
2257,2026-01-22,Retail,Chennai,Paid Search
2258,2025-11-13,Premium,Delhi,Paid Search
2259,2025-01-01,Premium,Gurugram,Paid Search
2260,2026-04-27,Retail,Hyderabad,Social
2261,2025-01-12,Premium,Kolkata,Social
2262,2026-04-30,Premium,Mumbai,Paid Search
2263,2025-01-16,Retail,Hyderabad,Organic
2264,2025-09-08,Retail,Gurugram,Social
2265,2025-02-21,Retail,Chennai,Referral
2266,2025-02-16,Retail,Kolkata,Social
2267,2025-11-28,Retail,Chennai,Organic
2268,2025-12-20,Retail,Chennai,Organic
2269,2025-02-27,Premium,Bengaluru,Referral
2270,2026-04-19,Retail,Hyderabad,Referral
2271,2025-06-05,Premium,Delhi,Organic
2272,2025-06-04,Premium,Bengaluru,Paid Search
2273,2025-05-25,Retail,Delhi,Paid Search
2274,2025-08-12,Retail,Bengaluru,Social
2275,2025-03-28,Premium,Chennai,Organic
2276,2025-07-26,Premium,Mumbai,Social
2277,2025-04-12,Retail,Hyderabad,Email
2278,2025-01-25,Retail,Pune,Paid Search
2279,2025-06-28,Retail,Mumbai,Paid Search
2280,2025-11-23,Premium,Kolkata,Organic
2281,2026-01-06,Premium,Kolkata,Organic
2282,2025-06-21,Retail,Mumbai,Email
2283,2025-06-07,Retail,Delhi,Email
2284,2026-01-17,Retail,Delhi,Organic
2285,2025-11-27,Corporate,Bengaluru,Email
2286,2026-02-08,Premium,Mumbai,Organic
2287,2026-03-16,Premium,Delhi,Social
2288,2026-02-03,Retail,Hyderabad,Social
2289,2026-03-31,Retail,Pune,Paid Search
2290,2025-07-22,Retail,Delhi,Paid Search
2291,2025-07-11,Retail,Pune,Social
2292,2025-06-05,Retail,Hyderabad,Organic
2293,2025-04-25,Premium,Mumbai,Email
2294,2025-12-30,Retail,Delhi,Organic
2295,2025-12-13,Retail,Kolkata,Organic
2296,2026-01-24,Corporate,Delhi,Email
2297,2025-03-23,Retail,Mumbai,Paid Search
2298,2025-08-27,Retail,Chennai,Paid Search
2299,2025-04-18,Premium,Chennai,Organic
2300,2026-03-10,Retail,Gurugram,Organic
2301,2025-05-10,Retail,Delhi,Organic
2302,2025-03-11,Retail,Mumbai,Paid Search
2303,2025-10-04,Premium,Chennai,Paid Search
2304,2026-03-03,Retail,Mumbai,Paid Search
2305,2026-03-21,Retail,Hyderabad,Email
2306,2025-02-16,Retail,Bengaluru,Email
2307,2025-06-08,Retail,Kolkata,Paid Search
2308,2025-03-16,Premium,Kolkata,Email
2309,2025-05-30,Retail,Kolkata,Email
2310,2025-09-16,Retail,Pune,Email
2311,2025-05-17,Retail,Hyderabad,Social
2312,2025-02-02,Retail,Pune,Organic
2313,2025-09-05,Retail,Delhi,Organic
2314,2025-01-26,Retail,Pune,Email
2315,2025-04-20,Retail,Bengaluru,Paid Search
2316,2025-01-01,Retail,Gurugram,Email
2317,2025-02-12,Premium,Mumbai,Referral
2318,2025-07-31,Corporate,Delhi,Organic
2319,2026-02-17,Retail,Gurugram,Paid Search
2320,2026-01-11,Retail,Mumbai,Email
2321,2025-02-17,Retail,Pune,Organic
2322,2025-01-17,Retail,Hyderabad,Referral
2323,2025-06-13,Retail,Bengaluru,Email
2324,2025-11-13,Corporate,Hyderabad,Organic
2325,2025-12-29,Premium,Chennai,Organic
2326,2026-02-04,Retail,Delhi,Paid Search
2327,2025-06-15,Corporate,Chennai,Referral
2328,2025-03-23,Retail,Gurugram,Paid Search
2329,2025-01-13,Retail,Bengaluru,Organic
2330,2025-03-13,Retail,Chennai,Organic
2331,2025-02-01,Retail,Gurugram,Paid Search
2332,2026-02-22,Premium,Gurugram,Paid Search
2333,2025-05-11,Retail,Chennai,Organic
2334,2026-02-04,Retail,Gurugram,Referral
2335,2025-09-26,Retail,Kolkata,Organic
2336,2025-09-19,Premium,Pune,Referral
2337,2025-08-09,Retail,Mumbai,Email
2338,2026-02-02,Retail,Kolkata,Social
2339,2025-01-22,Retail,Bengaluru,Social
2340,2025-02-14,Premium,Chennai,Organic
2341,2025-07-25,Retail,Chennai,Social
2342,2025-07-11,Retail,Bengaluru,Paid Search
2343,2025-09-22,Premium,Kolkata,Organic
2344,2025-12-24,Retail,Chennai,Social
2345,2025-10-12,Retail,Chennai,Organic
2346,2025-05-05,Retail,Gurugram,Organic
2347,2025-06-08,Retail,Bengaluru,Social
2348,2025-12-31,Retail,Kolkata,Paid Search
2349,2025-04-08,Retail,Delhi,Organic
2350,2025-09-02,Retail,Chennai,Organic
2351,2025-09-19,Retail,Mumbai,Organic
2352,2025-12-30,Retail,Mumbai,Paid Search
2353,2025-12-13,Corporate,Mumbai,Paid Search
2354,2025-08-14,Retail,Kolkata,Organic
2355,2025-05-30,Retail,Bengaluru,Social
2356,2025-06-28,Retail,Hyderabad,Email
2357,2025-07-19,Premium,Bengaluru,Social
2358,2025-04-17,Retail,Pune,Paid Search
2359,2025-10-31,Retail,Gurugram,Social
2360,2025-04-12,Retail,Chennai,Email
2361,2025-11-11,Retail,Delhi,Email
2362,2025-12-31,Premium,Pune,Organic
2363,2026-04-12,Premium,Delhi,Organic
2364,2025-02-27,Premium,Mumbai,Organic
2365,2026-01-04,Retail,Mumbai,Referral
2366,2025-02-11,Retail,Chennai,Organic
2367,2025-06-13,Retail,Gurugram,Email
2368,2025-03-27,Premium,Mumbai,Organic
2369,2025-03-20,Premium,Gurugram,Social
2370,2025-03-27,Corporate,Bengaluru,Organic
2371,2025-01-22,Retail,Bengaluru,Paid Search
2372,2026-02-04,Premium,Mumbai,Paid Search
2373,2025-01-30,Retail,Delhi,Referral
2374,2025-07-13,Premium,Pune,Paid Search
2375,2025-12-06,Retail,Hyderabad,Paid Search
2376,2026-04-26,Retail,Delhi,Referral
2377,2026-02-19,Retail,Pune,Email
2378,2025-03-08,Corporate,Bengaluru,Referral
2379,2026-04-25,Retail,Hyderabad,Referral
2380,2025-11-13,Retail,Gurugram,Paid Search
2381,2025-03-29,Retail,Hyderabad,Email
2382,2025-08-06,Retail,Hyderabad,Paid Search
2383,2026-03-22,Corporate,Chennai,Email
2384,2025-07-10,Retail,Gurugram,Referral
2385,2025-03-31,Retail,Chennai,Organic
2386,2026-03-01,Premium,Hyderabad,Organic
2387,2026-04-08,Retail,Bengaluru,Referral
2388,2026-04-19,Retail,Mumbai,Social
2389,2026-04-09,Retail,Delhi,Social
2390,2026-02-28,Retail,Kolkata,Email
2391,2025-08-09,Retail,Chennai,Paid Search
2392,2025-04-04,Retail,Bengaluru,Paid Search
2393,2025-10-27,Retail,Gurugram,Social
2394,2025-04-18,Premium,Gurugram,Organic
2395,2025-08-18,Premium,Pune,Social
2396,2025-11-15,Premium,Bengaluru,Email
2397,2026-04-05,Retail,Pune,Organic
2398,2025-05-21,Retail,Kolkata,Referral
2399,2025-05-03,Corporate,Pune,Referral
2400,2025-12-23,Premium,Hyderabad,Organic
2401,2025-01-04,Retail,Pune,Referral
2402,2025-10-02,Retail,Kolkata,Referral
2403,2025-12-28,Retail,Hyderabad,Paid Search
2404,2025-09-25,Retail,Mumbai,Organic
2405,2025-07-06,Retail,Pune,Organic
2406,2026-02-06,Retail,Chennai,Social
2407,2025-06-29,Corporate,Gurugram,Organic
2408,2025-12-11,Retail,Delhi,Paid Search
2409,2025-08-14,Retail,Gurugram,Email
2410,2025-01-13,Retail,Kolkata,Referral
2411,2025-09-15,Premium,Chennai,Referral
2412,2025-01-24,Premium,Mumbai,Email
2413,2026-03-28,Retail,Mumbai,Organic
2414,2025-10-19,Retail,Hyderabad,Organic
2415,2025-06-30,Retail,Mumbai,Social
2416,2025-08-24,Premium,Chennai,Paid Search
2417,2025-10-28,Retail,Kolkata,Organic
2418,2025-05-07,Premium,Hyderabad,Referral
2419,2025-05-20,Retail,Chennai,Organic
2420,2025-07-23,Retail,Kolkata,Paid Search
2421,2025-05-06,Retail,Gurugram,Social
2422,2026-01-03,Retail,Chennai,Social
2423,2025-02-20,Retail,Mumbai,Paid Search
2424,2026-02-05,Retail,Mumbai,Organic
2425,2025-06-19,Premium,Gurugram,Email
2426,2025-09-30,Retail,Kolkata,Email
2427,2025-03-18,Corporate,Kolkata,Paid Search
2428,2025-07-06,Retail,Hyderabad,Organic
2429,2026-01-01,Retail,Mumbai,Social
2430,2025-05-12,Corporate,Pune,Paid Search
2431,2025-03-06,Premium,Chennai,Organic
2432,2025-09-11,Retail,Mumbai,Organic
2433,2025-03-20,Premium,Hyderabad,Organic
2434,2025-06-02,Retail,Hyderabad,Paid Search
2435,2025-08-07,Retail,Bengaluru,Organic
2436,2025-10-01,Retail,Kolkata,Referral
2437,2025-11-07,Retail,Hyderabad,Paid Search
2438,2025-11-25,Retail,Gurugram,Paid Search
2439,2026-02-14,Retail,Delhi,Organic
2440,2025-02-02,Premium,Gurugram,Email
2441,2025-06-25,Premium,Chennai,Organic
2442,2025-01-01,Premium,Chennai,Organic
2443,2025-01-05,Premium,Bengaluru,Social
2444,2025-04-13,Retail,Delhi,Social
2445,2025-10-18,Retail,Mumbai,Referral
2446,2026-03-10,Retail,Hyderabad,Paid Search
2447,2026-01-11,Retail,Bengaluru,Paid Search
2448,2025-11-10,Retail,Mumbai,Organic
2449,2026-01-13,Retail,Delhi,Social
2450,2025-03-25,Retail,Chennai,Paid Search
2451,2026-02-12,Retail,Chennai,Paid Search
2452,2026-03-08,Retail,Mumbai,Organic
2453,2025-02-16,Retail,Kolkata,Email
2454,2025-08-16,Retail,Gurugram,Organic
2455,2026-02-07,Corporate,Gurugram,Organic
2456,2025-08-19,Retail,Mumbai,Email
2457,2026-02-12,Premium,Hyderabad,Referral
2458,2026-03-30,Premium,Delhi,Social
2459,2025-08-19,Retail,Delhi,Social
2460,2025-01-29,Retail,Kolkata,Organic
2461,2025-06-14,Retail,Gurugram,Referral
2462,2025-04-15,Retail,Mumbai,Organic
2463,2025-08-18,Retail,Hyderabad,Email
2464,2025-10-12,Premium,Delhi,Organic
2465,2025-08-13,Corporate,Kolkata,Social
2466,2025-04-05,Retail,Pune,Paid Search
2467,2025-05-27,Retail,Bengaluru,Organic
2468,2025-11-26,Retail,Gurugram,Paid Search
2469,2025-01-14,Premium,Mumbai,Referral
2470,2025-04-14,Retail,Bengaluru,Organic
2471,2026-03-09,Retail,Chennai,Email
2472,2025-02-18,Premium,Hyderabad,Organic
2473,2025-07-21,Retail,Chennai,Social
2474,2025-04-11,Retail,Mumbai,Social
2475,2025-02-20,Retail,Chennai,Paid Search
2476,2025-07-25,Retail,Pune,Social
2477,2025-09-10,Retail,Delhi,Referral
2478,2025-03-27,Retail,Bengaluru,Social
2479,2025-02-07,Retail,Bengaluru,Social
2480,2025-03-07,Premium,Pune,Social
2481,2025-11-12,Retail,Hyderabad,Paid Search
2482,2026-02-22,Premium,Hyderabad,Organic
2483,2025-03-29,Retail,Mumbai,Organic
2484,2025-06-05,Premium,Gurugram,Social
2485,2025-06-16,Retail,Chennai,Email
2486,2025-06-24,Premium,Chennai,Organic
2487,2025-04-29,Retail,Bengaluru,Paid Search
2488,2025-01-27,Retail,Chennai,Organic
2489,2025-09-12,Retail,Mumbai,Social
2490,2025-06-23,Retail,Hyderabad,Referral
2491,2025-06-15,Corporate,Bengaluru,Referral
2492,2025-05-09,Corporate,Bengaluru,Referral
2493,2026-03-27,Premium,Chennai,Referral
2494,2025-10-24,Retail,Bengaluru,Organic
2495,2025-07-23,Premium,Chennai,Paid Search
2496,2025-04-10,Premium,Pune,Organic
2497,2026-01-24,Retail,Gurugram,Email
2498,2026-03-07,Retail,Mumbai,Referral
2499,2025-01-16,Retail,Gurugram,Organic
2500,2026-03-27,Retail,Mumbai,Organic
2501,2025-12-06,Retail,Pune,Paid Search
2502,2025-02-18,Premium,Bengaluru,Email
2503,2026-01-01,Retail,Kolkata,Organic
2504,2025-02-22,Retail,Mumbai,Social
2505,2025-01-25,Retail,Bengaluru,Paid Search
2506,2025-02-25,Premium,Mumbai,Social
2507,2025-08-12,Corporate,Gurugram,Social
2508,2025-10-28,Premium,Pune,Organic
2509,2025-07-17,Retail,Mumbai,Referral
2510,2025-03-01,Retail,Kolkata,Organic
2511,2025-04-07,Retail,Bengaluru,Referral
2512,2026-02-18,Retail,Mumbai,Organic
2513,2026-04-12,Retail,Hyderabad,Social
2514,2026-01-01,Retail,Kolkata,Paid Search
2515,2025-02-20,Premium,Kolkata,Social
2516,2026-02-02,Retail,Delhi,Organic
2517,2025-12-02,Premium,Gurugram,Social
2518,2025-09-13,Retail,Gurugram,Organic
2519,2025-03-11,Retail,Bengaluru,Paid Search
2520,2026-04-29,Retail,Pune,Referral
2521,2025-08-03,Retail,Hyderabad,Paid Search
2522,2025-01-22,Retail,Hyderabad,Paid Search
2523,2025-04-12,Retail,Chennai,Social
2524,2025-07-14,Retail,Chennai,Paid Search
2525,2025-01-31,Retail,Hyderabad,Email
2526,2025-06-07,Retail,Hyderabad,Paid Search
2527,2025-08-16,Premium,Hyderabad,Email
2528,2026-04-06,Premium,Hyderabad,Email
2529,2025-02-11,Retail,Delhi,Paid Search
2530,2025-10-07,Retail,Bengaluru,Paid Search
2531,2026-03-21,Retail,Chennai,Social
2532,2026-01-27,Retail,Gurugram,Referral
2533,2026-03-25,Retail,Kolkata,Organic
2534,2025-03-24,Retail,Kolkata,Organic
2535,2026-01-24,Retail,Kolkata,Organic
2536,2026-04-20,Corporate,Pune,Referral
2537,2025-06-08,Retail,Chennai,Referral
2538,2025-08-30,Premium,Kolkata,Organic
2539,2025-09-15,Retail,Mumbai,Paid Search
2540,2025-08-28,Retail,Mumbai,Referral
2541,2025-05-21,Corporate,Bengaluru,Email
2542,2026-04-16,Retail,Pune,Organic
2543,2026-04-09,Retail,Kolkata,Paid Search
2544,2025-07-04,Corporate,Hyderabad,Paid Search
2545,2026-01-26,Retail,Gurugram,Social
2546,2025-07-12,Retail,Bengaluru,Organic
2547,2026-01-21,Retail,Hyderabad,Organic
2548,2025-10-11,Retail,Gurugram,Referral
2549,2025-08-17,Retail,Mumbai,Paid Search
2550,2025-03-04,Retail,Kolkata,Organic
2551,2025-11-14,Premium,Mumbai,Paid Search
2552,2025-06-05,Retail,Gurugram,Organic
2553,2025-04-16,Retail,Bengaluru,Paid Search
2554,2025-04-04,Retail,Chennai,Paid Search
2555,2026-04-22,Retail,Chennai,Organic
2556,2025-02-20,Premium,Hyderabad,Organic
2557,2026-01-23,Retail,Pune,Email
2558,2026-02-25,Retail,Kolkata,Email
2559,2025-01-16,Premium,Gurugram,Organic
2560,2025-10-13,Premium,Delhi,Social
2561,2025-10-08,Premium,Hyderabad,Organic
2562,2025-06-23,Retail,Kolkata,Referral
2563,2025-11-20,Retail,Pune,Email
2564,2025-07-18,Retail,Delhi,Social
2565,2025-08-02,Retail,Mumbai,Social
2566,2025-07-29,Premium,Kolkata,Paid Search
2567,2026-01-24,Retail,Hyderabad,Organic
2568,2025-11-04,Retail,Chennai,Paid Search
2569,2025-07-03,Premium,Gurugram,Organic
2570,2026-03-26,Corporate,Delhi,Social
2571,2026-01-24,Retail,Hyderabad,Paid Search
2572,2026-03-29,Corporate,Mumbai,Organic
2573,2025-12-21,Retail,Kolkata,Social
2574,2025-07-09,Retail,Hyderabad,Referral
2575,2026-01-10,Retail,Gurugram,Social
2576,2025-06-09,Corporate,Bengaluru,Paid Search
2577,2025-05-12,Premium,Mumbai,Referral
2578,2025-08-07,Retail,Kolkata,Organic
2579,2026-04-16,Retail,Pune,Social
2580,2025-10-03,Retail,Mumbai,Paid Search
2581,2025-07-06,Retail,Chennai,Organic
2582,2025-08-12,Premium,Hyderabad,Email
2583,2025-05-22,Retail,Delhi,Paid Search
2584,2025-11-16,Premium,Bengaluru,Paid Search
2585,2025-06-19,Retail,Kolkata,Organic
2586,2025-09-26,Retail,Mumbai,Email
2587,2025-06-29,Retail,Bengaluru,Email
2588,2025-06-05,Corporate,Bengaluru,Organic
2589,2026-04-16,Retail,Chennai,Social
2590,2025-06-17,Retail,Kolkata,Organic
2591,2025-02-04,Retail,Kolkata,Referral
2592,2025-07-03,Premium,Chennai,Paid Search
2593,2025-09-16,Premium,Delhi,Organic
2594,2025-02-15,Premium,Gurugram,Social
2595,2025-05-29,Retail,Mumbai,Email
2596,2025-03-22,Premium,Hyderabad,Paid Search
2597,2025-08-31,Retail,Kolkata,Organic
2598,2025-12-17,Premium,Mumbai,Email
2599,2026-04-15,Retail,Mumbai,Organic
2600,2025-07-08,Retail,Delhi,Paid Search
2601,2026-02-23,Corporate,Bengaluru,Paid Search
2602,2025-04-15,Corporate,Hyderabad,Organic
2603,2026-01-14,Retail,Hyderabad,Organic
2604,2025-09-30,Retail,Delhi,Organic
2605,2026-01-03,Premium,Mumbai,Organic
2606,2026-01-02,Corporate,Delhi,Paid Search
2607,2025-09-16,Premium,Mumbai,Referral
2608,2025-05-05,Retail,Pune,Organic
2609,2025-09-13,Retail,Delhi,Social
2610,2026-02-05,Premium,Mumbai,Paid Search
2611,2026-04-16,Premium,Pune,Organic
2612,2026-03-26,Premium,Pune,Paid Search
2613,2025-03-30,Retail,Gurugram,Organic
2614,2025-10-17,Retail,Pune,Social
2615,2025-02-20,Retail,Gurugram,Paid Search
2616,2025-11-21,Premium,Chennai,Social
2617,2026-04-27,Retail,Pune,Email
2618,2025-01-26,Retail,Hyderabad,Organic
2619,2025-11-15,Premium,Delhi,Email
2620,2026-04-04,Premium,Chennai,Organic
2621,2026-02-15,Retail,Gurugram,Organic
2622,2025-07-10,Premium,Bengaluru,Organic
2623,2025-02-20,Retail,Bengaluru,Referral
2624,2026-03-25,Retail,Delhi,Social
2625,2026-03-23,Retail,Pune,Email
2626,2025-10-08,Retail,Bengaluru,Social
2627,2026-04-20,Corporate,Delhi,Paid Search
2628,2025-01-03,Premium,Delhi,Email
2629,2025-10-27,Retail,Bengaluru,Email
2630,2025-01-19,Premium,Hyderabad,Referral
2631,2026-03-30,Retail,Hyderabad,Social
2632,2025-11-27,Premium,Chennai,Referral
2633,2026-03-20,Premium,Pune,Organic
2634,2025-09-30,Retail,Kolkata,Email
2635,2025-02-10,Retail,Bengaluru,Email
2636,2025-01-13,Retail,Mumbai,Social
2637,2025-06-12,Retail,Pune,Organic
2638,2025-12-27,Corporate,Delhi,Organic
2639,2025-03-15,Retail,Kolkata,Email
2640,2026-02-18,Retail,Mumbai,Email
2641,2025-04-27,Retail,Gurugram,Referral
2642,2025-08-29,Premium,Gurugram,Email
2643,2025-04-09,Retail,Pune,Paid Search
2644,2025-08-14,Premium,Bengaluru,Email
2645,2025-08-08,Retail,Bengaluru,Organic
2646,2025-01-03,Retail,Hyderabad,Organic
2647,2025-10-03,Retail,Hyderabad,Paid Search
2648,2026-01-17,Retail,Delhi,Paid Search
2649,2026-03-31,Retail,Mumbai,Paid Search
2650,2025-06-10,Premium,Kolkata,Referral
2651,2026-03-04,Premium,Delhi,Organic
2652,2026-03-03,Retail,Hyderabad,Referral
2653,2026-04-25,Retail,Gurugram,Organic
2654,2025-06-30,Retail,Delhi,Referral
2655,2026-02-17,Retail,Gurugram,Organic
2656,2025-10-02,Premium,Hyderabad,Referral
2657,2025-01-29,Premium,Hyderabad,Social
2658,2025-05-12,Premium,Chennai,Paid Search
2659,2025-11-22,Retail,Kolkata,Organic
2660,2025-03-19,Retail,Hyderabad,Organic
2661,2025-07-30,Retail,Delhi,Paid Search
2662,2026-01-11,Corporate,Gurugram,Organic
2663,2025-03-14,Retail,Delhi,Organic
2664,2025-08-29,Corporate,Kolkata,Referral
2665,2025-04-15,Retail,Hyderabad,Organic
2666,2025-09-18,Retail,Pune,Organic
2667,2025-04-27,Premium,Kolkata,Paid Search
2668,2026-04-14,Retail,Gurugram,Paid Search
2669,2025-02-07,Retail,Mumbai,Paid Search
2670,2026-04-13,Retail,Kolkata,Social
2671,2026-01-20,Corporate,Chennai,Social
2672,2026-02-19,Retail,Bengaluru,Paid Search
2673,2026-02-17,Corporate,Hyderabad,Paid Search
2674,2025-04-01,Retail,Kolkata,Organic
2675,2026-03-28,Retail,Mumbai,Social
2676,2025-10-16,Retail,Pune,Paid Search
2677,2026-04-12,Retail,Chennai,Referral
2678,2026-03-02,Corporate,Pune,Social
2679,2025-10-09,Premium,Hyderabad,Social
2680,2025-07-01,Corporate,Pune,Paid Search
2681,2025-02-26,Corporate,Pune,Email
2682,2025-02-19,Retail,Kolkata,Paid Search
2683,2025-07-09,Retail,Kolkata,Paid Search
2684,2026-01-29,Premium,Gurugram,Email
2685,2025-09-03,Retail,Delhi,Social
2686,2025-08-22,Premium,Bengaluru,Paid Search
2687,2025-04-29,Retail,Gurugram,Organic
2688,2025-10-01,Retail,Chennai,Organic
2689,2025-11-06,Retail,Hyderabad,Referral
2690,2026-04-22,Retail,Chennai,Organic
2691,2025-12-20,Retail,Hyderabad,Organic
2692,2025-10-22,Retail,Gurugram,Organic
2693,2026-03-18,Retail,Pune,Email
2694,2025-07-26,Retail,Hyderabad,Social
2695,2026-03-30,Retail,Pune,Paid Search
2696,2025-06-29,Retail,Mumbai,Email
2697,2025-03-03,Retail,Kolkata,Paid Search
2698,2025-07-22,Premium,Mumbai,Referral
2699,2025-03-04,Retail,Delhi,Referral
2700,2025-02-27,Retail,Delhi,Paid Search
2701,2026-03-04,Retail,Delhi,Referral
2702,2026-01-21,Retail,Delhi,Email
2703,2025-04-18,Retail,Delhi,Organic
2704,2026-02-11,Retail,Bengaluru,Organic
2705,2025-02-03,Retail,Gurugram,Referral
2706,2025-05-18,Retail,Delhi,Paid Search
2707,2025-12-09,Retail,Chennai,Paid Search
2708,2025-05-28,Retail,Kolkata,Organic
2709,2025-12-21,Retail,Kolkata,Referral
2710,2026-03-01,Retail,Bengaluru,Referral
2711,2025-02-02,Retail,Delhi,Email
2712,2025-01-12,Premium,Bengaluru,Paid Search
2713,2026-04-01,Retail,Pune,Email
2714,2025-09-10,Retail,Kolkata,Paid Search
2715,2025-09-03,Retail,Mumbai,Social
2716,2025-08-13,Retail,Bengaluru,Social
2717,2025-07-30,Retail,Pune,Paid Search
2718,2025-12-01,Premium,Chennai,Social
2719,2025-10-09,Premium,Bengaluru,Organic
2720,2025-03-21,Retail,Kolkata,Paid Search
2721,2025-10-31,Retail,Kolkata,Social
2722,2025-11-21,Premium,Bengaluru,Organic
2723,2025-02-25,Retail,Pune,Social
2724,2025-07-02,Retail,Hyderabad,Paid Search
2725,2026-01-19,Premium,Chennai,Organic
2726,2025-10-28,Retail,Bengaluru,Social
2727,2025-03-08,Retail,Bengaluru,Organic
2728,2025-01-20,Retail,Hyderabad,Email
2729,2025-10-09,Retail,Mumbai,Email
2730,2025-08-12,Retail,Pune,Paid Search
2731,2026-04-12,Retail,Gurugram,Paid Search
2732,2025-09-11,Retail,Bengaluru,Organic
2733,2026-03-28,Retail,Kolkata,Referral
2734,2025-04-14,Retail,Hyderabad,Organic
2735,2025-08-05,Premium,Mumbai,Email
2736,2025-03-09,Retail,Hyderabad,Email
2737,2025-10-06,Premium,Hyderabad,Organic
2738,2025-04-02,Retail,Delhi,Social
2739,2025-08-27,Retail,Hyderabad,Paid Search
2740,2025-06-16,Retail,Mumbai,Paid Search
2741,2025-04-01,Retail,Kolkata,Organic
2742,2025-02-16,Retail,Pune,Referral
2743,2025-09-06,Premium,Bengaluru,Organic
2744,2026-04-05,Premium,Delhi,Email
2745,2025-04-07,Premium,Pune,Paid Search
2746,2025-07-16,Retail,Chennai,Social
2747,2025-04-19,Retail,Hyderabad,Email
2748,2026-01-28,Retail,Gurugram,Referral
2749,2025-07-21,Retail,Mumbai,Paid Search
2750,2026-04-18,Premium,Kolkata,Paid Search
2751,2025-04-29,Premium,Hyderabad,Paid Search
2752,2025-02-09,Retail,Bengaluru,Paid Search
2753,2025-10-10,Premium,Bengaluru,Email
2754,2025-11-13,Premium,Hyderabad,Organic
2755,2026-04-26,Retail,Delhi,Paid Search
2756,2026-02-27,Premium,Chennai,Referral
2757,2026-03-05,Retail,Hyderabad,Paid Search
2758,2025-11-04,Retail,Chennai,Email
2759,2025-06-24,Retail,Pune,Organic
2760,2025-07-28,Retail,Gurugram,Organic
2761,2025-03-06,Retail,Delhi,Social
2762,2025-07-29,Corporate,Hyderabad,Paid Search
2763,2025-06-26,Retail,Pune,Email
2764,2025-01-18,Retail,Mumbai,Paid Search
2765,2025-04-10,Retail,Chennai,Organic
2766,2025-09-17,Retail,Bengaluru,Paid Search
2767,2025-06-29,Premium,Kolkata,Paid Search
2768,2026-04-27,Retail,Gurugram,Social
2769,2025-08-21,Corporate,Kolkata,Organic
2770,2026-04-10,Retail,Chennai,Social
2771,2025-11-17,Retail,Chennai,Email
2772,2025-01-20,Retail,Kolkata,Paid Search
2773,2025-04-09,Retail,Gurugram,Social
2774,2025-12-09,Corporate,Chennai,Organic
2775,2025-09-22,Retail,Gurugram,Referral
2776,2025-05-27,Retail,Gurugram,Organic
2777,2025-09-11,Retail,Mumbai,Social
2778,2026-03-14,Premium,Pune,Paid Search
2779,2025-07-08,Retail,Bengaluru,Organic
2780,2025-01-22,Premium,Gurugram,Paid Search
2781,2025-05-31,Premium,Chennai,Organic
2782,2026-03-30,Retail,Gurugram,Email
2783,2026-01-05,Retail,Bengaluru,Organic
2784,2026-02-11,Retail,Kolkata,Email
2785,2026-03-19,Retail,Delhi,Paid Search
2786,2025-02-26,Corporate,Gurugram,Organic
2787,2025-05-18,Retail,Mumbai,Paid Search
2788,2025-01-30,Premium,Pune,Organic
2789,2025-01-03,Retail,Chennai,Referral
2790,2026-02-09,Retail,Chennai,Organic
2791,2026-03-31,Premium,Mumbai,Email
2792,2025-03-17,Retail,Pune,Organic
2793,2025-12-17,Retail,Pune,Organic
2794,2025-09-17,Retail,Kolkata,Organic
2795,2025-02-03,Retail,Bengaluru,Social
2796,2026-03-21,Premium,Kolkata,Paid Search
2797,2026-02-27,Retail,Pune,Email
2798,2025-10-03,Premium,Kolkata,Paid Search
2799,2025-12-10,Retail,Gurugram,Organic
2800,2025-07-12,Retail,Hyderabad,Referral
2801,2026-01-20,Retail,Hyderabad,Social
2802,2025-08-04,Premium,Kolkata,Referral
2803,2026-04-25,Retail,Kolkata,Paid Search
2804,2025-01-31,Retail,Gurugram,Referral
2805,2025-03-25,Retail,Pune,Organic
2806,2026-04-15,Retail,Chennai,Email
2807,2025-05-21,Premium,Delhi,Organic
2808,2025-05-31,Retail,Hyderabad,Referral
2809,2026-01-19,Corporate,Mumbai,Organic
2810,2025-04-02,Retail,Kolkata,Referral
2811,2025-09-07,Retail,Delhi,Email
2812,2025-05-19,Retail,Kolkata,Email
2813,2025-04-06,Premium,Kolkata,Paid Search
2814,2026-04-13,Retail,Hyderabad,Paid Search
2815,2025-04-07,Retail,Chennai,Referral
2816,2025-02-15,Retail,Pune,Social
2817,2025-11-23,Retail,Chennai,Social
2818,2026-02-25,Retail,Chennai,Organic
2819,2025-03-03,Corporate,Bengaluru,Paid Search
2820,2025-12-10,Retail,Chennai,Paid Search
2821,2025-09-20,Retail,Gurugram,Social
2822,2026-02-07,Retail,Bengaluru,Organic
2823,2025-03-03,Retail,Bengaluru,Paid Search
2824,2026-04-19,Retail,Bengaluru,Referral
2825,2025-10-28,Corporate,Gurugram,Paid Search
2826,2026-02-13,Retail,Gurugram,Email
2827,2025-06-25,Premium,Bengaluru,Organic
2828,2026-04-03,Retail,Gurugram,Paid Search
2829,2025-10-31,Premium,Kolkata,Paid Search
2830,2025-03-03,Retail,Hyderabad,Paid Search
2831,2026-03-24,Corporate,Kolkata,Social
2832,2026-01-21,Retail,Gurugram,Organic
2833,2025-05-26,Retail,Kolkata,Paid Search
2834,2025-09-22,Retail,Hyderabad,Organic
2835,2025-07-08,Retail,Mumbai,Social
2836,2025-09-21,Retail,Mumbai,Referral
2837,2026-04-14,Retail,Kolkata,Organic
2838,2026-03-12,Premium,Chennai,Paid Search
2839,2025-04-15,Premium,Chennai,Paid Search
2840,2026-04-17,Retail,Delhi,Referral
2841,2025-08-01,Premium,Gurugram,Organic
2842,2025-12-08,Retail,Delhi,Paid Search
2843,2026-01-06,Retail,Pune,Referral
2844,2025-08-23,Retail,Gurugram,Paid Search
2845,2025-08-10,Retail,Mumbai,Referral
2846,2025-08-10,Retail,Pune,Paid Search
2847,2026-02-23,Retail,Kolkata,Email
2848,2025-07-07,Retail,Bengaluru,Organic
2849,2025-05-16,Retail,Delhi,Organic
2850,2025-06-25,Premium,Hyderabad,Paid Search
2851,2025-04-05,Retail,Kolkata,Paid Search
2852,2025-07-09,Premium,Pune,Social
2853,2025-02-25,Retail,Hyderabad,Organic
2854,2025-02-13,Retail,Chennai,Organic
2855,2025-12-18,Retail,Delhi,Referral
2856,2025-02-07,Premium,Bengaluru,Organic
2857,2025-10-03,Retail,Gurugram,Referral
2858,2026-01-14,Retail,Hyderabad,Social
2859,2025-12-18,Premium,Gurugram,Organic
2860,2025-08-05,Premium,Pune,Referral
2861,2025-04-04,Retail,Gurugram,Email
2862,2026-03-28,Retail,Chennai,Referral
2863,2026-02-10,Retail,Hyderabad,Organic
2864,2025-10-24,Retail,Gurugram,Paid Search
2865,2025-02-12,Premium,Bengaluru,Email
2866,2025-01-18,Retail,Hyderabad,Social
2867,2025-06-02,Retail,Chennai,Organic
2868,2025-03-18,Retail,Kolkata,Organic
2869,2026-02-22,Retail,Mumbai,Social
2870,2025-04-10,Retail,Gurugram,Referral
2871,2025-05-18,Retail,Hyderabad,Email
2872,2026-04-19,Retail,Bengaluru,Email
2873,2026-02-01,Retail,Mumbai,Paid Search
2874,2025-04-17,Retail,Delhi,Social
2875,2025-07-06,Retail,Pune,Organic
2876,2025-09-08,Retail,Pune,Organic
2877,2025-11-19,Retail,Delhi,Organic
2878,2026-03-31,Premium,Gurugram,Email
2879,2026-02-27,Corporate,Pune,Organic
2880,2026-04-19,Corporate,Delhi,Paid Search
2881,2025-01-20,Retail,Kolkata,Paid Search
2882,2025-04-25,Retail,Mumbai,Paid Search
2883,2025-10-01,Retail,Chennai,Paid Search
2884,2025-01-24,Premium,Chennai,Organic
2885,2025-06-22,Retail,Kolkata,Paid Search
2886,2025-03-16,Retail,Kolkata,Paid Search
2887,2026-03-29,Retail,Gurugram,Referral
2888,2025-01-31,Retail,Delhi,Social
2889,2025-03-13,Premium,Bengaluru,Referral
2890,2025-04-05,Retail,Bengaluru,Paid Search
2891,2025-03-14,Retail,Hyderabad,Organic
2892,2025-10-03,Premium,Mumbai,Paid Search
2893,2025-06-26,Retail,Mumbai,Email
2894,2026-03-19,Retail,Gurugram,Organic
2895,2025-05-07,Retail,Gurugram,Organic
2896,2025-09-18,Retail,Chennai,Email
2897,2025-11-17,Retail,Pune,Email
2898,2025-10-31,Retail,Hyderabad,Organic
2899,2026-01-22,Corporate,Chennai,Referral
2900,2025-04-08,Retail,Kolkata,Paid Search
2901,2025-09-04,Retail,Hyderabad,Paid Search
2902,2026-01-24,Retail,Pune,Paid Search
2903,2026-02-23,Corporate,Gurugram,Email
2904,2025-10-27,Retail,Gurugram,Organic
2905,2025-11-13,Corporate,Mumbai,Referral
2906,2026-02-24,Retail,Mumbai,Organic
2907,2025-10-31,Retail,Mumbai,Social
2908,2026-04-06,Premium,Delhi,Social
2909,2025-03-03,Retail,Chennai,Referral
2910,2025-06-18,Retail,Hyderabad,Email
2911,2025-02-24,Corporate,Delhi,Referral
2912,2025-02-13,Retail,Mumbai,Referral
2913,2025-08-17,Retail,Pune,Organic
2914,2025-04-20,Premium,Kolkata,Email
2915,2025-07-17,Premium,Chennai,Paid Search
2916,2025-08-01,Corporate,Pune,Paid Search
2917,2025-10-29,Premium,Mumbai,Paid Search
2918,2026-04-04,Retail,Bengaluru,Paid Search
2919,2026-02-16,Corporate,Kolkata,Social
2920,2025-07-03,Retail,Kolkata,Paid Search
2921,2025-06-07,Retail,Kolkata,Organic
2922,2026-01-09,Retail,Pune,Email
2923,2025-03-01,Premium,Bengaluru,Email
2924,2025-09-20,Retail,Pune,Paid Search
2925,2025-07-25,Premium,Gurugram,Email
2926,2025-03-30,Retail,Mumbai,Paid Search
2927,2025-10-26,Retail,Kolkata,Paid Search
2928,2025-06-05,Retail,Gurugram,Email
2929,2025-04-01,Retail,Kolkata,Social
2930,2025-11-13,Retail,Chennai,Referral
2931,2025-03-26,Retail,Hyderabad,Paid Search
2932,2025-11-23,Retail,Kolkata,Paid Search
2933,2025-03-20,Retail,Mumbai,Organic
2934,2025-07-30,Retail,Kolkata,Email
2935,2026-01-27,Retail,Hyderabad,Organic
2936,2025-04-21,Retail,Pune,Paid Search
2937,2026-01-08,Retail,Hyderabad,Organic
2938,2025-12-17,Retail,Delhi,Social
2939,2026-03-14,Retail,Gurugram,Paid Search
2940,2025-03-23,Retail,Chennai,Referral
2941,2025-12-13,Retail,Pune,Paid Search
2942,2026-03-31,Retail,Delhi,Organic
2943,2026-01-06,Retail,Kolkata,Organic
2944,2025-04-02,Retail,Gurugram,Organic
2945,2026-02-03,Retail,Kolkata,Referral
2946,2025-02-22,Retail,Mumbai,Referral
2947,2025-10-13,Corporate,Mumbai,Paid Search
2948,2025-08-30,Retail,Bengaluru,Paid Search
2949,2025-09-15,Retail,Delhi,Organic
2950,2025-09-09,Premium,Pune,Email
2951,2025-01-16,Retail,Hyderabad,Email
2952,2025-09-04,Retail,Pune,Referral
2953,2026-03-31,Premium,Gurugram,Organic
2954,2025-07-31,Retail,Chennai,Paid Search
2955,2025-05-15,Premium,Hyderabad,Email
2956,2026-04-28,Retail,Kolkata,Organic
2957,2025-02-18,Retail,Bengaluru,Social
2958,2025-08-24,Retail,Kolkata,Email
2959,2025-09-06,Retail,Gurugram,Referral
2960,2025-08-20,Corporate,Gurugram,Social
2961,2026-03-24,Retail,Pune,Paid Search
2962,2025-07-24,Retail,Hyderabad,Email
2963,2026-04-18,Retail,Hyderabad,Paid Search
2964,2025-02-02,Premium,Pune,Email
2965,2025-12-22,Retail,Gurugram,Paid Search
2966,2025-10-15,Premium,Kolkata,Referral
2967,2025-04-27,Retail,Pune,Email
2968,2025-04-21,Premium,Bengaluru,Social
2969,2025-12-16,Retail,Hyderabad,Paid Search
2970,2025-11-06,Retail,Mumbai,Organic
2971,2025-10-24,Retail,Mumbai,Referral
2972,2025-01-25,Retail,Delhi,Social
2973,2025-10-17,Retail,Kolkata,Organic
2974,2026-04-21,Retail,Chennai,Email
2975,2025-01-09,Premium,Mumbai,Email
2976,2025-08-16,Premium,Chennai,Email
2977,2025-08-28,Premium,Mumbai,Social
2978,2026-03-11,Corporate,Bengaluru,Email
2979,2025-05-18,Premium,Bengaluru,Email
2980,2025-08-19,Retail,Mumbai,Organic
2981,2025-12-14,Retail,Chennai,Email
2982,2025-01-30,Premium,Delhi,Paid Search
2983,2026-01-24,Corporate,Hyderabad,Email
2984,2026-02-03,Corporate,Hyderabad,Referral
2985,2025-12-16,Premium,Pune,Social
2986,2025-11-11,Retail,Mumbai,Paid Search
2987,2025-12-29,Corporate,Hyderabad,Organic
2988,2026-01-15,Corporate,Kolkata,Organic
2989,2026-03-15,Retail,Bengaluru,Social
2990,2025-07-27,Premium,Gurugram,Email
2991,2025-08-10,Retail,Hyderabad,Organic
2992,2025-11-06,Corporate,Kolkata,Organic
2993,2025-04-04,Retail,Delhi,Social
2994,2026-02-20,Premium,Kolkata,Organic
2995,2026-01-09,Retail,Hyderabad,Organic
2996,2025-11-03,Retail,Gurugram,Organic
2997,2025-05-27,Retail,Chennai,Social
2998,2025-06-18,Retail,Chennai,Social
2999,2025-07-30,Retail,Mumbai,Email
3000,2025-11-18,Corporate,Pune,Paid Search
3001,2026-01-13,Retail,Chennai,Organic
3002,2025-11-22,Premium,Kolkata,Referral
3003,2026-03-28,Retail,Hyderabad,Email
3004,2026-04-11,Retail,Pune,Paid Search
3005,2025-12-08,Premium,Mumbai,Email
3006,2025-06-29,Premium,Hyderabad,Referral
3007,2025-10-18,Retail,Hyderabad,Email
3008,2025-07-26,Premium,Delhi,Paid Search
3009,2025-11-02,Premium,Gurugram,Organic
3010,2026-01-29,Retail,Chennai,Organic
3011,2025-06-29,Corporate,Mumbai,Referral
3012,2025-09-03,Premium,Gurugram,Email
3013,2025-01-23,Retail,Chennai,Paid Search
3014,2025-12-24,Retail,Chennai,Organic
3015,2025-08-26,Retail,Gurugram,Organic
3016,2025-08-11,Retail,Hyderabad,Social
3017,2025-09-16,Premium,Bengaluru,Email
3018,2025-04-15,Premium,Pune,Paid Search
3019,2025-10-18,Retail,Gurugram,Social
3020,2025-12-28,Retail,Kolkata,Paid Search
3021,2025-06-19,Retail,Kolkata,Email
3022,2025-03-05,Retail,Kolkata,Referral
3023,2025-07-07,Corporate,Delhi,Organic
3024,2025-04-07,Retail,Hyderabad,Social
3025,2025-07-01,Retail,Bengaluru,Referral
3026,2025-11-01,Retail,Bengaluru,Email
3027,2025-02-24,Retail,Kolkata,Social
3028,2025-12-29,Premium,Hyderabad,Organic
3029,2025-04-19,Corporate,Kolkata,Social
3030,2026-03-10,Retail,Gurugram,Social
3031,2025-12-22,Retail,Hyderabad,Organic
3032,2025-05-13,Retail,Mumbai,Email
3033,2025-10-01,Retail,Chennai,Organic
3034,2025-02-23,Retail,Kolkata,Email
3035,2025-02-18,Retail,Hyderabad,Paid Search
3036,2026-04-09,Premium,Mumbai,Organic
3037,2026-01-25,Retail,Pune,Paid Search
3038,2025-03-16,Retail,Gurugram,Social
3039,2025-05-18,Retail,Pune,Email
3040,2025-04-06,Premium,Hyderabad,Paid Search
3041,2025-07-11,Retail,Hyderabad,Organic
3042,2025-05-22,Retail,Chennai,Email
3043,2025-06-09,Premium,Bengaluru,Social
3044,2025-09-14,Retail,Chennai,Organic
3045,2025-04-02,Corporate,Gurugram,Email
3046,2026-03-05,Retail,Kolkata,Organic
3047,2025-12-19,Premium,Gurugram,Organic
3048,2026-01-04,Corporate,Kolkata,Paid Search
3049,2025-03-24,Retail,Kolkata,Social
3050,2025-12-10,Retail,Delhi,Paid Search
3051,2026-02-10,Retail,Bengaluru,Email
3052,2025-03-26,Premium,Bengaluru,Organic
3053,2025-12-31,Premium,Kolkata,Email
3054,2025-06-23,Premium,Mumbai,Organic
3055,2026-01-17,Corporate,Gurugram,Organic
3056,2025-08-21,Retail,Chennai,Organic
3057,2026-01-25,Retail,Delhi,Organic
3058,2025-03-13,Retail,Chennai,Paid Search
3059,2025-07-08,Premium,Bengaluru,Email
3060,2025-05-13,Premium,Bengaluru,Referral
3061,2025-05-01,Retail,Gurugram,Referral
3062,2025-05-30,Retail,Kolkata,Organic
3063,2025-07-05,Retail,Kolkata,Email
3064,2025-03-03,Premium,Bengaluru,Paid Search
3065,2025-12-09,Corporate,Chennai,Referral
3066,2025-09-24,Retail,Bengaluru,Referral
3067,2026-02-07,Retail,Pune,Organic
3068,2025-12-08,Retail,Hyderabad,Paid Search
3069,2025-03-14,Retail,Pune,Email
3070,2025-02-03,Corporate,Chennai,Organic
3071,2025-07-25,Retail,Bengaluru,Referral
3072,2025-08-22,Retail,Delhi,Email
3073,2025-04-27,Retail,Delhi,Paid Search
3074,2026-01-15,Retail,Gurugram,Paid Search
3075,2025-10-10,Corporate,Gurugram,Paid Search
3076,2025-12-29,Retail,Chennai,Referral
3077,2025-02-22,Retail,Delhi,Paid Search
3078,2026-01-31,Retail,Pune,Paid Search
3079,2025-04-10,Corporate,Hyderabad,Organic
3080,2025-08-06,Corporate,Mumbai,Email
3081,2025-08-02,Retail,Hyderabad,Email
3082,2026-02-02,Retail,Kolkata,Social
3083,2025-05-15,Retail,Gurugram,Email
3084,2025-04-27,Retail,Kolkata,Social
3085,2025-06-14,Retail,Mumbai,Email
3086,2025-06-24,Premium,Pune,Organic
3087,2025-03-30,Corporate,Pune,Organic
3088,2025-03-27,Retail,Bengaluru,Email
3089,2025-04-23,Retail,Hyderabad,Paid Search
3090,2025-08-15,Retail,Hyderabad,Paid Search
3091,2025-06-16,Retail,Delhi,Referral
3092,2025-07-10,Retail,Hyderabad,Social
3093,2025-12-15,Retail,Bengaluru,Paid Search
3094,2025-04-27,Corporate,Bengaluru,Paid Search
3095,2026-03-18,Retail,Pune,Paid Search
3096,2025-12-31,Premium,Chennai,Organic
3097,2025-03-26,Retail,Delhi,Organic
3098,2025-06-02,Retail,Bengaluru,Paid Search
3099,2025-03-31,Retail,Delhi,Referral
3100,2025-05-13,Corporate,Kolkata,Paid Search
3101,2025-06-27,Retail,Gurugram,Paid Search
3102,2025-03-05,Retail,Hyderabad,Social
3103,2025-01-08,Premium,Gurugram,Organic
3104,2025-08-01,Premium,Chennai,Paid Search
3105,2025-12-06,Retail,Kolkata,Organic
3106,2025-05-27,Retail,Gurugram,Social
3107,2026-02-22,Retail,Pune,Organic
3108,2025-06-29,Premium,Hyderabad,Paid Search
3109,2026-03-13,Retail,Chennai,Social
3110,2025-04-25,Retail,Mumbai,Referral
3111,2025-09-19,Retail,Bengaluru,Referral
3112,2026-01-06,Retail,Pune,Email
3113,2025-01-29,Corporate,Mumbai,Social
3114,2026-03-28,Premium,Hyderabad,Paid Search
3115,2025-06-27,Retail,Kolkata,Organic
3116,2025-08-30,Corporate,Kolkata,Organic
3117,2025-11-01,Retail,Gurugram,Organic
3118,2025-11-08,Retail,Kolkata,Organic
3119,2025-01-12,Retail,Bengaluru,Paid Search
3120,2026-02-25,Premium,Chennai,Social
3121,2025-10-30,Retail,Bengaluru,Social
3122,2026-04-30,Retail,Gurugram,Paid Search
3123,2025-08-17,Premium,Mumbai,Paid Search
3124,2025-10-25,Retail,Bengaluru,Organic
3125,2025-08-02,Corporate,Gurugram,Paid Search
3126,2026-03-08,Retail,Mumbai,Paid Search
3127,2026-02-08,Retail,Pune,Paid Search
3128,2026-03-17,Retail,Bengaluru,Organic
3129,2025-09-02,Retail,Bengaluru,Email
3130,2026-01-19,Retail,Chennai,Paid Search
3131,2025-06-24,Retail,Kolkata,Social
3132,2025-08-12,Premium,Mumbai,Organic
3133,2026-01-04,Premium,Gurugram,Organic
3134,2025-02-09,Premium,Delhi,Paid Search
3135,2025-12-11,Retail,Delhi,Email
3136,2025-01-08,Retail,Gurugram,Organic
3137,2025-10-09,Retail,Delhi,Paid Search
3138,2025-08-20,Retail,Bengaluru,Email
3139,2025-08-16,Premium,Delhi,Paid Search
3140,2025-08-28,Retail,Mumbai,Paid Search
3141,2025-08-27,Retail,Delhi,Social
3142,2025-07-17,Retail,Bengaluru,Paid Search
3143,2025-08-07,Retail,Bengaluru,Email
3144,2025-10-03,Retail,Mumbai,Organic
3145,2026-01-06,Retail,Chennai,Referral
3146,2025-09-25,Retail,Delhi,Organic
3147,2025-11-08,Retail,Hyderabad,Referral
3148,2026-02-10,Retail,Bengaluru,Referral
3149,2026-04-25,Premium,Chennai,Referral
3150,2025-02-22,Retail,Bengaluru,Email
3151,2025-12-12,Retail,Hyderabad,Referral
3152,2025-04-20,Retail,Kolkata,Organic
3153,2025-04-06,Retail,Mumbai,Organic
3154,2026-01-20,Premium,Hyderabad,Paid Search
3155,2025-02-03,Retail,Pune,Paid Search
3156,2026-02-16,Corporate,Chennai,Paid Search
3157,2026-01-09,Premium,Pune,Referral
3158,2026-04-28,Retail,Chennai,Referral
3159,2025-11-20,Retail,Kolkata,Email
3160,2026-02-28,Retail,Kolkata,Paid Search
3161,2025-02-27,Retail,Pune,Referral
3162,2026-03-08,Retail,Gurugram,Referral
3163,2025-03-19,Retail,Delhi,Email
3164,2025-06-02,Retail,Hyderabad,Referral
3165,2025-03-04,Retail,Kolkata,Organic
3166,2025-07-14,Retail,Delhi,Organic
3167,2025-12-30,Retail,Kolkata,Email
3168,2025-05-11,Corporate,Delhi,Referral
3169,2026-02-03,Retail,Kolkata,Referral
3170,2025-10-22,Retail,Mumbai,Referral
3171,2025-11-02,Corporate,Chennai,Referral
3172,2026-04-01,Retail,Kolkata,Referral
3173,2025-07-29,Retail,Kolkata,Email
3174,2025-06-17,Retail,Pune,Email
3175,2026-04-28,Retail,Gurugram,Paid Search
3176,2025-09-28,Premium,Mumbai,Organic
3177,2025-10-26,Retail,Mumbai,Organic
3178,2025-05-24,Retail,Mumbai,Paid Search
3179,2025-04-15,Retail,Chennai,Referral
3180,2025-03-24,Retail,Gurugram,Referral
3181,2025-04-19,Retail,Gurugram,Paid Search
3182,2025-04-05,Premium,Pune,Paid Search
3183,2025-12-29,Retail,Mumbai,Paid Search
3184,2025-01-29,Retail,Mumbai,Referral
3185,2025-11-02,Retail,Chennai,Social
3186,2026-04-06,Corporate,Gurugram,Organic
3187,2026-01-07,Retail,Gurugram,Paid Search
3188,2025-07-15,Retail,Chennai,Social
3189,2025-01-29,Retail,Gurugram,Paid Search
3190,2026-02-09,Premium,Hyderabad,Referral
3191,2025-01-02,Retail,Mumbai,Email
3192,2025-11-27,Premium,Hyderabad,Organic
3193,2025-11-22,Retail,Delhi,Organic
3194,2025-04-04,Corporate,Chennai,Paid Search
3195,2025-12-25,Premium,Bengaluru,Organic
3196,2025-03-27,Retail,Bengaluru,Paid Search
3197,2025-04-20,Retail,Delhi,Organic
3198,2026-01-29,Retail,Gurugram,Organic
3199,2026-04-20,Retail,Hyderabad,Referral
3200,2025-05-09,Retail,Kolkata,Organic
3201,2026-03-23,Retail,Pune,Referral
3202,2026-03-19,Corporate,Chennai,Paid Search
3203,2026-01-09,Retail,Hyderabad,Paid Search
3204,2025-03-09,Retail,Chennai,Organic
3205,2025-05-26,Retail,Mumbai,Organic
3206,2025-11-25,Retail,Gurugram,Paid Search
3207,2026-04-30,Retail,Hyderabad,Referral
3208,2026-01-31,Retail,Delhi,Email
3209,2025-07-23,Retail,Gurugram,Organic
3210,2025-04-25,Corporate,Delhi,Organic
3211,2026-04-11,Retail,Hyderabad,Organic
3212,2025-05-14,Corporate,Kolkata,Referral
3213,2025-06-15,Retail,Bengaluru,Organic
3214,2026-04-13,Retail,Mumbai,Organic
3215,2025-09-30,Retail,Mumbai,Email
3216,2025-05-09,Retail,Chennai,Email
3217,2025-01-03,Premium,Pune,Social
3218,2025-07-28,Retail,Pune,Organic
3219,2026-04-24,Retail,Pune,Paid Search
3220,2025-07-29,Premium,Bengaluru,Organic
3221,2025-12-06,Retail,Gurugram,Social
3222,2025-05-03,Premium,Mumbai,Referral
3223,2026-01-12,Retail,Kolkata,Organic
3224,2026-01-12,Corporate,Kolkata,Email
3225,2025-10-23,Retail,Delhi,Paid Search
3226,2026-01-10,Retail,Mumbai,Referral
3227,2025-10-08,Retail,Pune,Organic
3228,2025-07-03,Retail,Mumbai,Paid Search
3229,2025-12-24,Corporate,Kolkata,Organic
3230,2026-02-10,Retail,Hyderabad,Referral
3231,2026-02-12,Retail,Kolkata,Organic
3232,2025-04-14,Retail,Delhi,Paid Search
3233,2025-11-25,Corporate,Delhi,Referral
3234,2025-01-03,Retail,Chennai,Referral
3235,2025-10-05,Premium,Kolkata,Social
3236,2025-10-05,Retail,Gurugram,Social
3237,2025-06-26,Corporate,Kolkata,Social
3238,2026-04-28,Retail,Chennai,Social
3239,2026-03-05,Retail,Delhi,Paid Search
3240,2025-01-19,Retail,Pune,Organic
3241,2025-04-12,Retail,Chennai,Paid Search
3242,2025-04-11,Corporate,Hyderabad,Organic
3243,2026-03-12,Corporate,Gurugram,Paid Search
3244,2025-09-09,Retail,Gurugram,Paid Search
3245,2025-12-20,Corporate,Kolkata,Organic
3246,2026-01-28,Retail,Gurugram,Referral
3247,2026-01-08,Retail,Pune,Social
3248,2025-02-13,Retail,Kolkata,Social
3249,2025-03-10,Retail,Delhi,Email
3250,2025-07-11,Retail,Mumbai,Organic
3251,2025-06-14,Retail,Chennai,Organic
3252,2025-12-29,Retail,Delhi,Organic
3253,2025-03-17,Premium,Kolkata,Paid Search
3254,2025-06-30,Premium,Mumbai,Organic
3255,2025-04-25,Retail,Bengaluru,Email
3256,2025-04-02,Retail,Bengaluru,Paid Search
3257,2025-03-25,Premium,Pune,Paid Search
3258,2025-04-05,Retail,Delhi,Paid Search
3259,2025-10-01,Premium,Kolkata,Paid Search
3260,2025-07-18,Retail,Gurugram,Referral
3261,2025-07-31,Retail,Chennai,Social
3262,2025-08-21,Retail,Mumbai,Referral
3263,2025-12-26,Premium,Bengaluru,Social
3264,2026-02-22,Corporate,Mumbai,Paid Search
3265,2025-09-13,Retail,Pune,Paid Search
3266,2025-11-08,Corporate,Gurugram,Referral
3267,2025-12-25,Corporate,Gurugram,Paid Search
3268,2025-12-01,Retail,Gurugram,Paid Search
3269,2025-03-07,Premium,Chennai,Organic
3270,2026-04-22,Retail,Mumbai,Social
3271,2025-03-21,Retail,Hyderabad,Organic
3272,2025-07-19,Retail,Bengaluru,Email
3273,2025-11-13,Corporate,Delhi,Organic
3274,2025-07-15,Premium,Kolkata,Paid Search
3275,2025-04-28,Retail,Pune,Organic
3276,2026-03-24,Retail,Gurugram,Organic
3277,2025-02-04,Retail,Kolkata,Paid Search
3278,2025-04-30,Premium,Chennai,Referral
3279,2026-04-27,Corporate,Delhi,Organic
3280,2025-12-20,Retail,Hyderabad,Organic
3281,2025-02-12,Retail,Hyderabad,Organic
3282,2026-01-01,Retail,Chennai,Paid Search
3283,2026-04-16,Retail,Pune,Email
3284,2025-02-17,Retail,Kolkata,Paid Search
3285,2025-07-20,Retail,Delhi,Referral
3286,2025-08-16,Retail,Delhi,Paid Search
3287,2025-03-05,Retail,Gurugram,Paid Search
3288,2025-04-08,Premium,Hyderabad,Referral
3289,2025-03-26,Retail,Kolkata,Organic
3290,2025-03-31,Retail,Kolkata,Email
3291,2025-07-15,Premium,Delhi,Paid Search
3292,2025-08-13,Corporate,Chennai,Paid Search
3293,2025-04-26,Retail,Mumbai,Email
3294,2025-05-21,Retail,Mumbai,Paid Search
3295,2025-04-04,Retail,Mumbai,Email
3296,2026-01-22,Retail,Kolkata,Email
3297,2025-04-13,Retail,Delhi,Organic
3298,2026-03-17,Retail,Chennai,Paid Search
3299,2025-09-19,Retail,Hyderabad,Referral
3300,2026-01-25,Retail,Bengaluru,Organic
3301,2025-11-05,Premium,Mumbai,Referral
3302,2025-05-10,Retail,Bengaluru,Organic
3303,2025-10-19,Retail,Bengaluru,Organic
3304,2025-05-13,Retail,Bengaluru,Paid Search
3305,2025-02-27,Premium,Pune,Referral
3306,2025-05-04,Retail,Gurugram,Referral
3307,2025-05-14,Retail,Hyderabad,Social
3308,2025-03-07,Retail,Mumbai,Organic
3309,2025-01-12,Retail,Pune,Paid Search
3310,2026-04-03,Corporate,Kolkata,Organic
3311,2025-09-07,Premium,Pune,Organic
3312,2025-07-14,Retail,Pune,Paid Search
3313,2026-03-28,Retail,Chennai,Social
3314,2025-04-19,Retail,Gurugram,Organic
3315,2025-07-15,Retail,Delhi,Organic
3316,2026-02-15,Retail,Gurugram,Social
3317,2025-11-03,Premium,Gurugram,Organic
3318,2025-07-13,Premium,Gurugram,Email
3319,2025-05-05,Retail,Hyderabad,Paid Search
3320,2025-01-18,Retail,Kolkata,Organic
3321,2025-02-11,Retail,Delhi,Email
3322,2025-03-20,Retail,Hyderabad,Social
3323,2026-01-17,Retail,Gurugram,Referral
3324,2025-11-07,Corporate,Bengaluru,Paid Search
3325,2025-07-30,Premium,Kolkata,Paid Search
3326,2026-01-15,Retail,Bengaluru,Social
3327,2025-03-19,Retail,Pune,Paid Search
3328,2025-04-13,Retail,Chennai,Social
3329,2025-07-10,Premium,Gurugram,Organic
3330,2026-03-21,Retail,Bengaluru,Paid Search
3331,2025-10-25,Retail,Kolkata,Organic
3332,2026-02-17,Retail,Hyderabad,Referral
3333,2025-05-01,Retail,Hyderabad,Paid Search
3334,2026-02-16,Retail,Delhi,Email
3335,2025-02-05,Retail,Delhi,Organic
3336,2025-04-21,Retail,Kolkata,Paid Search
3337,2025-09-11,Premium,Delhi,Paid Search
3338,2025-01-25,Retail,Delhi,Social
3339,2026-02-21,Retail,Mumbai,Referral
3340,2026-02-25,Premium,Bengaluru,Paid Search
3341,2025-09-20,Retail,Mumbai,Paid Search
3342,2025-05-29,Retail,Pune,Referral
3343,2025-02-17,Retail,Kolkata,Organic
3344,2025-10-28,Retail,Pune,Social
3345,2025-09-18,Premium,Chennai,Referral
3346,2026-01-04,Retail,Gurugram,Organic
3347,2025-10-20,Retail,Gurugram,Social
3348,2025-03-04,Retail,Chennai,Referral
3349,2025-03-01,Retail,Delhi,Organic
3350,2026-01-14,Retail,Kolkata,Paid Search
3351,2025-03-19,Premium,Kolkata,Paid Search
3352,2026-04-01,Premium,Bengaluru,Referral
3353,2025-02-21,Premium,Mumbai,Social
3354,2025-12-20,Retail,Mumbai,Paid Search
3355,2026-04-18,Retail,Bengaluru,Paid Search
3356,2025-08-02,Premium,Chennai,Organic
3357,2025-01-28,Retail,Gurugram,Organic
3358,2026-03-02,Retail,Mumbai,Organic
3359,2025-04-01,Premium,Hyderabad,Organic
3360,2025-09-13,Retail,Kolkata,Organic
3361,2026-04-23,Retail,Delhi,Social
3362,2025-12-28,Premium,Gurugram,Social
3363,2025-01-23,Retail,Delhi,Organic
3364,2026-02-02,Retail,Bengaluru,Social
3365,2025-03-20,Retail,Delhi,Organic
3366,2025-12-30,Corporate,Kolkata,Paid Search
3367,2025-10-29,Retail,Hyderabad,Email
3368,2025-05-20,Premium,Hyderabad,Paid Search
3369,2025-07-25,Retail,Pune,Organic
3370,2025-02-27,Retail,Bengaluru,Paid Search
3371,2026-04-24,Retail,Kolkata,Social
3372,2025-04-26,Retail,Hyderabad,Organic
3373,2025-05-30,Retail,Kolkata,Email
3374,2025-09-01,Retail,Chennai,Paid Search
3375,2025-11-23,Retail,Chennai,Organic
3376,2025-09-03,Retail,Gurugram,Paid Search
3377,2025-09-02,Premium,Pune,Social
3378,2025-10-10,Premium,Bengaluru,Paid Search
3379,2026-02-20,Retail,Chennai,Email
3380,2025-07-11,Retail,Chennai,Email
3381,2026-02-08,Retail,Hyderabad,Organic
3382,2026-01-17,Retail,Bengaluru,Organic
3383,2026-04-12,Retail,Gurugram,Paid Search
3384,2026-03-19,Retail,Bengaluru,Social
3385,2026-01-23,Retail,Delhi,Social
3386,2025-04-30,Retail,Chennai,Organic
3387,2026-01-11,Corporate,Delhi,Email
3388,2025-12-24,Retail,Kolkata,Paid Search
3389,2025-05-21,Retail,Kolkata,Referral
3390,2025-11-25,Retail,Chennai,Referral
3391,2025-05-03,Retail,Mumbai,Organic
3392,2025-09-11,Retail,Gurugram,Organic
3393,2026-01-22,Retail,Delhi,Organic
3394,2025-04-02,Premium,Delhi,Email
3395,2025-06-13,Retail,Bengaluru,Paid Search
3396,2026-01-21,Retail,Pune,Referral
3397,2025-08-09,Retail,Chennai,Paid Search
3398,2026-04-11,Premium,Bengaluru,Paid Search
3399,2025-01-04,Corporate,Gurugram,Email
3400,2025-12-17,Premium,Kolkata,Paid Search
3401,2026-01-30,Retail,Mumbai,Referral
3402,2026-03-22,Retail,Delhi,Paid Search
3403,2025-03-18,Retail,Chennai,Organic
3404,2026-04-23,Premium,Mumbai,Organic
3405,2025-07-10,Corporate,Bengaluru,Organic
3406,2025-06-20,Premium,Kolkata,Referral
3407,2025-06-22,Retail,Mumbai,Paid Search
3408,2025-11-06,Premium,Bengaluru,Paid Search
3409,2025-11-16,Premium,Gurugram,Organic
3410,2025-08-18,Retail,Chennai,Social
3411,2025-02-04,Retail,Pune,Referral
3412,2026-04-24,Retail,Gurugram,Social
3413,2025-04-18,Retail,Kolkata,Email
3414,2025-02-15,Retail,Hyderabad,Organic
3415,2025-10-17,Retail,Chennai,Organic
3416,2025-07-20,Premium,Pune,Paid Search
3417,2025-10-26,Corporate,Bengaluru,Organic
3418,2026-03-01,Premium,Gurugram,Social
3419,2025-02-17,Retail,Pune,Referral
3420,2025-05-18,Retail,Chennai,Organic
3421,2025-09-08,Retail,Hyderabad,Email
3422,2026-01-18,Premium,Mumbai,Organic
3423,2025-10-19,Retail,Delhi,Social
3424,2025-07-05,Corporate,Kolkata,Paid Search
3425,2025-10-23,Retail,Pune,Social
3426,2026-04-21,Retail,Pune,Organic
3427,2025-08-21,Premium,Delhi,Email
3428,2026-03-05,Retail,Kolkata,Email
3429,2026-01-14,Corporate,Bengaluru,Paid Search
3430,2025-05-27,Retail,Pune,Paid Search
3431,2025-05-02,Retail,Bengaluru,Social
3432,2026-01-09,Retail,Mumbai,Social
3433,2025-04-11,Premium,Mumbai,Paid Search
3434,2025-06-13,Retail,Kolkata,Social
3435,2025-04-25,Premium,Delhi,Email
3436,2025-10-22,Premium,Delhi,Social
3437,2025-05-23,Retail,Bengaluru,Organic
3438,2025-11-16,Premium,Gurugram,Email
3439,2026-03-30,Corporate,Chennai,Organic
3440,2026-02-07,Retail,Kolkata,Organic
3441,2026-04-05,Premium,Mumbai,Email
3442,2025-01-12,Retail,Gurugram,Organic
3443,2025-08-09,Retail,Delhi,Organic
3444,2025-04-17,Retail,Delhi,Social
3445,2026-03-22,Premium,Hyderabad,Referral
3446,2025-12-12,Retail,Hyderabad,Organic
3447,2025-06-05,Retail,Bengaluru,Paid Search
3448,2025-10-01,Retail,Mumbai,Organic
3449,2025-10-21,Retail,Bengaluru,Paid Search
3450,2025-08-29,Premium,Bengaluru,Paid Search
3451,2025-08-19,Corporate,Pune,Organic
3452,2025-01-27,Retail,Bengaluru,Email
3453,2025-08-08,Retail,Mumbai,Social
3454,2025-06-18,Corporate,Pune,Referral
3455,2026-02-01,Retail,Pune,Email
3456,2026-02-24,Retail,Hyderabad,Email
3457,2025-12-30,Corporate,Delhi,Referral
3458,2025-01-15,Premium,Gurugram,Paid Search
3459,2026-02-12,Retail,Pune,Referral
3460,2025-07-12,Retail,Bengaluru,Paid Search
3461,2025-07-21,Premium,Chennai,Organic
3462,2026-04-04,Retail,Hyderabad,Paid Search
3463,2026-02-25,Retail,Mumbai,Paid Search
3464,2025-01-25,Premium,Chennai,Paid Search
3465,2025-06-24,Retail,Delhi,Referral
3466,2025-12-30,Retail,Bengaluru,Paid Search
3467,2025-09-19,Retail,Chennai,Organic
3468,2025-05-05,Retail,Chennai,Organic
3469,2025-09-12,Retail,Gurugram,Email
3470,2026-02-25,Retail,Chennai,Paid Search
3471,2025-04-19,Retail,Mumbai,Paid Search
3472,2025-12-28,Premium,Chennai,Referral
3473,2025-12-23,Retail,Kolkata,Referral
3474,2026-03-06,Retail,Chennai,Paid Search
3475,2025-05-25,Retail,Chennai,Social
3476,2025-04-15,Retail,Kolkata,Organic
3477,2025-09-23,Premium,Pune,Email
3478,2025-09-15,Retail,Gurugram,Social
3479,2025-07-18,Retail,Chennai,Referral
3480,2026-01-13,Premium,Delhi,Organic
3481,2026-01-23,Retail,Mumbai,Social
3482,2025-04-30,Retail,Hyderabad,Paid Search
3483,2026-01-21,Premium,Hyderabad,Paid Search
3484,2025-04-22,Retail,Kolkata,Social
3485,2025-07-17,Premium,Chennai,Referral
3486,2025-01-14,Premium,Delhi,Paid Search
3487,2025-06-15,Corporate,Hyderabad,Email
3488,2026-04-10,Retail,Pune,Organic
3489,2025-08-03,Premium,Gurugram,Social
3490,2025-12-11,Premium,Chennai,Organic
3491,2025-02-22,Retail,Mumbai,Organic
3492,2025-11-05,Corporate,Mumbai,Email
3493,2025-06-30,Retail,Bengaluru,Organic
3494,2025-12-27,Premium,Hyderabad,Email
3495,2026-03-27,Retail,Delhi,Paid Search
3496,2025-09-15,Retail,Kolkata,Social
3497,2025-02-19,Retail,Delhi,Organic
3498,2025-08-19,Premium,Delhi,Social
3499,2025-03-01,Retail,Mumbai,Email
3500,2025-08-07,Retail,Mumbai,Social
3501,2025-01-30,Retail,Pune,Paid Search
3502,2025-11-07,Premium,Kolkata,Referral
3503,2025-05-31,Retail,Gurugram,Referral
3504,2025-04-08,Retail,Kolkata,Organic
3505,2025-01-09,Retail,Chennai,Social
3506,2026-03-07,Retail,Pune,Social
3507,2026-02-11,Retail,Bengaluru,Referral
3508,2026-01-29,Retail,Hyderabad,Paid Search
3509,2025-01-29,Corporate,Kolkata,Paid Search
3510,2025-06-19,Premium,Delhi,Email
3511,2026-04-17,Retail,Kolkata,Social
3512,2025-10-08,Retail,Kolkata,Paid Search
3513,2025-03-04,Retail,Delhi,Email
3514,2025-03-10,Corporate,Mumbai,Organic
3515,2025-05-08,Retail,Bengaluru,Paid Search
3516,2026-04-17,Retail,Gurugram,Referral
3517,2025-03-24,Corporate,Hyderabad,Referral
3518,2026-03-14,Retail,Kolkata,Email
3519,2025-11-25,Retail,Pune,Social
3520,2026-03-24,Retail,Delhi,Paid Search
3521,2026-02-05,Retail,Chennai,Paid Search
3522,2025-06-11,Retail,Chennai,Organic
3523,2026-02-06,Corporate,Kolkata,Email
3524,2025-03-24,Retail,Gurugram,Organic
3525,2025-05-22,Retail,Pune,Paid Search
3526,2025-04-13,Premium,Gurugram,Paid Search
3527,2025-03-06,Premium,Mumbai,Organic
3528,2025-02-13,Retail,Pune,Organic
3529,2025-04-01,Premium,Pune,Social
3530,2025-02-28,Retail,Mumbai,Organic
3531,2025-07-04,Retail,Pune,Email
3532,2025-02-04,Retail,Chennai,Email
3533,2025-01-30,Retail,Hyderabad,Organic
3534,2026-04-26,Corporate,Chennai,Email
3535,2025-02-12,Premium,Chennai,Paid Search
3536,2025-02-05,Retail,Pune,Organic
3537,2025-01-15,Retail,Hyderabad,Paid Search
3538,2025-03-06,Corporate,Bengaluru,Referral
3539,2025-09-14,Retail,Chennai,Social
3540,2026-02-06,Retail,Gurugram,Organic
3541,2025-12-23,Retail,Hyderabad,Referral
3542,2025-10-09,Retail,Pune,Social
3543,2025-02-11,Retail,Gurugram,Referral
3544,2026-01-11,Corporate,Bengaluru,Paid Search
3545,2025-01-19,Retail,Kolkata,Referral
3546,2025-11-02,Retail,Bengaluru,Social
3547,2025-07-18,Premium,Bengaluru,Organic
3548,2026-03-04,Retail,Bengaluru,Referral
3549,2025-05-30,Premium,Delhi,Paid Search
3550,2025-11-06,Retail,Hyderabad,Social
3551,2025-08-02,Retail,Bengaluru,Social
3552,2025-09-11,Retail,Mumbai,Paid Search
3553,2026-04-01,Premium,Kolkata,Organic
3554,2025-12-12,Premium,Pune,Social
3555,2025-07-21,Premium,Mumbai,Referral
3556,2025-08-05,Retail,Mumbai,Referral
3557,2025-12-08,Retail,Kolkata,Social
3558,2025-06-17,Premium,Bengaluru,Organic
3559,2025-03-23,Retail,Hyderabad,Paid Search
3560,2025-08-15,Premium,Delhi,Referral
3561,2025-02-03,Retail,Kolkata,Paid Search
3562,2025-03-24,Retail,Bengaluru,Referral
3563,2025-07-24,Premium,Chennai,Paid Search
3564,2026-01-22,Retail,Hyderabad,Organic
3565,2026-01-14,Retail,Kolkata,Social
3566,2025-05-07,Retail,Hyderabad,Social
3567,2025-07-24,Premium,Gurugram,Social
3568,2025-03-16,Retail,Chennai,Organic
3569,2026-01-02,Retail,Hyderabad,Referral
3570,2025-04-30,Premium,Hyderabad,Paid Search
3571,2026-01-23,Retail,Pune,Referral
3572,2026-02-13,Corporate,Chennai,Social
3573,2025-12-01,Premium,Chennai,Paid Search
3574,2025-06-10,Retail,Delhi,Social
3575,2026-04-08,Corporate,Bengaluru,Social
3576,2025-11-29,Retail,Hyderabad,Paid Search
3577,2025-11-10,Retail,Pune,Social
3578,2026-02-20,Retail,Delhi,Organic
3579,2026-03-04,Retail,Mumbai,Email
3580,2025-02-07,Retail,Hyderabad,Paid Search
3581,2026-03-04,Retail,Hyderabad,Organic
3582,2026-01-07,Retail,Pune,Referral
3583,2025-04-11,Retail,Delhi,Organic
3584,2025-05-30,Retail,Kolkata,Email
3585,2026-01-01,Premium,Bengaluru,Paid Search
3586,2025-04-16,Retail,Pune,Organic
3587,2025-08-08,Retail,Gurugram,Organic
3588,2025-12-01,Retail,Hyderabad,Organic
3589,2025-11-12,Retail,Bengaluru,Organic
3590,2026-03-18,Retail,Bengaluru,Organic
3591,2025-02-24,Retail,Chennai,Paid Search
3592,2025-05-24,Retail,Gurugram,Paid Search
3593,2026-04-23,Premium,Pune,Paid Search
3594,2025-10-03,Retail,Mumbai,Organic
3595,2025-05-01,Retail,Gurugram,Organic
3596,2025-05-21,Premium,Delhi,Organic
3597,2025-06-14,Retail,Hyderabad,Organic
3598,2025-09-26,Retail,Mumbai,Paid Search
3599,2025-05-19,Retail,Delhi,Organic
3600,2025-10-29,Retail,Gurugram,Paid Search
3601,2025-08-04,Retail,Delhi,Email
3602,2025-10-24,Retail,Gurugram,Organic
3603,2025-03-17,Retail,Pune,Organic
3604,2025-10-30,Corporate,Bengaluru,Social
3605,2026-03-25,Retail,Kolkata,Paid Search
3606,2025-03-07,Retail,Delhi,Organic
3607,2025-06-08,Retail,Chennai,Referral
3608,2025-12-03,Premium,Kolkata,Referral
3609,2025-10-27,Retail,Bengaluru,Email
3610,2025-11-24,Retail,Bengaluru,Email
3611,2025-09-29,Retail,Delhi,Social
3612,2025-11-28,Premium,Delhi,Social
3613,2025-10-23,Retail,Delhi,Paid Search
3614,2025-02-05,Retail,Hyderabad,Email
3615,2025-12-31,Retail,Pune,Social
3616,2025-08-05,Retail,Hyderabad,Paid Search
3617,2025-01-25,Retail,Chennai,Organic
3618,2025-07-18,Retail,Bengaluru,Social
3619,2025-07-31,Retail,Kolkata,Paid Search
3620,2025-02-12,Premium,Chennai,Referral
3621,2026-04-29,Corporate,Gurugram,Organic
3622,2025-04-18,Retail,Chennai,Referral
3623,2025-06-10,Retail,Mumbai,Organic
3624,2025-08-02,Retail,Pune,Social
3625,2026-02-08,Retail,Chennai,Paid Search
3626,2025-12-27,Retail,Delhi,Paid Search
3627,2026-01-09,Retail,Delhi,Paid Search
3628,2025-04-25,Premium,Delhi,Organic
3629,2026-02-15,Retail,Mumbai,Organic
3630,2026-02-07,Premium,Gurugram,Referral
3631,2025-08-13,Retail,Mumbai,Organic
3632,2025-09-22,Retail,Mumbai,Referral
3633,2025-01-19,Retail,Hyderabad,Referral
3634,2026-01-04,Retail,Hyderabad,Organic
3635,2026-04-12,Retail,Gurugram,Email
3636,2025-08-18,Retail,Delhi,Referral
3637,2025-09-20,Retail,Kolkata,Referral
3638,2025-08-31,Retail,Mumbai,Referral
3639,2025-02-10,Retail,Bengaluru,Social
3640,2025-10-28,Retail,Hyderabad,Email
3641,2025-12-16,Retail,Gurugram,Organic
3642,2026-03-27,Corporate,Mumbai,Organic
3643,2026-03-27,Retail,Bengaluru,Social
3644,2025-08-27,Retail,Chennai,Organic
3645,2026-04-11,Retail,Chennai,Social
3646,2025-09-14,Retail,Bengaluru,Paid Search
3647,2025-11-08,Retail,Mumbai,Paid Search
3648,2025-10-19,Retail,Kolkata,Email
3649,2026-04-30,Retail,Gurugram,Organic
3650,2025-12-24,Retail,Pune,Organic
3651,2025-02-28,Retail,Kolkata,Social
3652,2025-02-04,Corporate,Bengaluru,Referral
3653,2025-07-18,Corporate,Kolkata,Referral
3654,2025-09-08,Retail,Kolkata,Organic
3655,2025-11-21,Retail,Gurugram,Email
3656,2025-08-22,Retail,Gurugram,Social
3657,2025-09-07,Retail,Bengaluru,Referral
3658,2026-03-24,Retail,Delhi,Organic
3659,2025-06-12,Retail,Chennai,Paid Search
3660,2025-08-28,Retail,Chennai,Paid Search
3661,2025-09-28,Retail,Chennai,Social
3662,2025-08-16,Retail,Chennai,Organic
3663,2026-04-15,Corporate,Delhi,Paid Search
3664,2026-04-12,Corporate,Chennai,Social
3665,2025-09-06,Retail,Hyderabad,Paid Search
3666,2025-08-07,Retail,Delhi,Paid Search
3667,2025-10-13,Retail,Kolkata,Organic
3668,2025-03-29,Retail,Delhi,Email
3669,2025-07-26,Retail,Mumbai,Social
3670,2025-04-16,Premium,Bengaluru,Social
3671,2025-03-11,Retail,Kolkata,Email
3672,2025-02-16,Retail,Delhi,Social
3673,2025-10-12,Corporate,Hyderabad,Organic
3674,2025-01-01,Retail,Bengaluru,Social
3675,2025-11-10,Retail,Hyderabad,Email
3676,2025-07-29,Premium,Kolkata,Organic
3677,2025-06-27,Premium,Bengaluru,Social
3678,2026-01-09,Retail,Bengaluru,Organic
3679,2025-09-19,Premium,Hyderabad,Referral
3680,2025-12-22,Retail,Hyderabad,Social
3681,2025-12-11,Retail,Gurugram,Email
3682,2025-01-16,Retail,Bengaluru,Social
3683,2025-04-15,Premium,Delhi,Organic
3684,2025-10-04,Premium,Hyderabad,Paid Search
3685,2026-04-19,Retail,Delhi,Email
3686,2025-03-16,Retail,Kolkata,Organic
3687,2025-02-21,Premium,Gurugram,Organic
3688,2026-04-02,Retail,Kolkata,Referral
3689,2026-04-14,Retail,Kolkata,Paid Search
3690,2025-03-23,Premium,Hyderabad,Organic
3691,2025-07-14,Retail,Chennai,Organic
3692,2025-10-31,Retail,Hyderabad,Paid Search
3693,2025-04-05,Retail,Kolkata,Social
3694,2025-06-08,Retail,Mumbai,Paid Search
3695,2025-07-11,Premium,Mumbai,Paid Search
3696,2025-11-08,Retail,Gurugram,Referral
3697,2025-05-30,Retail,Bengaluru,Organic
3698,2025-07-19,Retail,Bengaluru,Social
3699,2025-05-21,Retail,Chennai,Paid Search
3700,2026-01-04,Retail,Bengaluru,Paid Search
3701,2025-03-16,Retail,Chennai,Social
3702,2025-04-22,Retail,Hyderabad,Social
3703,2025-05-02,Retail,Kolkata,Email
3704,2026-03-16,Retail,Delhi,Organic
3705,2026-04-04,Retail,Chennai,Organic
3706,2025-08-31,Retail,Bengaluru,Paid Search
3707,2025-03-17,Retail,Hyderabad,Paid Search
3708,2026-01-02,Retail,Gurugram,Organic
3709,2025-08-27,Retail,Hyderabad,Email
3710,2026-02-17,Retail,Delhi,Referral
3711,2025-06-24,Premium,Hyderabad,Paid Search
3712,2026-04-30,Retail,Mumbai,Paid Search
3713,2026-01-27,Premium,Hyderabad,Organic
3714,2025-04-19,Premium,Mumbai,Paid Search
3715,2025-12-18,Retail,Chennai,Social
3716,2025-05-20,Retail,Mumbai,Email
3717,2025-06-19,Retail,Hyderabad,Paid Search
3718,2025-05-02,Retail,Gurugram,Organic
3719,2025-11-27,Retail,Chennai,Organic
3720,2025-05-08,Retail,Chennai,Organic
3721,2025-11-06,Premium,Kolkata,Email
3722,2025-10-10,Retail,Gurugram,Referral
3723,2025-12-31,Premium,Gurugram,Referral
3724,2026-04-27,Premium,Kolkata,Referral
3725,2025-01-05,Retail,Bengaluru,Organic
3726,2026-04-26,Corporate,Pune,Social
3727,2025-02-23,Corporate,Kolkata,Social
3728,2025-09-13,Retail,Pune,Organic
3729,2025-06-15,Retail,Mumbai,Paid Search
3730,2025-11-06,Retail,Pune,Social
3731,2025-12-17,Retail,Mumbai,Email
3732,2026-02-22,Retail,Chennai,Organic
3733,2025-07-14,Retail,Kolkata,Email
3734,2026-03-29,Retail,Chennai,Email
3735,2025-06-06,Premium,Pune,Email
3736,2025-04-09,Retail,Pune,Organic
3737,2025-07-03,Retail,Pune,Organic
3738,2025-09-14,Retail,Hyderabad,Social
3739,2025-11-21,Premium,Mumbai,Paid Search
3740,2026-02-08,Retail,Chennai,Organic
3741,2025-04-20,Retail,Bengaluru,Referral
3742,2025-05-28,Retail,Mumbai,Organic
3743,2026-04-01,Retail,Kolkata,Paid Search
3744,2025-08-02,Premium,Pune,Email
3745,2025-04-28,Retail,Pune,Paid Search
3746,2026-04-24,Retail,Pune,Email
3747,2025-08-06,Retail,Delhi,Paid Search
3748,2026-04-23,Premium,Pune,Paid Search
3749,2026-03-22,Premium,Pune,Organic
3750,2026-03-16,Retail,Pune,Paid Search
3751,2025-10-10,Premium,Delhi,Paid Search
3752,2026-01-23,Retail,Kolkata,Referral
3753,2026-04-11,Premium,Pune,Email
3754,2025-05-11,Premium,Kolkata,Organic
3755,2025-01-19,Retail,Pune,Organic
3756,2025-06-05,Retail,Bengaluru,Social
3757,2025-11-05,Retail,Kolkata,Paid Search
3758,2025-09-23,Retail,Bengaluru,Organic
3759,2025-02-09,Retail,Hyderabad,Organic
3760,2025-09-29,Retail,Delhi,Organic
3761,2025-03-26,Retail,Mumbai,Paid Search
3762,2025-09-03,Retail,Delhi,Organic
3763,2025-10-07,Retail,Hyderabad,Referral
3764,2025-11-05,Retail,Bengaluru,Paid Search
3765,2025-07-20,Retail,Bengaluru,Paid Search
3766,2025-07-18,Retail,Kolkata,Paid Search
3767,2025-11-26,Premium,Chennai,Organic
3768,2025-12-30,Corporate,Kolkata,Email
3769,2026-01-27,Retail,Kolkata,Social
3770,2025-06-11,Retail,Mumbai,Email
3771,2025-07-25,Retail,Pune,Paid Search
3772,2025-06-10,Corporate,Kolkata,Paid Search
3773,2025-09-13,Retail,Bengaluru,Organic
3774,2025-03-03,Premium,Hyderabad,Paid Search
3775,2025-07-28,Retail,Pune,Social
3776,2025-04-02,Retail,Kolkata,Paid Search
3777,2025-09-16,Retail,Mumbai,Organic
3778,2026-02-17,Premium,Hyderabad,Organic
3779,2026-04-23,Premium,Mumbai,Organic
3780,2025-08-05,Retail,Chennai,Paid Search
3781,2025-01-28,Retail,Mumbai,Social
3782,2025-04-21,Retail,Bengaluru,Email
3783,2025-02-20,Corporate,Bengaluru,Organic
3784,2026-01-04,Retail,Delhi,Organic
3785,2026-04-23,Premium,Chennai,Organic
3786,2025-09-26,Retail,Bengaluru,Organic
3787,2025-03-27,Retail,Hyderabad,Social
3788,2025-01-11,Retail,Chennai,Organic
3789,2026-04-19,Retail,Kolkata,Email
3790,2025-06-03,Premium,Gurugram,Email
3791,2025-02-24,Premium,Mumbai,Paid Search
3792,2025-03-27,Premium,Chennai,Email
3793,2025-05-04,Retail,Bengaluru,Social
3794,2025-11-15,Premium,Kolkata,Email
3795,2026-03-09,Retail,Hyderabad,Organic
3796,2025-05-14,Retail,Delhi,Email
3797,2025-11-30,Retail,Kolkata,Organic
3798,2025-02-01,Retail,Kolkata,Paid Search
3799,2025-01-05,Retail,Bengaluru,Email
3800,2025-01-27,Retail,Kolkata,Paid Search
3801,2026-03-24,Retail,Hyderabad,Organic
3802,2025-10-10,Retail,Hyderabad,Organic
3803,2026-01-26,Retail,Bengaluru,Organic
3804,2025-01-11,Retail,Hyderabad,Paid Search
3805,2025-01-11,Premium,Gurugram,Paid Search
3806,2026-02-16,Retail,Delhi,Paid Search
3807,2025-02-19,Retail,Pune,Referral
3808,2025-03-17,Premium,Mumbai,Organic
3809,2025-09-09,Premium,Delhi,Referral
3810,2025-10-22,Premium,Delhi,Social
3811,2025-04-22,Premium,Bengaluru,Referral
3812,2025-08-04,Corporate,Chennai,Referral
3813,2025-11-24,Retail,Chennai,Email
3814,2025-08-03,Corporate,Kolkata,Organic
3815,2025-07-05,Corporate,Mumbai,Social
3816,2025-02-04,Retail,Delhi,Email
3817,2025-08-08,Premium,Gurugram,Referral
3818,2026-01-25,Premium,Gurugram,Organic
3819,2025-10-31,Premium,Chennai,Social
3820,2026-03-10,Premium,Kolkata,Referral
3821,2025-03-03,Retail,Kolkata,Organic
3822,2025-01-06,Retail,Pune,Social
3823,2025-09-23,Retail,Hyderabad,Referral
3824,2025-03-28,Premium,Gurugram,Paid Search
3825,2025-10-16,Premium,Chennai,Organic
3826,2026-03-15,Premium,Gurugram,Paid Search
3827,2025-06-13,Premium,Mumbai,Social
3828,2025-09-24,Corporate,Mumbai,Paid Search
3829,2025-11-27,Retail,Chennai,Social
3830,2025-03-14,Corporate,Gurugram,Paid Search
3831,2026-03-12,Retail,Pune,Email
3832,2025-04-09,Retail,Hyderabad,Referral
3833,2026-01-28,Retail,Delhi,Referral
3834,2025-11-17,Retail,Mumbai,Paid Search
3835,2025-03-10,Retail,Mumbai,Organic
3836,2025-12-18,Retail,Mumbai,Referral
3837,2025-04-06,Retail,Chennai,Organic
3838,2025-10-18,Premium,Chennai,Paid Search
3839,2026-04-11,Retail,Hyderabad,Organic
3840,2026-04-08,Retail,Gurugram,Paid Search
3841,2026-02-27,Retail,Hyderabad,Social
3842,2025-08-28,Retail,Hyderabad,Paid Search
3843,2025-09-29,Retail,Pune,Paid Search
3844,2025-05-26,Retail,Pune,Organic
3845,2026-03-23,Premium,Mumbai,Paid Search
3846,2025-08-20,Retail,Bengaluru,Paid Search
3847,2026-01-10,Premium,Chennai,Email
3848,2025-06-24,Retail,Kolkata,Email
3849,2025-12-26,Premium,Hyderabad,Email
3850,2025-04-19,Corporate,Delhi,Organic
3851,2025-12-22,Retail,Kolkata,Organic
3852,2025-01-23,Retail,Pune,Paid Search
3853,2025-02-20,Retail,Hyderabad,Social
3854,2025-06-20,Retail,Pune,Social
3855,2025-08-22,Retail,Kolkata,Referral
3856,2025-12-12,Retail,Delhi,Paid Search
3857,2025-06-24,Premium,Bengaluru,Social
3858,2025-01-09,Corporate,Gurugram,Email
3859,2025-06-07,Retail,Bengaluru,Organic
3860,2025-08-02,Retail,Gurugram,Referral
3861,2025-09-21,Retail,Bengaluru,Referral
3862,2025-11-09,Retail,Hyderabad,Organic
3863,2025-05-01,Premium,Delhi,Email
3864,2025-10-24,Retail,Chennai,Email
3865,2025-11-03,Retail,Mumbai,Referral
3866,2026-01-12,Retail,Kolkata,Organic
3867,2025-09-11,Retail,Mumbai,Organic
3868,2026-01-29,Retail,Delhi,Social
3869,2025-04-18,Retail,Hyderabad,Organic
3870,2025-12-12,Retail,Delhi,Organic
3871,2025-01-23,Retail,Bengaluru,Paid Search
3872,2025-02-19,Premium,Chennai,Organic
3873,2026-02-24,Retail,Pune,Referral
3874,2025-08-19,Premium,Pune,Paid Search
3875,2025-10-29,Retail,Delhi,Organic
3876,2025-10-20,Retail,Chennai,Paid Search
3877,2025-12-04,Premium,Delhi,Organic
3878,2025-04-30,Retail,Pune,Organic
3879,2025-03-28,Retail,Kolkata,Paid Search
3880,2025-01-21,Retail,Chennai,Paid Search
3881,2026-02-24,Premium,Bengaluru,Paid Search
3882,2025-04-19,Corporate,Mumbai,Social
3883,2025-10-06,Retail,Kolkata,Paid Search
3884,2025-08-09,Retail,Mumbai,Social
3885,2025-03-20,Retail,Hyderabad,Paid Search
3886,2025-07-20,Retail,Mumbai,Referral
3887,2025-02-10,Retail,Delhi,Social
3888,2025-03-27,Retail,Hyderabad,Organic
3889,2025-03-09,Premium,Pune,Social
3890,2026-02-04,Retail,Kolkata,Referral
3891,2025-10-03,Premium,Chennai,Organic
3892,2026-03-25,Premium,Kolkata,Social
3893,2025-07-31,Premium,Kolkata,Referral
3894,2025-04-08,Retail,Hyderabad,Organic
3895,2025-10-23,Retail,Bengaluru,Email
3896,2026-03-27,Retail,Pune,Paid Search
3897,2025-09-16,Retail,Hyderabad,Referral
3898,2025-01-09,Retail,Bengaluru,Email
3899,2025-05-28,Retail,Delhi,Email
3900,2026-03-25,Retail,Hyderabad,Social
3901,2025-09-09,Retail,Hyderabad,Social
3902,2026-04-07,Premium,Gurugram,Organic
3903,2025-09-04,Premium,Kolkata,Organic
3904,2025-01-06,Retail,Bengaluru,Email
3905,2026-02-28,Corporate,Delhi,Paid Search
3906,2026-01-06,Retail,Kolkata,Referral
3907,2025-12-13,Retail,Hyderabad,Organic
3908,2026-04-16,Premium,Delhi,Organic
3909,2025-04-06,Retail,Kolkata,Organic
3910,2026-03-16,Retail,Bengaluru,Paid Search
3911,2025-04-23,Retail,Mumbai,Organic
3912,2026-04-16,Retail,Chennai,Paid Search
3913,2025-04-03,Retail,Kolkata,Email
3914,2025-09-24,Retail,Kolkata,Referral
3915,2026-01-18,Retail,Bengaluru,Referral
3916,2025-02-07,Retail,Pune,Organic
3917,2025-02-02,Retail,Hyderabad,Paid Search
3918,2026-02-17,Retail,Kolkata,Social
3919,2025-01-30,Premium,Mumbai,Organic
3920,2025-10-25,Premium,Kolkata,Paid Search
3921,2026-04-01,Retail,Bengaluru,Email
3922,2025-10-26,Premium,Pune,Organic
3923,2025-08-22,Retail,Pune,Email
3924,2025-07-22,Retail,Bengaluru,Organic
3925,2025-11-06,Retail,Mumbai,Organic
3926,2025-10-05,Retail,Bengaluru,Organic
3927,2025-09-01,Premium,Pune,Email
3928,2025-03-16,Corporate,Pune,Social
3929,2025-11-18,Retail,Pune,Referral
3930,2025-12-25,Retail,Chennai,Paid Search
3931,2025-12-10,Retail,Delhi,Email
3932,2025-02-06,Retail,Hyderabad,Social
3933,2025-12-07,Retail,Bengaluru,Social
3934,2025-12-20,Corporate,Hyderabad,Referral
3935,2025-03-30,Premium,Hyderabad,Referral
3936,2026-02-16,Corporate,Mumbai,Social
3937,2025-09-12,Retail,Gurugram,Organic
3938,2025-08-18,Retail,Delhi,Email
3939,2025-12-17,Retail,Pune,Organic
3940,2025-09-05,Corporate,Hyderabad,Email
3941,2025-09-22,Retail,Chennai,Paid Search
3942,2025-06-01,Retail,Kolkata,Organic
3943,2026-03-27,Retail,Chennai,Paid Search
3944,2026-04-16,Premium,Kolkata,Social
3945,2025-03-05,Premium,Bengaluru,Paid Search
3946,2025-12-22,Retail,Gurugram,Referral
3947,2025-01-12,Retail,Delhi,Social
3948,2025-06-28,Premium,Chennai,Organic
3949,2026-04-16,Retail,Mumbai,Paid Search
3950,2025-03-26,Retail,Mumbai,Referral
3951,2025-07-02,Retail,Kolkata,Email
3952,2025-04-17,Retail,Chennai,Paid Search
3953,2025-12-20,Retail,Chennai,Email
3954,2025-08-14,Corporate,Kolkata,Organic
3955,2025-10-15,Retail,Bengaluru,Social
3956,2026-04-03,Retail,Chennai,Referral
3957,2025-09-10,Retail,Mumbai,Paid Search
3958,2025-12-23,Retail,Hyderabad,Organic
3959,2025-02-17,Retail,Hyderabad,Social
3960,2025-04-15,Retail,Pune,Paid Search
3961,2026-04-05,Retail,Delhi,Organic
3962,2026-02-21,Retail,Delhi,Organic
3963,2025-11-15,Premium,Delhi,Referral
3964,2025-07-03,Retail,Bengaluru,Organic
3965,2025-04-07,Retail,Pune,Paid Search
3966,2026-02-18,Retail,Mumbai,Email
3967,2026-01-16,Retail,Gurugram,Referral
3968,2025-04-28,Retail,Hyderabad,Paid Search
3969,2025-10-14,Premium,Bengaluru,Paid Search
3970,2025-10-28,Retail,Gurugram,Organic
3971,2025-08-20,Premium,Mumbai,Paid Search
3972,2026-03-26,Retail,Mumbai,Organic
3973,2025-03-02,Premium,Hyderabad,Organic
3974,2025-05-06,Retail,Delhi,Organic
3975,2025-02-16,Retail,Chennai,Social
3976,2025-12-03,Retail,Kolkata,Organic
3977,2025-11-09,Retail,Bengaluru,Organic
3978,2026-04-24,Premium,Kolkata,Email
3979,2025-09-21,Premium,Delhi,Organic
3980,2025-03-15,Retail,Pune,Social
3981,2025-08-07,Retail,Chennai,Paid Search
3982,2025-02-12,Retail,Hyderabad,Social
3983,2025-11-22,Retail,Gurugram,Organic
3984,2025-11-23,Premium,Hyderabad,Organic
3985,2026-02-20,Retail,Gurugram,Referral
3986,2025-06-14,Premium,Chennai,Paid Search
3987,2025-05-31,Retail,Mumbai,Organic
3988,2025-02-04,Corporate,Kolkata,Paid Search
3989,2025-07-21,Retail,Delhi,Paid Search
3990,2025-08-19,Retail,Mumbai,Organic
3991,2026-01-01,Premium,Kolkata,Paid Search
3992,2026-01-01,Retail,Gurugram,Paid Search
3993,2025-03-10,Retail,Hyderabad,Social
3994,2025-05-19,Retail,Chennai,Referral
3995,2025-09-06,Retail,Chennai,Paid Search
3996,2025-06-12,Corporate,Chennai,Email
3997,2025-01-13,Premium,Gurugram,Paid Search
3998,2026-02-15,Retail,Delhi,Paid Search
3999,2025-12-21,Corporate,Mumbai,Social
4000,2025-09-10,Retail,Gurugram,Social
4001,2025-06-03,Premium,Pune,Organic
4002,2026-02-13,Retail,Pune,Email
4003,2025-01-18,Retail,Hyderabad,Email
4004,2025-08-05,Retail,Bengaluru,Organic
4005,2026-01-24,Retail,Mumbai,Social
4006,2026-04-08,Premium,Hyderabad,Referral
4007,2025-05-02,Retail,Delhi,Email
4008,2025-11-12,Retail,Bengaluru,Social
4009,2025-04-02,Retail,Gurugram,Organic
4010,2025-02-26,Retail,Mumbai,Social
4011,2025-06-21,Retail,Chennai,Organic
4012,2026-03-06,Retail,Delhi,Social
4013,2025-12-01,Premium,Chennai,Social
4014,2025-08-26,Retail,Bengaluru,Social
4015,2025-05-18,Corporate,Chennai,Organic
4016,2025-03-10,Premium,Hyderabad,Paid Search
4017,2025-05-12,Retail,Kolkata,Social
4018,2025-03-16,Retail,Chennai,Paid Search
4019,2025-04-01,Premium,Pune,Organic
4020,2025-11-30,Premium,Chennai,Organic
4021,2025-03-06,Retail,Gurugram,Email
4022,2025-01-23,Corporate,Pune,Paid Search
4023,2025-09-21,Premium,Mumbai,Social
4024,2025-05-19,Retail,Delhi,Paid Search
4025,2025-08-09,Premium,Pune,Referral
4026,2025-03-09,Retail,Hyderabad,Paid Search
4027,2025-04-12,Premium,Pune,Organic
4028,2025-08-02,Premium,Chennai,Organic
4029,2025-12-01,Retail,Mumbai,Organic
4030,2025-07-20,Retail,Chennai,Referral
4031,2025-09-20,Retail,Gurugram,Social
4032,2025-09-11,Premium,Bengaluru,Referral
4033,2025-05-11,Retail,Gurugram,Referral
4034,2025-05-16,Premium,Gurugram,Referral
4035,2025-07-26,Retail,Hyderabad,Email
4036,2025-01-16,Retail,Kolkata,Social
4037,2025-11-29,Premium,Gurugram,Organic
4038,2025-10-25,Retail,Kolkata,Organic
4039,2025-05-29,Retail,Hyderabad,Social
4040,2025-07-01,Retail,Chennai,Referral
4041,2025-06-09,Retail,Pune,Social
4042,2025-11-12,Retail,Hyderabad,Paid Search
4043,2026-01-04,Retail,Chennai,Referral
4044,2025-02-22,Retail,Gurugram,Paid Search
4045,2025-07-20,Retail,Delhi,Organic
4046,2025-01-07,Retail,Gurugram,Referral
4047,2025-08-08,Retail,Bengaluru,Social
4048,2025-05-01,Retail,Kolkata,Organic
4049,2025-06-12,Corporate,Delhi,Paid Search
4050,2025-08-10,Retail,Gurugram,Social
4051,2025-06-07,Retail,Hyderabad,Paid Search
4052,2025-07-11,Retail,Gurugram,Organic
4053,2026-01-06,Premium,Hyderabad,Social
4054,2026-01-28,Premium,Chennai,Social
4055,2025-01-03,Premium,Pune,Organic
4056,2025-07-03,Corporate,Mumbai,Paid Search
4057,2026-02-15,Retail,Mumbai,Social
4058,2025-09-15,Corporate,Pune,Paid Search
4059,2025-04-10,Retail,Hyderabad,Paid Search
4060,2025-10-15,Premium,Pune,Paid Search
4061,2025-03-12,Premium,Kolkata,Paid Search
4062,2025-01-11,Premium,Kolkata,Referral
4063,2025-11-03,Retail,Delhi,Paid Search
4064,2025-09-07,Premium,Hyderabad,Email
4065,2026-01-02,Retail,Mumbai,Paid Search
4066,2025-06-17,Retail,Pune,Social
4067,2026-02-19,Retail,Pune,Paid Search
4068,2025-07-24,Retail,Gurugram,Referral
4069,2025-12-24,Retail,Hyderabad,Email
4070,2025-02-18,Retail,Hyderabad,Paid Search
4071,2025-02-17,Retail,Pune,Paid Search
4072,2026-01-15,Retail,Mumbai,Email
4073,2026-02-09,Retail,Delhi,Email
4074,2026-04-03,Retail,Chennai,Email
4075,2025-06-07,Premium,Bengaluru,Organic
4076,2025-01-11,Retail,Bengaluru,Organic
4077,2026-04-21,Premium,Gurugram,Paid Search
4078,2025-10-19,Retail,Mumbai,Referral
4079,2025-04-30,Retail,Gurugram,Organic
4080,2026-01-06,Retail,Chennai,Paid Search
4081,2026-03-15,Retail,Bengaluru,Social
4082,2025-05-19,Retail,Gurugram,Organic
4083,2026-01-09,Retail,Pune,Referral
4084,2026-01-17,Retail,Bengaluru,Organic
4085,2025-09-01,Retail,Hyderabad,Referral
4086,2025-11-03,Retail,Bengaluru,Paid Search
4087,2025-05-11,Retail,Kolkata,Social
4088,2026-03-27,Premium,Hyderabad,Paid Search
4089,2026-04-22,Retail,Delhi,Organic
4090,2026-04-21,Retail,Chennai,Paid Search
4091,2025-12-24,Retail,Kolkata,Referral
4092,2025-01-21,Retail,Hyderabad,Paid Search
4093,2025-06-27,Retail,Gurugram,Organic
4094,2025-08-04,Retail,Hyderabad,Referral
4095,2026-04-11,Retail,Bengaluru,Organic
4096,2025-09-23,Retail,Chennai,Paid Search
4097,2025-09-18,Retail,Mumbai,Paid Search
4098,2025-03-13,Retail,Gurugram,Paid Search
4099,2026-01-20,Retail,Chennai,Organic
4100,2025-06-13,Corporate,Bengaluru,Organic
4101,2025-02-14,Retail,Delhi,Organic
4102,2026-04-25,Retail,Pune,Paid Search
4103,2025-04-03,Retail,Pune,Social
4104,2025-01-08,Premium,Kolkata,Social
4105,2025-02-07,Premium,Bengaluru,Organic
4106,2025-08-08,Premium,Mumbai,Organic
4107,2025-02-19,Retail,Hyderabad,Social
4108,2026-02-13,Retail,Kolkata,Paid Search
4109,2025-09-06,Premium,Gurugram,Referral
4110,2025-06-07,Retail,Bengaluru,Organic
4111,2025-01-02,Corporate,Delhi,Organic
4112,2025-08-21,Retail,Delhi,Paid Search
4113,2025-03-15,Retail,Pune,Social
4114,2026-04-20,Retail,Delhi,Paid Search
4115,2025-05-22,Retail,Chennai,Organic
4116,2025-08-19,Premium,Delhi,Organic
4117,2025-01-10,Retail,Hyderabad,Social
4118,2025-03-05,Retail,Kolkata,Organic
4119,2025-04-11,Retail,Hyderabad,Social
4120,2025-01-26,Premium,Chennai,Organic
4121,2025-12-19,Retail,Bengaluru,Paid Search
4122,2026-04-04,Corporate,Kolkata,Organic
4123,2026-04-23,Premium,Hyderabad,Email
4124,2025-05-09,Retail,Kolkata,Organic
4125,2026-01-18,Premium,Gurugram,Organic
4126,2025-09-02,Corporate,Hyderabad,Referral
4127,2025-01-23,Retail,Mumbai,Organic
4128,2025-02-13,Retail,Gurugram,Organic
4129,2025-09-23,Retail,Chennai,Organic
4130,2025-07-25,Retail,Gurugram,Social
4131,2025-01-05,Retail,Hyderabad,Paid Search
4132,2026-03-28,Premium,Bengaluru,Referral
4133,2025-12-21,Retail,Delhi,Referral
4134,2025-09-01,Retail,Kolkata,Paid Search
4135,2026-04-24,Retail,Kolkata,Organic
4136,2026-04-17,Retail,Kolkata,Referral
4137,2026-04-18,Retail,Bengaluru,Email
4138,2025-05-06,Retail,Hyderabad,Referral
4139,2026-03-04,Retail,Hyderabad,Organic
4140,2025-09-02,Retail,Delhi,Social
4141,2025-12-19,Retail,Delhi,Social
4142,2026-02-21,Corporate,Bengaluru,Email
4143,2025-03-21,Retail,Pune,Organic
4144,2025-08-06,Retail,Gurugram,Referral
4145,2025-03-04,Retail,Kolkata,Social
4146,2025-05-16,Premium,Chennai,Email
4147,2025-07-20,Retail,Gurugram,Social
4148,2026-02-19,Retail,Kolkata,Email
4149,2026-02-23,Retail,Pune,Paid Search
4150,2025-07-09,Retail,Gurugram,Organic
4151,2025-06-09,Retail,Gurugram,Paid Search
4152,2025-09-15,Retail,Mumbai,Referral
4153,2026-03-19,Retail,Bengaluru,Organic
4154,2026-04-19,Corporate,Gurugram,Social
4155,2025-04-20,Retail,Delhi,Email
4156,2025-04-01,Premium,Pune,Email
4157,2025-12-09,Retail,Hyderabad,Social
4158,2025-05-27,Retail,Chennai,Referral
4159,2025-04-07,Retail,Gurugram,Organic
4160,2025-01-16,Retail,Bengaluru,Paid Search
4161,2025-07-15,Retail,Mumbai,Paid Search
4162,2025-07-10,Premium,Bengaluru,Referral
4163,2025-10-01,Retail,Chennai,Organic
4164,2025-04-08,Retail,Bengaluru,Organic
4165,2025-12-13,Retail,Chennai,Social
4166,2025-11-26,Retail,Bengaluru,Paid Search
4167,2025-08-13,Retail,Chennai,Referral
4168,2025-03-29,Retail,Delhi,Paid Search
4169,2025-09-03,Retail,Bengaluru,Referral
4170,2025-11-24,Retail,Bengaluru,Paid Search
4171,2025-06-30,Retail,Pune,Referral
4172,2025-05-08,Retail,Chennai,Referral
4173,2025-09-03,Retail,Chennai,Organic
4174,2025-06-22,Retail,Gurugram,Paid Search
4175,2025-07-14,Premium,Kolkata,Email
4176,2025-06-19,Corporate,Delhi,Organic
4177,2025-05-28,Retail,Chennai,Social
4178,2025-12-14,Retail,Delhi,Organic
4179,2025-08-12,Premium,Hyderabad,Referral
4180,2025-08-15,Retail,Pune,Organic
4181,2025-11-13,Retail,Bengaluru,Social
4182,2025-06-25,Retail,Chennai,Social
4183,2025-02-19,Retail,Kolkata,Organic
4184,2026-02-18,Corporate,Pune,Paid Search
4185,2025-01-28,Premium,Pune,Email
4186,2025-10-05,Corporate,Gurugram,Social
4187,2025-05-09,Premium,Chennai,Email
4188,2025-04-14,Retail,Mumbai,Referral
4189,2025-01-21,Premium,Chennai,Social
4190,2026-03-13,Retail,Hyderabad,Social
4191,2025-07-28,Retail,Delhi,Email
4192,2025-06-16,Retail,Gurugram,Paid Search
4193,2025-12-26,Retail,Kolkata,Paid Search
4194,2025-01-19,Retail,Pune,Referral
4195,2025-10-01,Retail,Chennai,Email
4196,2025-08-28,Retail,Pune,Paid Search
4197,2025-09-26,Retail,Bengaluru,Organic
4198,2025-03-02,Retail,Gurugram,Social
4199,2026-04-07,Retail,Pune,Referral
4200,2025-04-26,Retail,Bengaluru,Paid Search
4201,2025-11-26,Retail,Chennai,Referral
4202,2025-12-29,Corporate,Mumbai,Paid Search
4203,2025-06-16,Retail,Bengaluru,Paid Search
4204,2025-03-05,Retail,Mumbai,Social
4205,2025-05-24,Retail,Delhi,Paid Search
4206,2026-01-27,Premium,Kolkata,Referral
4207,2026-03-16,Retail,Hyderabad,Organic
4208,2026-03-31,Retail,Kolkata,Referral
4209,2025-04-20,Retail,Chennai,Paid Search
4210,2025-10-22,Premium,Mumbai,Email
4211,2025-03-15,Corporate,Mumbai,Referral
4212,2025-12-11,Retail,Hyderabad,Organic
4213,2025-07-21,Retail,Delhi,Email
4214,2025-12-13,Retail,Pune,Paid Search
4215,2025-11-29,Retail,Hyderabad,Paid Search
4216,2026-04-27,Premium,Mumbai,Email
4217,2025-08-25,Corporate,Pune,Email
4218,2025-06-15,Corporate,Kolkata,Social
4219,2025-09-13,Premium,Gurugram,Email
4220,2025-03-20,Retail,Hyderabad,Paid Search
4221,2025-02-24,Corporate,Delhi,Organic
4222,2025-09-09,Retail,Kolkata,Organic
4223,2026-02-05,Retail,Pune,Paid Search
4224,2025-09-16,Retail,Kolkata,Social
4225,2026-01-15,Retail,Delhi,Paid Search
4226,2025-03-28,Premium,Bengaluru,Social
4227,2025-08-06,Corporate,Bengaluru,Organic
4228,2025-10-25,Premium,Chennai,Paid Search
4229,2025-06-18,Premium,Chennai,Referral
4230,2025-01-07,Retail,Chennai,Organic
4231,2025-02-05,Retail,Hyderabad,Referral
4232,2026-03-26,Premium,Bengaluru,Referral
4233,2025-10-21,Retail,Mumbai,Social
4234,2025-05-09,Premium,Bengaluru,Email
4235,2025-05-06,Retail,Mumbai,Email
4236,2025-01-20,Retail,Kolkata,Organic
4237,2026-04-04,Retail,Chennai,Social
4238,2025-02-22,Retail,Chennai,Organic
4239,2026-01-04,Premium,Gurugram,Paid Search
4240,2025-04-27,Corporate,Chennai,Social
4241,2025-06-12,Retail,Bengaluru,Referral
4242,2025-05-13,Retail,Bengaluru,Referral
4243,2026-02-04,Retail,Mumbai,Social
4244,2025-01-16,Retail,Chennai,Referral
4245,2025-06-20,Retail,Kolkata,Social
4246,2025-05-16,Retail,Chennai,Organic
4247,2025-05-13,Retail,Hyderabad,Organic
4248,2025-04-04,Retail,Bengaluru,Paid Search
4249,2026-03-19,Retail,Hyderabad,Referral
4250,2025-07-03,Premium,Bengaluru,Organic
4251,2025-07-22,Retail,Mumbai,Paid Search
4252,2025-07-06,Retail,Hyderabad,Organic
4253,2026-04-21,Premium,Mumbai,Social
4254,2025-06-14,Premium,Chennai,Paid Search
4255,2025-06-15,Premium,Gurugram,Organic
4256,2025-06-09,Retail,Mumbai,Organic
4257,2025-06-08,Retail,Delhi,Paid Search
4258,2025-02-13,Premium,Kolkata,Paid Search
4259,2025-10-21,Retail,Bengaluru,Email
4260,2025-01-13,Retail,Bengaluru,Organic
4261,2025-04-20,Corporate,Kolkata,Paid Search
4262,2025-04-09,Retail,Kolkata,Social
4263,2025-05-22,Premium,Pune,Social
4264,2026-01-02,Premium,Mumbai,Paid Search
4265,2025-10-18,Retail,Chennai,Organic
4266,2026-04-26,Premium,Chennai,Email
4267,2025-06-20,Retail,Hyderabad,Email
4268,2026-03-27,Premium,Pune,Paid Search
4269,2025-01-22,Premium,Pune,Social
4270,2025-09-02,Premium,Chennai,Organic
4271,2026-01-23,Retail,Pune,Organic
4272,2025-09-15,Premium,Gurugram,Organic
4273,2026-03-29,Corporate,Delhi,Referral
4274,2025-06-02,Retail,Delhi,Organic
4275,2025-01-17,Retail,Mumbai,Organic
4276,2026-01-11,Retail,Mumbai,Organic
4277,2025-02-02,Premium,Hyderabad,Organic
4278,2026-01-06,Retail,Delhi,Paid Search
4279,2025-12-22,Retail,Mumbai,Paid Search
4280,2026-02-14,Corporate,Pune,Social
4281,2025-08-21,Corporate,Gurugram,Paid Search
4282,2026-03-11,Corporate,Kolkata,Paid Search
4283,2025-03-24,Retail,Mumbai,Referral
4284,2025-07-30,Retail,Delhi,Organic
4285,2025-03-01,Retail,Chennai,Organic
4286,2026-01-07,Retail,Kolkata,Email
4287,2025-12-13,Premium,Gurugram,Social
4288,2026-01-27,Retail,Hyderabad,Paid Search
4289,2026-01-06,Retail,Delhi,Organic
4290,2025-05-30,Retail,Gurugram,Organic
4291,2025-02-03,Retail,Bengaluru,Organic
4292,2026-03-27,Premium,Hyderabad,Email
4293,2025-08-28,Premium,Hyderabad,Social
4294,2025-02-15,Retail,Gurugram,Organic
4295,2026-03-26,Retail,Bengaluru,Organic
4296,2026-04-28,Retail,Pune,Organic
4297,2025-08-05,Retail,Pune,Organic
4298,2026-01-09,Corporate,Gurugram,Paid Search
4299,2025-01-18,Retail,Gurugram,Paid Search
4300,2025-02-15,Retail,Chennai,Email
4301,2025-05-15,Premium,Delhi,Referral
4302,2025-11-15,Retail,Bengaluru,Email
4303,2025-03-06,Retail,Chennai,Email
4304,2025-01-17,Retail,Kolkata,Email
4305,2025-11-21,Retail,Kolkata,Email
4306,2026-01-09,Retail,Hyderabad,Paid Search
4307,2025-12-25,Premium,Chennai,Organic
4308,2026-01-23,Corporate,Bengaluru,Organic
4309,2026-01-25,Retail,Chennai,Social
4310,2025-10-20,Retail,Hyderabad,Social
4311,2025-09-09,Retail,Chennai,Organic
4312,2026-02-20,Retail,Kolkata,Referral
4313,2025-06-18,Retail,Kolkata,Referral
4314,2025-02-17,Retail,Chennai,Social
4315,2025-12-31,Retail,Kolkata,Paid Search
4316,2025-05-14,Corporate,Mumbai,Organic
4317,2026-04-20,Premium,Mumbai,Paid Search
4318,2025-07-20,Retail,Kolkata,Organic
4319,2026-02-18,Premium,Pune,Social
4320,2025-01-21,Retail,Hyderabad,Paid Search
4321,2025-11-16,Premium,Chennai,Organic
4322,2025-08-06,Retail,Delhi,Paid Search
4323,2025-08-13,Retail,Mumbai,Social
4324,2025-05-09,Retail,Mumbai,Paid Search
4325,2026-04-17,Retail,Pune,Email
4326,2025-07-10,Retail,Delhi,Organic
4327,2026-02-17,Retail,Delhi,Email
4328,2025-07-26,Retail,Chennai,Organic
4329,2025-01-24,Retail,Chennai,Organic
4330,2026-03-03,Retail,Bengaluru,Email
4331,2025-03-31,Retail,Chennai,Referral
4332,2025-05-12,Retail,Delhi,Social
4333,2026-02-22,Retail,Hyderabad,Referral
4334,2026-03-10,Retail,Bengaluru,Paid Search
4335,2026-03-21,Retail,Bengaluru,Referral
4336,2025-07-26,Premium,Kolkata,Organic
4337,2026-01-03,Retail,Delhi,Referral
4338,2025-06-08,Retail,Chennai,Email
4339,2025-12-26,Retail,Bengaluru,Email
4340,2025-09-01,Retail,Hyderabad,Referral
4341,2025-01-26,Retail,Mumbai,Social
4342,2025-07-22,Retail,Chennai,Paid Search
4343,2025-08-15,Premium,Delhi,Paid Search
4344,2025-05-05,Retail,Delhi,Email
4345,2025-07-01,Retail,Bengaluru,Social
4346,2025-09-01,Retail,Gurugram,Paid Search
4347,2025-01-25,Retail,Delhi,Referral
4348,2025-03-15,Premium,Mumbai,Organic
4349,2026-01-07,Retail,Hyderabad,Referral
4350,2025-06-20,Retail,Delhi,Referral
4351,2025-10-23,Premium,Pune,Organic
4352,2025-10-02,Retail,Bengaluru,Organic
4353,2025-09-25,Retail,Chennai,Referral
4354,2025-07-20,Premium,Delhi,Organic
4355,2025-08-23,Retail,Mumbai,Email
4356,2026-02-04,Retail,Mumbai,Organic
4357,2026-04-14,Corporate,Chennai,Organic
4358,2025-05-05,Retail,Chennai,Organic
4359,2025-11-21,Retail,Delhi,Referral
4360,2026-04-16,Retail,Hyderabad,Social
4361,2025-01-04,Retail,Chennai,Referral
4362,2026-01-16,Retail,Delhi,Email
4363,2025-08-29,Retail,Delhi,Social
4364,2026-04-15,Retail,Chennai,Organic
4365,2025-10-08,Premium,Pune,Organic
4366,2026-02-11,Retail,Chennai,Email
4367,2025-03-22,Premium,Hyderabad,Organic
4368,2025-03-10,Premium,Gurugram,Email
4369,2026-03-26,Premium,Mumbai,Email
4370,2025-09-13,Premium,Mumbai,Social
4371,2025-09-28,Premium,Chennai,Social
4372,2025-03-24,Retail,Kolkata,Email
4373,2025-04-20,Retail,Delhi,Referral
4374,2026-02-01,Corporate,Chennai,Social
4375,2025-05-28,Retail,Gurugram,Paid Search
4376,2025-10-11,Retail,Pune,Paid Search
4377,2025-06-03,Corporate,Kolkata,Paid Search
4378,2025-05-08,Retail,Bengaluru,Email
4379,2025-03-22,Retail,Kolkata,Social
4380,2026-03-27,Retail,Hyderabad,Referral
4381,2026-04-01,Retail,Bengaluru,Organic
4382,2025-02-25,Retail,Mumbai,Email
4383,2025-06-21,Retail,Kolkata,Paid Search
4384,2025-10-01,Corporate,Chennai,Referral
4385,2025-07-05,Retail,Kolkata,Organic
4386,2025-12-16,Retail,Chennai,Email
4387,2025-05-07,Premium,Bengaluru,Social
4388,2025-01-29,Premium,Mumbai,Paid Search
4389,2025-06-13,Retail,Chennai,Paid Search
4390,2025-10-17,Retail,Bengaluru,Paid Search
4391,2025-03-29,Retail,Chennai,Paid Search
4392,2026-01-31,Premium,Gurugram,Organic
4393,2025-01-06,Retail,Chennai,Paid Search
4394,2025-02-02,Retail,Hyderabad,Paid Search
4395,2025-09-04,Premium,Gurugram,Paid Search
4396,2025-09-06,Retail,Pune,Social
4397,2025-05-24,Retail,Hyderabad,Paid Search
4398,2025-05-06,Premium,Gurugram,Organic
4399,2025-02-03,Premium,Bengaluru,Email
4400,2025-11-18,Retail,Mumbai,Paid Search
4401,2025-07-03,Retail,Mumbai,Social
4402,2025-02-27,Retail,Chennai,Email
4403,2025-07-13,Retail,Pune,Referral
4404,2026-03-31,Retail,Kolkata,Paid Search
4405,2025-05-07,Premium,Mumbai,Paid Search
4406,2026-03-10,Retail,Bengaluru,Referral
4407,2025-05-06,Retail,Delhi,Referral
4408,2025-04-01,Retail,Bengaluru,Organic
4409,2025-05-07,Premium,Gurugram,Social
4410,2025-06-06,Retail,Gurugram,Email
4411,2025-02-28,Retail,Hyderabad,Referral
4412,2025-10-13,Retail,Delhi,Organic
4413,2025-06-11,Retail,Gurugram,Paid Search
4414,2025-12-15,Corporate,Mumbai,Paid Search
4415,2025-08-27,Premium,Delhi,Organic
4416,2025-08-03,Retail,Hyderabad,Social
4417,2025-08-17,Retail,Gurugram,Paid Search
4418,2025-03-17,Premium,Kolkata,Organic
4419,2025-12-12,Retail,Bengaluru,Paid Search
4420,2025-02-20,Corporate,Hyderabad,Email
4421,2025-12-16,Retail,Delhi,Email
4422,2026-04-30,Retail,Bengaluru,Referral
4423,2026-01-06,Retail,Chennai,Email
4424,2025-08-09,Retail,Hyderabad,Email
4425,2025-06-02,Retail,Gurugram,Paid Search
4426,2026-02-28,Premium,Hyderabad,Organic
4427,2025-05-05,Retail,Kolkata,Referral
4428,2025-08-22,Retail,Chennai,Social
4429,2026-01-09,Retail,Pune,Paid Search
4430,2026-03-24,Premium,Kolkata,Email
4431,2026-03-23,Retail,Kolkata,Paid Search
4432,2025-02-12,Retail,Bengaluru,Email
4433,2026-03-12,Retail,Bengaluru,Social
4434,2025-02-25,Retail,Chennai,Organic
4435,2025-10-11,Premium,Delhi,Email
4436,2026-03-27,Retail,Chennai,Referral
4437,2025-11-14,Retail,Hyderabad,Social
4438,2026-04-05,Premium,Kolkata,Social
4439,2025-06-17,Retail,Mumbai,Organic
4440,2025-06-02,Retail,Pune,Organic
4441,2025-06-08,Retail,Pune,Organic
4442,2025-06-22,Corporate,Delhi,Organic
4443,2025-11-28,Premium,Pune,Paid Search
4444,2025-08-08,Retail,Chennai,Paid Search
4445,2025-12-24,Premium,Hyderabad,Organic
4446,2025-07-21,Retail,Pune,Social
4447,2025-05-30,Retail,Bengaluru,Organic
4448,2025-04-03,Retail,Pune,Organic
4449,2025-09-25,Retail,Mumbai,Email
4450,2026-03-12,Retail,Bengaluru,Email
4451,2026-02-21,Corporate,Delhi,Referral
4452,2025-05-03,Retail,Delhi,Organic
4453,2025-08-20,Premium,Mumbai,Referral
4454,2025-12-09,Retail,Mumbai,Organic
4455,2025-10-25,Retail,Chennai,Social
4456,2025-02-02,Retail,Mumbai,Email
4457,2025-10-14,Retail,Bengaluru,Paid Search
4458,2025-01-19,Retail,Mumbai,Email
4459,2025-02-26,Retail,Hyderabad,Social
4460,2025-11-14,Corporate,Mumbai,Paid Search
4461,2025-02-19,Premium,Bengaluru,Organic
4462,2025-06-14,Retail,Delhi,Referral
4463,2025-10-13,Retail,Pune,Paid Search
4464,2025-11-14,Retail,Bengaluru,Organic
4465,2025-08-05,Corporate,Chennai,Organic
4466,2025-02-15,Retail,Gurugram,Email
4467,2026-01-23,Retail,Hyderabad,Organic
4468,2026-04-06,Retail,Pune,Email
4469,2026-03-08,Retail,Kolkata,Social
4470,2025-12-30,Retail,Bengaluru,Paid Search
4471,2025-07-15,Retail,Mumbai,Paid Search
4472,2026-03-01,Retail,Chennai,Referral
4473,2025-08-25,Retail,Chennai,Paid Search
4474,2025-03-08,Retail,Hyderabad,Organic
4475,2026-02-17,Retail,Hyderabad,Organic
4476,2025-06-05,Corporate,Delhi,Email
4477,2026-04-01,Retail,Pune,Social
4478,2025-06-28,Premium,Pune,Paid Search
4479,2026-02-26,Retail,Pune,Organic
4480,2025-09-18,Premium,Bengaluru,Paid Search
4481,2025-08-15,Corporate,Mumbai,Referral
4482,2025-05-24,Retail,Pune,Organic
4483,2026-02-10,Corporate,Pune,Email
4484,2025-01-30,Retail,Mumbai,Email
4485,2025-08-16,Premium,Delhi,Paid Search
4486,2025-06-28,Retail,Hyderabad,Email
4487,2025-09-21,Retail,Delhi,Social
4488,2025-05-04,Retail,Mumbai,Social
4489,2025-11-19,Corporate,Chennai,Organic
4490,2025-07-07,Premium,Bengaluru,Email
4491,2025-04-02,Retail,Hyderabad,Paid Search
4492,2025-04-06,Corporate,Chennai,Referral
4493,2025-12-04,Premium,Mumbai,Organic
4494,2025-05-08,Retail,Mumbai,Paid Search
4495,2025-05-30,Retail,Bengaluru,Email
4496,2025-11-01,Retail,Hyderabad,Paid Search
4497,2025-06-09,Retail,Pune,Organic
4498,2025-07-08,Retail,Delhi,Referral
4499,2025-04-29,Corporate,Hyderabad,Organic
4500,2025-06-17,Retail,Chennai,Email
4501,2025-12-02,Retail,Kolkata,Email
4502,2025-09-16,Retail,Pune,Organic
4503,2026-04-29,Retail,Chennai,Social
4504,2026-01-10,Retail,Kolkata,Email
4505,2025-01-09,Retail,Chennai,Email
4506,2025-07-03,Retail,Pune,Paid Search
4507,2025-05-21,Retail,Pune,Social
4508,2025-10-12,Retail,Gurugram,Social
4509,2025-05-09,Premium,Kolkata,Organic
4510,2026-04-14,Retail,Mumbai,Social
4511,2025-05-26,Retail,Hyderabad,Paid Search
4512,2025-09-11,Retail,Chennai,Paid Search
4513,2025-03-01,Retail,Pune,Paid Search
4514,2026-03-18,Premium,Hyderabad,Email
4515,2026-03-19,Retail,Pune,Organic
4516,2026-01-20,Corporate,Hyderabad,Organic
4517,2025-06-20,Premium,Chennai,Organic
4518,2025-01-29,Retail,Chennai,Organic
4519,2025-12-11,Retail,Gurugram,Email
4520,2025-07-28,Retail,Gurugram,Paid Search
4521,2026-04-26,Premium,Chennai,Organic
4522,2025-12-05,Retail,Kolkata,Email
4523,2025-09-19,Retail,Kolkata,Organic
4524,2026-04-24,Retail,Bengaluru,Paid Search
4525,2026-01-24,Retail,Gurugram,Referral
4526,2025-08-11,Retail,Pune,Referral
4527,2025-01-10,Retail,Kolkata,Organic
4528,2025-02-15,Retail,Mumbai,Social
4529,2025-08-04,Premium,Bengaluru,Social
4530,2025-09-30,Retail,Pune,Social
4531,2025-01-15,Retail,Pune,Organic
4532,2025-03-03,Retail,Hyderabad,Referral
4533,2025-12-08,Corporate,Mumbai,Social
4534,2025-12-31,Retail,Mumbai,Referral
4535,2025-01-15,Premium,Chennai,Email
4536,2025-09-04,Retail,Delhi,Email
4537,2025-02-09,Premium,Delhi,Referral
4538,2025-12-17,Retail,Gurugram,Organic
4539,2026-02-09,Premium,Gurugram,Organic
4540,2026-02-26,Retail,Delhi,Social
4541,2025-10-18,Corporate,Mumbai,Organic
4542,2025-11-02,Corporate,Bengaluru,Referral
4543,2026-03-26,Retail,Pune,Referral
4544,2025-10-25,Retail,Mumbai,Social
4545,2025-08-05,Retail,Gurugram,Organic
4546,2026-01-01,Retail,Hyderabad,Email
4547,2025-10-14,Retail,Pune,Social
4548,2026-02-13,Retail,Mumbai,Paid Search
4549,2025-09-12,Retail,Bengaluru,Social
4550,2026-02-26,Retail,Chennai,Organic
4551,2025-01-22,Premium,Chennai,Referral
4552,2025-01-18,Retail,Mumbai,Organic
4553,2025-02-18,Retail,Hyderabad,Social
4554,2025-09-27,Retail,Mumbai,Organic
4555,2025-12-10,Retail,Hyderabad,Organic
4556,2025-04-15,Retail,Mumbai,Organic
4557,2025-03-17,Retail,Gurugram,Organic
4558,2026-02-22,Retail,Bengaluru,Email
4559,2025-12-31,Retail,Hyderabad,Referral
4560,2025-11-11,Retail,Chennai,Organic
4561,2025-08-25,Retail,Delhi,Organic
4562,2025-07-23,Retail,Mumbai,Referral
4563,2025-01-10,Retail,Gurugram,Organic
4564,2025-04-02,Retail,Chennai,Paid Search
4565,2026-03-12,Retail,Mumbai,Organic
4566,2025-06-14,Retail,Hyderabad,Social
4567,2025-12-08,Retail,Kolkata,Email
4568,2025-12-08,Premium,Mumbai,Organic
4569,2025-05-31,Retail,Bengaluru,Email
4570,2025-04-10,Retail,Mumbai,Email
4571,2025-12-02,Retail,Chennai,Email
4572,2025-02-15,Retail,Pune,Referral
4573,2025-08-28,Retail,Pune,Email
4574,2026-03-07,Premium,Hyderabad,Social
4575,2025-12-11,Retail,Bengaluru,Email
4576,2026-01-06,Retail,Pune,Organic
4577,2025-02-10,Retail,Kolkata,Referral
4578,2025-04-07,Retail,Kolkata,Social
4579,2025-05-14,Retail,Kolkata,Organic
4580,2025-05-22,Retail,Delhi,Organic
4581,2025-04-05,Premium,Hyderabad,Organic
4582,2026-04-17,Retail,Hyderabad,Paid Search
4583,2025-03-22,Retail,Gurugram,Organic
4584,2025-12-10,Premium,Hyderabad,Organic
4585,2025-10-12,Premium,Mumbai,Organic
4586,2025-10-24,Premium,Bengaluru,Social
4587,2025-04-15,Retail,Mumbai,Organic
4588,2025-05-30,Retail,Hyderabad,Organic
4589,2025-10-22,Premium,Bengaluru,Paid Search
4590,2025-05-26,Retail,Pune,Paid Search
4591,2025-12-03,Premium,Mumbai,Organic
4592,2025-01-20,Retail,Pune,Email
4593,2025-02-05,Premium,Pune,Paid Search
4594,2025-12-20,Retail,Chennai,Organic
4595,2025-10-27,Retail,Gurugram,Social
4596,2025-01-21,Retail,Delhi,Email
4597,2026-03-13,Retail,Delhi,Paid Search
4598,2025-01-03,Retail,Hyderabad,Organic
4599,2026-04-09,Premium,Pune,Social
4600,2025-12-20,Retail,Kolkata,Paid Search
4601,2026-04-25,Retail,Mumbai,Paid Search
4602,2026-04-06,Retail,Hyderabad,Email
4603,2025-06-01,Retail,Pune,Email
4604,2026-01-02,Retail,Chennai,Social
4605,2025-04-13,Retail,Pune,Organic
4606,2025-08-17,Corporate,Pune,Social
4607,2025-04-27,Retail,Mumbai,Email
4608,2025-08-24,Retail,Hyderabad,Email
4609,2026-02-28,Corporate,Pune,Organic
4610,2025-07-31,Retail,Delhi,Organic
4611,2025-02-14,Corporate,Gurugram,Organic
4612,2025-06-07,Retail,Chennai,Referral
4613,2026-01-17,Retail,Chennai,Paid Search
4614,2025-09-11,Retail,Pune,Paid Search
4615,2025-09-29,Retail,Gurugram,Paid Search
4616,2025-07-29,Retail,Delhi,Organic
4617,2025-05-22,Retail,Gurugram,Email
4618,2025-10-18,Retail,Mumbai,Paid Search
4619,2025-11-04,Retail,Gurugram,Organic
4620,2026-03-12,Premium,Delhi,Referral
4621,2025-10-27,Retail,Bengaluru,Social
4622,2026-04-28,Premium,Pune,Referral
4623,2026-02-05,Corporate,Chennai,Referral
4624,2025-02-08,Premium,Delhi,Organic
4625,2025-07-10,Premium,Bengaluru,Organic
4626,2025-07-06,Premium,Kolkata,Organic
4627,2025-01-02,Retail,Mumbai,Social
4628,2025-03-29,Retail,Gurugram,Email
4629,2026-01-05,Corporate,Chennai,Paid Search
4630,2025-06-20,Retail,Gurugram,Referral
4631,2025-03-13,Premium,Gurugram,Referral
4632,2025-05-20,Corporate,Mumbai,Email
4633,2025-05-14,Retail,Gurugram,Paid Search
4634,2025-03-26,Retail,Hyderabad,Organic
4635,2025-02-19,Retail,Bengaluru,Referral
4636,2026-01-06,Retail,Gurugram,Referral
4637,2026-02-04,Retail,Hyderabad,Social
4638,2025-08-29,Premium,Chennai,Email
4639,2025-10-26,Retail,Pune,Paid Search
4640,2026-03-22,Retail,Bengaluru,Social
4641,2026-02-13,Premium,Gurugram,Organic
4642,2025-01-16,Retail,Kolkata,Paid Search
4643,2026-04-08,Premium,Pune,Organic
4644,2025-02-02,Retail,Pune,Organic
4645,2025-01-13,Premium,Delhi,Organic
4646,2025-07-15,Retail,Chennai,Social
4647,2025-12-28,Retail,Gurugram,Email
4648,2025-02-08,Retail,Gurugram,Paid Search
4649,2025-05-23,Retail,Pune,Paid Search
4650,2025-05-08,Retail,Gurugram,Organic
4651,2025-07-12,Premium,Kolkata,Paid Search
4652,2026-04-24,Premium,Pune,Organic
4653,2025-06-10,Retail,Kolkata,Social
4654,2025-04-12,Retail,Mumbai,Email
4655,2025-03-01,Premium,Chennai,Paid Search
4656,2025-04-07,Premium,Pune,Social
4657,2025-03-06,Retail,Hyderabad,Social
4658,2025-10-06,Retail,Chennai,Organic
4659,2025-07-23,Corporate,Kolkata,Paid Search
4660,2025-08-30,Retail,Pune,Organic
4661,2026-02-08,Retail,Hyderabad,Paid Search
4662,2025-10-09,Premium,Hyderabad,Email
4663,2025-03-17,Retail,Pune,Paid Search
4664,2025-07-02,Premium,Pune,Paid Search
4665,2025-06-01,Retail,Bengaluru,Organic
4666,2026-02-05,Premium,Pune,Paid Search
4667,2025-05-29,Corporate,Bengaluru,Email
4668,2025-03-09,Corporate,Gurugram,Paid Search
4669,2025-12-23,Corporate,Pune,Referral
4670,2025-07-27,Premium,Kolkata,Organic
4671,2025-02-16,Retail,Hyderabad,Organic
4672,2025-12-01,Corporate,Hyderabad,Paid Search
4673,2025-04-13,Corporate,Bengaluru,Email
4674,2026-02-26,Retail,Pune,Organic
4675,2026-02-08,Retail,Pune,Referral
4676,2025-06-29,Retail,Pune,Organic
4677,2025-09-27,Retail,Kolkata,Social
4678,2025-10-03,Premium,Pune,Social
4679,2025-11-13,Retail,Kolkata,Social
4680,2025-02-03,Retail,Delhi,Organic
4681,2025-06-07,Retail,Bengaluru,Organic
4682,2025-03-24,Retail,Chennai,Email
4683,2025-12-05,Corporate,Hyderabad,Social
4684,2025-02-03,Retail,Chennai,Organic
4685,2025-09-08,Retail,Pune,Paid Search
4686,2025-12-20,Retail,Hyderabad,Organic
4687,2026-04-05,Premium,Pune,Paid Search
4688,2025-05-20,Premium,Gurugram,Paid Search
4689,2025-01-04,Retail,Chennai,Organic
4690,2025-12-18,Retail,Gurugram,Paid Search
4691,2025-01-01,Retail,Delhi,Social
4692,2025-02-02,Retail,Kolkata,Email
4693,2026-04-26,Premium,Gurugram,Social
4694,2026-02-23,Retail,Gurugram,Paid Search
4695,2025-12-10,Retail,Pune,Referral
4696,2026-02-10,Retail,Hyderabad,Organic
4697,2025-02-06,Retail,Pune,Social
4698,2025-02-13,Retail,Gurugram,Organic
4699,2025-05-26,Retail,Kolkata,Organic
4700,2025-01-12,Retail,Gurugram,Social
4701,2026-03-07,Retail,Gurugram,Organic
4702,2025-01-28,Retail,Pune,Social
4703,2025-09-21,Corporate,Bengaluru,Social
4704,2026-02-19,Retail,Mumbai,Organic
4705,2025-12-23,Retail,Gurugram,Paid Search
4706,2025-04-24,Retail,Mumbai,Social
4707,2025-08-17,Premium,Delhi,Referral
4708,2025-09-23,Corporate,Hyderabad,Referral
4709,2026-01-08,Premium,Chennai,Paid Search
4710,2025-07-26,Retail,Chennai,Referral
4711,2025-05-19,Premium,Bengaluru,Paid Search
4712,2026-01-21,Retail,Pune,Organic
4713,2026-03-06,Premium,Gurugram,Social
4714,2025-08-26,Premium,Kolkata,Organic
4715,2025-01-14,Retail,Gurugram,Organic
4716,2025-08-31,Retail,Kolkata,Organic
4717,2026-03-08,Retail,Delhi,Referral
4718,2026-04-25,Retail,Mumbai,Email
4719,2025-07-14,Premium,Mumbai,Email
4720,2025-03-14,Retail,Mumbai,Paid Search
4721,2025-10-05,Premium,Kolkata,Paid Search
4722,2026-02-07,Corporate,Chennai,Referral
4723,2026-04-04,Retail,Gurugram,Paid Search
4724,2025-01-26,Retail,Bengaluru,Paid Search
4725,2025-05-21,Retail,Gurugram,Organic
4726,2025-08-20,Premium,Gurugram,Social
4727,2025-02-17,Retail,Delhi,Social
4728,2026-03-06,Retail,Kolkata,Paid Search
4729,2025-02-24,Retail,Delhi,Organic
4730,2025-11-19,Corporate,Hyderabad,Referral
4731,2026-03-22,Retail,Mumbai,Social
4732,2025-11-29,Retail,Pune,Organic
4733,2026-01-06,Corporate,Delhi,Paid Search
4734,2025-05-08,Retail,Kolkata,Email
4735,2026-02-06,Retail,Hyderabad,Social
4736,2025-07-23,Retail,Kolkata,Social
4737,2025-01-30,Retail,Hyderabad,Social
4738,2025-06-27,Retail,Pune,Email
4739,2025-06-19,Retail,Chennai,Paid Search
4740,2025-09-10,Retail,Gurugram,Organic
4741,2025-05-09,Retail,Bengaluru,Paid Search
4742,2025-08-13,Retail,Pune,Referral
4743,2025-07-27,Retail,Bengaluru,Organic
4744,2025-06-08,Retail,Delhi,Organic
4745,2025-12-04,Premium,Kolkata,Organic
4746,2025-05-29,Premium,Pune,Social
4747,2026-01-07,Retail,Bengaluru,Social
4748,2025-05-02,Premium,Kolkata,Paid Search
4749,2026-02-24,Premium,Kolkata,Organic
4750,2025-06-27,Retail,Gurugram,Referral
4751,2025-01-20,Corporate,Hyderabad,Organic
4752,2025-03-14,Premium,Delhi,Referral
4753,2026-01-27,Retail,Hyderabad,Organic
4754,2026-02-27,Retail,Hyderabad,Email
4755,2025-04-13,Retail,Mumbai,Paid Search
4756,2025-10-20,Retail,Pune,Social
4757,2025-10-06,Premium,Hyderabad,Organic
4758,2025-03-06,Retail,Gurugram,Organic
4759,2025-08-08,Retail,Delhi,Social
4760,2025-12-03,Retail,Chennai,Social
4761,2026-04-15,Premium,Pune,Referral
4762,2026-02-16,Retail,Mumbai,Social
4763,2025-02-17,Premium,Bengaluru,Social
4764,2025-04-26,Retail,Kolkata,Email
4765,2025-07-31,Retail,Bengaluru,Paid Search
4766,2025-03-15,Retail,Chennai,Email
4767,2025-10-04,Retail,Pune,Paid Search
4768,2025-01-05,Retail,Gurugram,Paid Search
4769,2025-02-25,Retail,Chennai,Referral
4770,2025-01-23,Retail,Kolkata,Organic
4771,2025-05-24,Retail,Gurugram,Organic
4772,2026-01-05,Premium,Mumbai,Organic
4773,2025-03-27,Premium,Kolkata,Paid Search
4774,2026-04-24,Retail,Gurugram,Social
4775,2025-05-11,Premium,Delhi,Organic
4776,2025-01-22,Retail,Hyderabad,Organic
4777,2025-06-12,Retail,Bengaluru,Paid Search
4778,2025-12-29,Retail,Gurugram,Organic
4779,2025-02-21,Retail,Bengaluru,Organic
4780,2025-02-04,Premium,Mumbai,Organic
4781,2026-02-16,Retail,Delhi,Referral
4782,2025-10-15,Retail,Kolkata,Social
4783,2025-06-16,Retail,Delhi,Organic
4784,2026-01-02,Retail,Bengaluru,Organic
4785,2026-02-14,Retail,Pune,Organic
4786,2025-06-24,Retail,Delhi,Paid Search
4787,2025-09-30,Retail,Mumbai,Paid Search
4788,2025-01-06,Retail,Gurugram,Email
4789,2025-05-29,Retail,Hyderabad,Referral
4790,2025-10-16,Premium,Bengaluru,Paid Search
4791,2025-04-06,Retail,Kolkata,Organic
4792,2026-04-26,Retail,Delhi,Social
4793,2026-04-17,Retail,Bengaluru,Email
4794,2025-05-05,Retail,Kolkata,Organic
4795,2025-07-12,Retail,Kolkata,Referral
4796,2025-04-02,Retail,Hyderabad,Organic
4797,2025-09-02,Retail,Gurugram,Social
4798,2025-03-02,Retail,Pune,Organic
4799,2025-07-09,Retail,Chennai,Social
4800,2025-09-27,Retail,Gurugram,Organic
4801,2025-10-24,Retail,Pune,Paid Search
4802,2025-10-17,Retail,Hyderabad,Social
4803,2025-04-18,Retail,Chennai,Social
4804,2026-01-20,Premium,Delhi,Social
4805,2025-12-02,Retail,Hyderabad,Organic
4806,2026-01-01,Premium,Chennai,Social
4807,2025-08-15,Retail,Hyderabad,Organic
4808,2026-03-09,Retail,Chennai,Social
4809,2025-07-09,Retail,Hyderabad,Organic
4810,2026-01-26,Premium,Mumbai,Paid Search
4811,2025-04-09,Retail,Mumbai,Paid Search
4812,2025-04-30,Retail,Pune,Email
4813,2025-09-13,Retail,Mumbai,Social
4814,2025-09-27,Retail,Bengaluru,Organic
4815,2025-12-28,Corporate,Pune,Social
4816,2025-05-25,Retail,Delhi,Organic
4817,2026-02-28,Retail,Hyderabad,Organic
4818,2025-06-09,Retail,Bengaluru,Paid Search
4819,2025-09-17,Retail,Bengaluru,Referral
4820,2026-03-28,Premium,Gurugram,Email
4821,2025-09-19,Premium,Gurugram,Email
4822,2025-11-27,Premium,Bengaluru,Organic
4823,2026-03-17,Retail,Gurugram,Organic
4824,2026-04-18,Retail,Mumbai,Referral
4825,2025-08-31,Retail,Bengaluru,Organic
4826,2025-07-22,Retail,Gurugram,Social
4827,2025-04-06,Premium,Delhi,Email
4828,2025-09-18,Retail,Hyderabad,Organic
4829,2026-03-22,Retail,Kolkata,Paid Search
4830,2025-08-25,Retail,Gurugram,Email
4831,2025-06-19,Premium,Gurugram,Social
4832,2025-02-22,Retail,Gurugram,Email
4833,2025-07-09,Premium,Gurugram,Social
4834,2025-04-25,Premium,Hyderabad,Paid Search
4835,2026-04-19,Premium,Bengaluru,Referral
4836,2025-09-13,Retail,Hyderabad,Referral
4837,2025-03-08,Retail,Delhi,Email
4838,2025-02-02,Retail,Mumbai,Paid Search
4839,2026-02-17,Premium,Gurugram,Paid Search
4840,2026-03-28,Corporate,Mumbai,Paid Search
4841,2026-01-06,Retail,Pune,Organic
4842,2025-03-02,Retail,Mumbai,Email
4843,2025-02-17,Retail,Chennai,Email
4844,2025-04-07,Retail,Hyderabad,Paid Search
4845,2025-12-31,Retail,Delhi,Email
4846,2026-01-07,Retail,Bengaluru,Paid Search
4847,2026-02-11,Premium,Chennai,Referral
4848,2025-02-17,Retail,Kolkata,Social
4849,2025-03-16,Retail,Bengaluru,Referral
4850,2026-03-13,Retail,Bengaluru,Referral
4851,2026-03-27,Retail,Chennai,Social
4852,2025-12-18,Retail,Hyderabad,Email
4853,2025-02-21,Retail,Delhi,Paid Search
4854,2025-02-03,Retail,Delhi,Referral
4855,2025-01-27,Retail,Bengaluru,Organic
4856,2025-12-02,Retail,Bengaluru,Organic
4857,2026-02-15,Retail,Delhi,Referral
4858,2025-11-03,Retail,Kolkata,Referral
4859,2025-05-08,Retail,Hyderabad,Email
4860,2026-01-03,Retail,Chennai,Organic
4861,2025-01-29,Retail,Delhi,Organic
4862,2026-02-06,Retail,Hyderabad,Paid Search
4863,2026-03-09,Retail,Hyderabad,Email
4864,2025-12-15,Corporate,Pune,Email
4865,2026-03-03,Retail,Gurugram,Email
4866,2025-10-12,Retail,Hyderabad,Paid Search
4867,2025-08-16,Retail,Hyderabad,Email
4868,2025-06-06,Premium,Gurugram,Organic
4869,2026-03-24,Retail,Hyderabad,Email
4870,2025-12-05,Corporate,Hyderabad,Social
4871,2025-04-03,Retail,Mumbai,Paid Search
4872,2026-04-10,Premium,Chennai,Social
4873,2025-01-29,Retail,Delhi,Referral
4874,2025-10-12,Retail,Mumbai,Organic
4875,2025-04-03,Retail,Hyderabad,Organic
4876,2025-11-19,Retail,Hyderabad,Referral
4877,2025-07-20,Premium,Delhi,Email
4878,2025-08-01,Premium,Pune,Social
4879,2025-11-22,Retail,Gurugram,Organic
4880,2026-01-02,Retail,Delhi,Social
4881,2025-07-04,Retail,Hyderabad,Organic
4882,2026-04-29,Retail,Pune,Paid Search
4883,2025-08-30,Retail,Bengaluru,Organic
4884,2025-03-19,Retail,Pune,Paid Search
4885,2025-01-04,Retail,Bengaluru,Paid Search
4886,2025-04-09,Premium,Mumbai,Organic
4887,2025-12-02,Premium,Kolkata,Paid Search
4888,2025-09-19,Premium,Gurugram,Social
4889,2025-06-13,Retail,Hyderabad,Organic
4890,2025-08-22,Premium,Delhi,Organic
4891,2026-02-11,Retail,Mumbai,Paid Search
4892,2025-10-05,Retail,Gurugram,Referral
4893,2025-01-29,Retail,Gurugram,Referral
4894,2025-01-24,Premium,Hyderabad,Paid Search
4895,2025-08-22,Retail,Kolkata,Referral
4896,2025-07-16,Premium,Mumbai,Referral
4897,2026-02-17,Retail,Hyderabad,Social
4898,2025-10-10,Premium,Delhi,Paid Search
4899,2026-01-03,Retail,Pune,Organic
4900,2025-10-11,Corporate,Chennai,Organic
4901,2025-06-17,Retail,Gurugram,Paid Search
4902,2025-11-15,Retail,Kolkata,Paid Search
4903,2025-10-29,Premium,Chennai,Email
4904,2025-12-16,Retail,Chennai,Organic
4905,2025-04-02,Retail,Chennai,Paid Search
4906,2025-11-08,Premium,Hyderabad,Email
4907,2025-05-19,Retail,Pune,Social
4908,2026-01-19,Premium,Mumbai,Organic
4909,2026-01-23,Retail,Delhi,Email
4910,2025-10-31,Premium,Kolkata,Paid Search
4911,2026-04-05,Retail,Hyderabad,Organic
4912,2025-09-18,Retail,Kolkata,Paid Search
4913,2025-01-13,Premium,Delhi,Organic
4914,2025-10-22,Retail,Hyderabad,Referral
4915,2026-01-13,Retail,Bengaluru,Organic
4916,2025-02-19,Retail,Kolkata,Referral
4917,2025-02-20,Retail,Hyderabad,Organic
4918,2025-05-13,Retail,Chennai,Email
4919,2026-02-14,Retail,Delhi,Organic
4920,2025-09-13,Premium,Pune,Email
4921,2026-04-19,Retail,Hyderabad,Organic
4922,2026-02-28,Retail,Pune,Email
4923,2025-09-27,Retail,Pune,Referral
4924,2025-11-26,Retail,Delhi,Social
4925,2025-06-10,Retail,Delhi,Organic
4926,2025-02-13,Corporate,Mumbai,Social
4927,2025-07-13,Retail,Mumbai,Social
4928,2025-10-15,Retail,Chennai,Social
4929,2025-03-30,Premium,Bengaluru,Social
4930,2025-04-18,Retail,Gurugram,Email
4931,2025-01-08,Retail,Delhi,Email
4932,2025-12-22,Retail,Pune,Paid Search
4933,2026-03-13,Retail,Chennai,Organic
4934,2026-02-06,Retail,Delhi,Organic
4935,2025-07-04,Premium,Pune,Referral
4936,2025-10-15,Retail,Delhi,Email
4937,2026-04-11,Retail,Kolkata,Paid Search
4938,2025-10-14,Retail,Hyderabad,Organic
4939,2025-05-24,Premium,Kolkata,Paid Search
4940,2025-06-14,Premium,Chennai,Paid Search
4941,2025-12-19,Premium,Bengaluru,Email
4942,2025-08-05,Retail,Mumbai,Social
4943,2026-02-11,Premium,Mumbai,Organic
4944,2026-02-24,Retail,Delhi,Paid Search
4945,2025-01-18,Retail,Bengaluru,Organic
4946,2025-12-17,Retail,Chennai,Social
4947,2025-06-29,Premium,Bengaluru,Social
4948,2025-09-10,Retail,Mumbai,Organic
4949,2025-05-09,Retail,Delhi,Paid Search
4950,2025-06-28,Retail,Hyderabad,Email
4951,2025-06-10,Retail,Mumbai,Referral
4952,2025-01-25,Corporate,Chennai,Social
4953,2026-01-15,Premium,Bengaluru,Paid Search
4954,2025-03-11,Retail,Mumbai,Email
4955,2025-07-02,Retail,Bengaluru,Referral
4956,2025-04-04,Retail,Hyderabad,Email
4957,2025-03-19,Premium,Delhi,Organic
4958,2025-07-01,Retail,Delhi,Organic
4959,2026-03-22,Retail,Gurugram,Organic
4960,2026-04-03,Retail,Bengaluru,Email
4961,2025-07-05,Retail,Chennai,Social
4962,2025-09-02,Retail,Gurugram,Organic
4963,2026-04-24,Retail,Delhi,Email
4964,2025-04-24,Corporate,Chennai,Email
4965,2026-04-04,Retail,Kolkata,Organic
4966,2025-02-21,Retail,Delhi,Social
4967,2025-04-20,Retail,Bengaluru,Social
4968,2025-06-14,Retail,Mumbai,Organic
4969,2025-01-18,Retail,Delhi,Social
4970,2026-01-31,Retail,Bengaluru,Organic
4971,2026-02-19,Premium,Mumbai,Email
4972,2025-07-05,Retail,Gurugram,Referral
4973,2026-02-10,Corporate,Mumbai,Email
4974,2026-01-10,Retail,Chennai,Referral
4975,2026-01-24,Retail,Delhi,Organic
4976,2026-01-25,Retail,Pune,Paid Search
4977,2025-10-06,Premium,Chennai,Social
4978,2025-02-23,Premium,Mumbai,Paid Search
4979,2026-03-24,Retail,Hyderabad,Referral
4980,2025-10-23,Retail,Gurugram,Paid Search
4981,2026-03-14,Retail,Pune,Organic
4982,2026-04-11,Retail,Kolkata,Paid Search
4983,2025-04-01,Corporate,Hyderabad,Social
4984,2025-07-15,Retail,Mumbai,Paid Search
4985,2025-04-04,Retail,Hyderabad,Social
4986,2025-01-25,Corporate,Hyderabad,Paid Search
4987,2026-04-14,Premium,Gurugram,Referral
4988,2026-03-24,Premium,Hyderabad,Social
4989,2026-03-28,Retail,Chennai,Social
4990,2026-03-05,Retail,Pune,Paid Search
4991,2025-11-11,Retail,Bengaluru,Paid Search
4992,2025-09-11,Retail,Bengaluru,Organic
4993,2026-04-26,Retail,Kolkata,Social
4994,2025-09-25,Retail,Mumbai,Organic
4995,2025-11-08,Retail,Hyderabad,Email
4996,2025-04-13,Retail,Chennai,Referral
4997,2025-12-29,Retail,Delhi,Paid Search
4998,2026-02-02,Retail,Chennai,Referral
4999,2025-11-26,Retail,Kolkata,Social
5000,2025-08-30,Retail,Hyderabad,Organic
5001,2025-04-06,Premium,Pune,Referral
5002,2025-01-17,Premium,Hyderabad,Email
5003,2025-11-01,Retail,Chennai,Organic
5004,2025-11-28,Retail,Delhi,Organic
5005,2026-01-10,Retail,Pune,Social
5006,2026-04-06,Retail,Hyderabad,Paid Search
5007,2025-08-30,Retail,Delhi,Social
5008,2026-02-07,Corporate,Kolkata,Social
5009,2025-12-14,Retail,Mumbai,Referral
5010,2025-05-15,Retail,Pune,Organic
5011,2026-02-14,Premium,Kolkata,Paid Search
5012,2025-01-26,Retail,Gurugram,Email
5013,2025-10-18,Retail,Chennai,Paid Search
5014,2026-04-02,Retail,Chennai,Paid Search
5015,2025-11-16,Corporate,Pune,Organic
5016,2026-03-31,Retail,Kolkata,Organic
5017,2025-01-28,Retail,Gurugram,Paid Search
5018,2025-09-16,Premium,Hyderabad,Paid Search
5019,2026-01-14,Retail,Hyderabad,Referral
5020,2025-11-08,Premium,Mumbai,Social
5021,2026-03-04,Retail,Gurugram,Email
5022,2025-08-13,Retail,Gurugram,Email
5023,2025-11-28,Retail,Chennai,Organic
5024,2025-07-23,Corporate,Chennai,Organic
5025,2026-02-27,Retail,Mumbai,Email
5026,2025-02-27,Retail,Gurugram,Paid Search
5027,2025-05-04,Corporate,Delhi,Paid Search
5028,2025-02-16,Retail,Pune,Organic
5029,2025-12-07,Premium,Bengaluru,Social
5030,2025-04-23,Retail,Hyderabad,Organic
5031,2025-06-03,Retail,Delhi,Organic
5032,2026-02-10,Premium,Mumbai,Paid Search
5033,2025-06-24,Premium,Hyderabad,Referral
5034,2025-03-12,Retail,Hyderabad,Organic
5035,2025-01-11,Corporate,Gurugram,Referral
5036,2025-04-20,Corporate,Pune,Paid Search
5037,2026-03-20,Premium,Delhi,Paid Search
5038,2025-09-24,Retail,Gurugram,Paid Search
5039,2026-04-28,Retail,Pune,Organic
5040,2025-04-15,Retail,Kolkata,Paid Search
5041,2025-06-20,Retail,Gurugram,Email
5042,2025-03-21,Retail,Pune,Organic
5043,2025-07-13,Retail,Mumbai,Email
5044,2025-10-01,Retail,Hyderabad,Organic
5045,2026-01-27,Retail,Chennai,Paid Search
5046,2025-06-28,Retail,Delhi,Social
5047,2026-01-10,Retail,Gurugram,Referral
5048,2025-10-31,Retail,Bengaluru,Organic
5049,2025-05-22,Corporate,Chennai,Organic
5050,2026-03-19,Premium,Gurugram,Social
5051,2025-07-30,Retail,Kolkata,Organic
5052,2025-03-15,Retail,Chennai,Social
5053,2026-04-12,Retail,Bengaluru,Referral
5054,2026-03-20,Retail,Pune,Organic
5055,2025-01-25,Premium,Pune,Referral
5056,2026-03-14,Retail,Kolkata,Organic
5057,2026-04-05,Retail,Delhi,Email
5058,2026-02-07,Retail,Delhi,Email
5059,2025-05-04,Premium,Delhi,Social
5060,2025-11-03,Corporate,Gurugram,Email
5061,2025-09-19,Premium,Pune,Referral
5062,2025-10-28,Retail,Chennai,Organic
5063,2025-10-26,Premium,Delhi,Organic
5064,2025-11-07,Retail,Delhi,Organic
5065,2025-09-07,Retail,Chennai,Paid Search
5066,2025-12-01,Corporate,Chennai,Social
5067,2025-09-13,Retail,Hyderabad,Paid Search
5068,2025-01-08,Corporate,Delhi,Social
5069,2025-01-18,Retail,Hyderabad,Paid Search
5070,2026-04-10,Retail,Chennai,Organic
5071,2026-03-17,Retail,Mumbai,Organic
5072,2025-10-12,Premium,Bengaluru,Email
5073,2025-03-26,Retail,Chennai,Paid Search
5074,2026-01-15,Premium,Mumbai,Paid Search
5075,2025-03-11,Retail,Delhi,Organic
5076,2025-07-02,Premium,Chennai,Email
5077,2025-06-09,Retail,Delhi,Organic
5078,2025-01-07,Retail,Hyderabad,Social
5079,2026-01-27,Premium,Pune,Organic
5080,2025-09-05,Premium,Delhi,Organic
5081,2025-06-03,Retail,Chennai,Referral
5082,2025-09-03,Retail,Kolkata,Social
5083,2025-01-01,Retail,Gurugram,Social
5084,2025-07-31,Corporate,Bengaluru,Organic
5085,2025-09-09,Retail,Bengaluru,Email
5086,2025-06-14,Premium,Pune,Social
5087,2026-02-07,Retail,Pune,Email
5088,2025-05-02,Premium,Pune,Organic
5089,2025-03-08,Retail,Bengaluru,Paid Search
5090,2025-09-13,Retail,Delhi,Paid Search
5091,2026-03-07,Retail,Delhi,Referral
5092,2025-07-02,Retail,Gurugram,Referral
5093,2025-01-23,Retail,Hyderabad,Paid Search
5094,2026-04-16,Retail,Hyderabad,Organic
5095,2025-08-04,Premium,Chennai,Organic
5096,2025-03-25,Retail,Mumbai,Organic
5097,2025-10-26,Retail,Hyderabad,Referral
5098,2025-06-05,Corporate,Hyderabad,Organic
5099,2026-03-31,Retail,Delhi,Organic
5100,2025-05-23,Retail,Pune,Paid Search
5101,2025-09-24,Corporate,Mumbai,Organic
5102,2025-09-21,Premium,Delhi,Email
5103,2025-04-28,Corporate,Pune,Paid Search
5104,2025-08-31,Premium,Bengaluru,Email
5105,2025-02-22,Retail,Chennai,Social
5106,2025-11-09,Retail,Pune,Social
5107,2026-01-03,Retail,Delhi,Paid Search
5108,2026-04-06,Corporate,Chennai,Social
5109,2025-06-08,Premium,Delhi,Social
5110,2025-05-19,Retail,Bengaluru,Organic
5111,2025-09-24,Retail,Chennai,Email
5112,2025-12-02,Retail,Hyderabad,Paid Search
5113,2026-04-27,Retail,Hyderabad,Paid Search
5114,2025-01-13,Premium,Mumbai,Paid Search
5115,2025-04-26,Retail,Hyderabad,Social
5116,2025-05-08,Retail,Bengaluru,Paid Search
5117,2025-05-04,Corporate,Gurugram,Paid Search
5118,2025-08-13,Retail,Chennai,Organic
5119,2026-02-28,Retail,Gurugram,Paid Search
5120,2025-01-16,Retail,Bengaluru,Organic
5121,2026-01-31,Retail,Gurugram,Email
5122,2025-10-27,Retail,Bengaluru,Paid Search
5123,2025-10-26,Retail,Bengaluru,Email
5124,2025-11-25,Retail,Bengaluru,Social
5125,2025-02-25,Retail,Pune,Referral
5126,2025-12-29,Retail,Pune,Email
5127,2025-05-01,Retail,Delhi,Organic
5128,2025-09-08,Corporate,Pune,Social
5129,2025-11-25,Retail,Gurugram,Organic
5130,2025-10-20,Retail,Hyderabad,Organic
5131,2025-06-06,Premium,Chennai,Paid Search
5132,2025-07-12,Retail,Chennai,Social
5133,2025-08-20,Retail,Gurugram,Referral
5134,2025-01-21,Premium,Chennai,Organic
5135,2025-12-19,Retail,Hyderabad,Referral
5136,2025-02-18,Retail,Delhi,Organic
5137,2025-08-11,Premium,Kolkata,Organic
5138,2025-11-14,Retail,Bengaluru,Organic
5139,2025-02-08,Retail,Gurugram,Social
5140,2026-04-28,Retail,Mumbai,Paid Search
5141,2025-07-02,Retail,Hyderabad,Organic
5142,2025-01-08,Premium,Kolkata,Organic
5143,2025-11-16,Retail,Mumbai,Social
5144,2025-09-28,Retail,Bengaluru,Referral
5145,2025-11-07,Retail,Kolkata,Organic
5146,2025-12-31,Corporate,Bengaluru,Referral
5147,2025-08-19,Retail,Gurugram,Social
5148,2026-02-05,Retail,Pune,Paid Search
5149,2025-06-29,Retail,Kolkata,Organic
5150,2025-09-22,Retail,Pune,Email
5151,2025-03-18,Retail,Delhi,Paid Search
5152,2025-10-28,Premium,Kolkata,Paid Search
5153,2025-05-07,Retail,Hyderabad,Email
5154,2025-12-04,Retail,Hyderabad,Referral
5155,2026-01-24,Retail,Chennai,Referral
5156,2026-02-21,Retail,Bengaluru,Referral
5157,2026-03-27,Retail,Hyderabad,Organic
5158,2025-03-01,Premium,Pune,Referral
5159,2025-03-08,Retail,Pune,Paid Search
5160,2026-03-26,Premium,Chennai,Email
5161,2025-07-04,Retail,Delhi,Paid Search
5162,2025-01-13,Retail,Gurugram,Organic
5163,2025-05-20,Retail,Pune,Paid Search
5164,2026-02-10,Retail,Pune,Referral
5165,2025-06-22,Retail,Gurugram,Paid Search
5166,2025-02-07,Corporate,Hyderabad,Referral
5167,2025-12-17,Premium,Delhi,Organic
5168,2025-04-05,Premium,Mumbai,Organic
5169,2025-06-21,Premium,Gurugram,Social
5170,2025-01-02,Retail,Gurugram,Paid Search
5171,2025-10-19,Retail,Delhi,Social
5172,2025-08-04,Retail,Chennai,Email
5173,2026-02-25,Premium,Chennai,Social
5174,2025-06-12,Retail,Mumbai,Paid Search
5175,2025-04-10,Retail,Kolkata,Paid Search
5176,2025-03-22,Retail,Hyderabad,Email
5177,2025-04-08,Retail,Mumbai,Social
5178,2025-08-07,Premium,Pune,Referral
5179,2025-02-12,Retail,Gurugram,Paid Search
5180,2025-07-15,Retail,Mumbai,Referral
5181,2026-02-19,Premium,Pune,Organic
5182,2026-01-08,Retail,Chennai,Referral
5183,2025-11-06,Retail,Chennai,Email
5184,2026-03-10,Retail,Chennai,Email
5185,2026-01-14,Retail,Chennai,Organic
5186,2025-11-13,Retail,Mumbai,Referral
5187,2026-02-23,Retail,Delhi,Organic
5188,2025-03-02,Retail,Gurugram,Paid Search
5189,2026-02-01,Retail,Bengaluru,Social
5190,2025-05-24,Retail,Gurugram,Paid Search
5191,2025-12-22,Corporate,Bengaluru,Paid Search
5192,2026-03-19,Retail,Bengaluru,Social
5193,2025-08-29,Retail,Delhi,Social
5194,2025-02-13,Retail,Hyderabad,Social
5195,2025-06-29,Retail,Gurugram,Paid Search
5196,2025-07-17,Corporate,Gurugram,Social
5197,2026-03-31,Retail,Bengaluru,Paid Search
5198,2026-04-03,Retail,Hyderabad,Organic
5199,2025-10-03,Retail,Chennai,Paid Search
5200,2026-04-07,Premium,Gurugram,Referral
5201,2025-07-31,Retail,Pune,Organic
5202,2025-07-19,Premium,Mumbai,Organic
5203,2026-02-10,Retail,Bengaluru,Email
5204,2025-11-20,Retail,Chennai,Email
5205,2025-09-11,Premium,Delhi,Social
5206,2025-08-10,Retail,Pune,Referral
5207,2025-12-09,Retail,Kolkata,Email
5208,2026-01-01,Retail,Bengaluru,Social
5209,2025-08-26,Retail,Pune,Organic
5210,2025-01-16,Retail,Chennai,Social
5211,2025-02-19,Retail,Pune,Email
5212,2025-03-11,Retail,Delhi,Social
5213,2025-08-13,Retail,Pune,Organic
5214,2025-10-25,Retail,Mumbai,Email
5215,2026-01-25,Premium,Chennai,Referral
5216,2025-04-23,Retail,Bengaluru,Paid Search
5217,2026-01-17,Retail,Gurugram,Email
5218,2025-11-20,Retail,Delhi,Referral
5219,2025-01-26,Retail,Gurugram,Referral
5220,2025-06-20,Retail,Delhi,Email
5221,2025-05-27,Premium,Chennai,Organic
5222,2026-03-07,Premium,Bengaluru,Referral
5223,2026-03-23,Retail,Mumbai,Paid Search
5224,2026-02-02,Premium,Mumbai,Email
5225,2025-09-14,Premium,Delhi,Email
5226,2025-08-28,Premium,Mumbai,Referral
5227,2025-06-01,Premium,Hyderabad,Referral
5228,2026-01-10,Retail,Mumbai,Referral
5229,2025-02-11,Retail,Gurugram,Organic
5230,2025-05-12,Retail,Kolkata,Paid Search
5231,2025-03-07,Retail,Hyderabad,Organic
5232,2025-08-28,Premium,Delhi,Referral
5233,2025-05-26,Retail,Gurugram,Social
5234,2025-04-06,Retail,Chennai,Social
5235,2025-07-02,Premium,Mumbai,Organic
5236,2026-02-22,Retail,Delhi,Social
5237,2025-09-28,Premium,Pune,Paid Search
5238,2026-02-04,Retail,Delhi,Email
5239,2026-03-20,Retail,Pune,Email
5240,2026-03-14,Retail,Hyderabad,Paid Search
5241,2025-06-20,Retail,Gurugram,Referral
5242,2026-03-02,Retail,Hyderabad,Organic
5243,2026-03-18,Retail,Hyderabad,Organic
5244,2026-04-11,Retail,Pune,Social
5245,2025-06-20,Retail,Gurugram,Referral
5246,2025-04-21,Premium,Chennai,Organic
5247,2025-10-11,Retail,Chennai,Organic
5248,2026-03-28,Retail,Bengaluru,Paid Search
5249,2026-03-13,Retail,Hyderabad,Organic
5250,2025-10-05,Corporate,Mumbai,Paid Search
5251,2025-03-14,Premium,Hyderabad,Paid Search
5252,2025-07-24,Corporate,Kolkata,Email
5253,2025-12-13,Premium,Delhi,Paid Search
5254,2025-09-29,Retail,Mumbai,Organic
5255,2025-06-17,Retail,Pune,Organic
5256,2025-06-16,Retail,Kolkata,Organic
5257,2025-01-29,Premium,Gurugram,Referral
5258,2025-05-20,Retail,Pune,Paid Search
5259,2025-11-21,Retail,Chennai,Organic
5260,2025-04-28,Premium,Bengaluru,Email
5261,2026-04-27,Premium,Hyderabad,Referral
5262,2025-02-09,Corporate,Bengaluru,Organic
5263,2025-10-13,Retail,Delhi,Organic
5264,2025-08-29,Retail,Bengaluru,Referral
5265,2026-02-09,Retail,Mumbai,Social
5266,2026-03-07,Retail,Pune,Email
5267,2025-09-21,Retail,Kolkata,Organic
5268,2025-11-02,Retail,Gurugram,Referral
5269,2025-12-05,Premium,Gurugram,Organic
5270,2025-09-10,Retail,Bengaluru,Paid Search
5271,2025-03-31,Retail,Gurugram,Referral
5272,2025-07-27,Premium,Gurugram,Referral
5273,2025-04-28,Retail,Pune,Organic
5274,2025-08-14,Retail,Mumbai,Organic
5275,2025-10-26,Retail,Kolkata,Referral
5276,2025-04-12,Retail,Delhi,Organic
5277,2025-05-01,Premium,Bengaluru,Paid Search
5278,2026-02-04,Retail,Pune,Organic
5279,2025-07-03,Retail,Kolkata,Organic
5280,2025-04-07,Corporate,Gurugram,Referral
5281,2025-12-12,Retail,Kolkata,Organic
5282,2025-12-14,Premium,Hyderabad,Paid Search
5283,2026-02-05,Retail,Delhi,Social
5284,2026-01-04,Corporate,Kolkata,Organic
5285,2026-04-27,Retail,Kolkata,Social
5286,2025-10-06,Retail,Hyderabad,Paid Search
5287,2025-05-20,Premium,Pune,Referral
5288,2026-02-23,Premium,Kolkata,Referral
5289,2025-05-09,Retail,Mumbai,Referral
5290,2025-05-22,Retail,Kolkata,Paid Search
5291,2026-02-06,Retail,Pune,Referral
5292,2026-03-04,Premium,Chennai,Social
5293,2025-06-14,Premium,Mumbai,Paid Search
5294,2025-12-20,Retail,Pune,Organic
5295,2026-03-24,Retail,Bengaluru,Organic
5296,2026-01-23,Retail,Pune,Organic
5297,2025-01-03,Premium,Pune,Organic
5298,2025-11-19,Retail,Gurugram,Email
5299,2025-03-24,Retail,Chennai,Email
5300,2026-02-15,Corporate,Pune,Organic
5301,2025-02-02,Retail,Hyderabad,Email
5302,2026-04-27,Retail,Bengaluru,Social
5303,2025-03-28,Retail,Chennai,Paid Search
5304,2025-07-23,Retail,Gurugram,Email
5305,2025-04-24,Premium,Pune,Referral
5306,2026-01-30,Retail,Chennai,Social
5307,2025-07-10,Retail,Bengaluru,Organic
5308,2025-12-28,Retail,Pune,Organic
5309,2025-02-02,Premium,Pune,Email
5310,2025-08-08,Retail,Chennai,Organic
5311,2026-03-18,Retail,Bengaluru,Organic
5312,2026-03-26,Retail,Bengaluru,Organic
5313,2025-04-12,Retail,Bengaluru,Paid Search
5314,2025-07-11,Corporate,Hyderabad,Paid Search
5315,2025-07-18,Premium,Bengaluru,Email
5316,2025-10-02,Premium,Mumbai,Paid Search
5317,2025-09-18,Retail,Pune,Email
5318,2025-02-21,Retail,Kolkata,Social
5319,2026-01-05,Corporate,Delhi,Paid Search
5320,2025-04-20,Retail,Chennai,Organic
5321,2025-06-02,Premium,Kolkata,Organic
5322,2026-02-12,Retail,Kolkata,Email
5323,2025-12-01,Retail,Kolkata,Referral
5324,2025-07-12,Retail,Bengaluru,Paid Search
5325,2026-03-19,Retail,Delhi,Email
5326,2025-07-11,Retail,Gurugram,Referral
5327,2025-10-02,Retail,Chennai,Organic
5328,2025-04-30,Retail,Bengaluru,Social
5329,2025-03-30,Retail,Kolkata,Referral
5330,2025-08-27,Premium,Bengaluru,Referral
5331,2025-10-01,Retail,Chennai,Organic
5332,2026-01-26,Premium,Gurugram,Organic
5333,2025-07-09,Retail,Kolkata,Paid Search
5334,2026-03-11,Retail,Chennai,Organic
5335,2025-10-22,Retail,Mumbai,Organic
5336,2025-02-04,Corporate,Gurugram,Social
5337,2025-12-25,Retail,Hyderabad,Paid Search
5338,2025-10-06,Corporate,Pune,Organic
5339,2025-07-08,Retail,Pune,Social
5340,2025-08-15,Premium,Mumbai,Organic
5341,2025-05-27,Premium,Pune,Paid Search
5342,2025-10-25,Corporate,Hyderabad,Referral
5343,2025-10-02,Retail,Bengaluru,Email
5344,2025-08-05,Corporate,Kolkata,Organic
5345,2025-05-19,Retail,Chennai,Email
5346,2025-07-13,Premium,Hyderabad,Email
5347,2025-08-30,Retail,Delhi,Social
5348,2025-08-17,Retail,Chennai,Email
5349,2025-05-31,Retail,Chennai,Organic
5350,2025-10-10,Premium,Mumbai,Organic
5351,2025-04-20,Retail,Kolkata,Referral
5352,2025-08-31,Retail,Hyderabad,Paid Search
5353,2025-02-28,Retail,Chennai,Paid Search
5354,2025-08-17,Premium,Kolkata,Organic
5355,2026-01-16,Retail,Chennai,Organic
5356,2026-02-01,Retail,Gurugram,Organic
5357,2025-12-03,Retail,Delhi,Organic
5358,2025-12-28,Retail,Bengaluru,Email
5359,2025-02-01,Retail,Delhi,Organic
5360,2025-06-15,Premium,Mumbai,Referral
5361,2025-11-14,Premium,Bengaluru,Organic
5362,2026-01-24,Retail,Delhi,Paid Search
5363,2025-10-10,Retail,Hyderabad,Email
5364,2026-02-19,Retail,Mumbai,Organic
5365,2025-05-13,Retail,Delhi,Organic
5366,2025-03-16,Retail,Kolkata,Referral
5367,2025-02-11,Premium,Chennai,Organic
5368,2025-10-10,Retail,Hyderabad,Organic
5369,2025-11-19,Retail,Pune,Email
5370,2025-05-19,Corporate,Bengaluru,Paid Search
5371,2026-01-16,Retail,Hyderabad,Social
5372,2025-12-25,Retail,Kolkata,Organic
5373,2025-06-24,Retail,Pune,Organic
5374,2025-04-26,Retail,Kolkata,Paid Search
5375,2025-12-27,Premium,Hyderabad,Social
5376,2025-11-22,Premium,Bengaluru,Organic
5377,2025-03-24,Retail,Gurugram,Email
5378,2025-05-04,Retail,Gurugram,Referral
5379,2025-08-24,Retail,Mumbai,Social
5380,2025-09-05,Retail,Hyderabad,Paid Search
5381,2025-03-22,Retail,Kolkata,Social
5382,2026-04-06,Retail,Bengaluru,Referral
5383,2025-07-08,Retail,Chennai,Organic
5384,2025-07-04,Premium,Gurugram,Email
5385,2025-01-30,Premium,Mumbai,Paid Search
5386,2026-03-01,Retail,Mumbai,Email
5387,2025-04-25,Retail,Gurugram,Email
5388,2026-04-24,Retail,Gurugram,Organic
5389,2025-08-29,Retail,Kolkata,Paid Search
5390,2026-03-01,Retail,Pune,Paid Search
5391,2025-03-28,Retail,Delhi,Paid Search
5392,2025-03-22,Corporate,Gurugram,Referral
5393,2026-01-24,Retail,Mumbai,Organic
5394,2026-02-02,Retail,Mumbai,Social
5395,2025-09-21,Retail,Chennai,Email
5396,2025-01-16,Retail,Hyderabad,Email
5397,2026-04-03,Retail,Kolkata,Organic
5398,2025-07-10,Retail,Kolkata,Email
5399,2026-03-30,Premium,Kolkata,Organic
5400,2026-02-27,Premium,Kolkata,Paid Search
5401,2026-02-17,Corporate,Pune,Organic
5402,2025-12-01,Retail,Kolkata,Social
5403,2025-11-23,Retail,Gurugram,Organic
5404,2025-09-16,Retail,Bengaluru,Organic
5405,2025-01-13,Retail,Hyderabad,Paid Search
5406,2025-07-08,Retail,Pune,Email
5407,2025-12-21,Premium,Kolkata,Social
5408,2026-01-29,Retail,Hyderabad,Social
5409,2025-09-29,Retail,Bengaluru,Social
5410,2025-12-11,Retail,Bengaluru,Paid Search
5411,2025-01-11,Retail,Kolkata,Organic
5412,2025-08-16,Retail,Pune,Organic
5413,2025-09-04,Retail,Bengaluru,Paid Search
5414,2026-03-09,Retail,Chennai,Email
5415,2025-05-31,Retail,Chennai,Organic
5416,2025-04-22,Corporate,Pune,Social
5417,2025-06-20,Retail,Pune,Referral
5418,2025-03-24,Retail,Mumbai,Email
5419,2025-09-28,Retail,Mumbai,Organic
5420,2025-11-08,Premium,Kolkata,Email
5421,2026-01-24,Retail,Chennai,Social
5422,2026-04-17,Retail,Gurugram,Paid Search
5423,2025-02-05,Retail,Gurugram,Referral
5424,2025-04-30,Retail,Bengaluru,Organic
5425,2025-05-26,Retail,Hyderabad,Referral
5426,2025-05-02,Retail,Kolkata,Social
5427,2026-02-06,Retail,Delhi,Referral
5428,2025-03-09,Premium,Kolkata,Email
5429,2025-01-15,Retail,Mumbai,Social
5430,2026-02-22,Retail,Bengaluru,Organic
5431,2026-04-12,Retail,Hyderabad,Organic
5432,2025-04-20,Retail,Chennai,Email
5433,2025-06-11,Retail,Bengaluru,Social
5434,2025-09-02,Retail,Gurugram,Email
5435,2025-09-13,Retail,Kolkata,Paid Search
5436,2026-04-26,Corporate,Chennai,Paid Search
5437,2025-07-16,Retail,Kolkata,Email
5438,2025-01-06,Premium,Delhi,Referral
5439,2025-07-25,Premium,Kolkata,Paid Search
5440,2025-09-27,Retail,Pune,Organic
5441,2025-09-08,Retail,Mumbai,Email
5442,2025-09-06,Retail,Kolkata,Referral
5443,2026-03-24,Corporate,Delhi,Paid Search
5444,2026-01-27,Retail,Pune,Paid Search
5445,2025-05-03,Retail,Pune,Organic
5446,2025-06-22,Retail,Delhi,Paid Search
5447,2025-11-20,Premium,Bengaluru,Organic
5448,2025-07-19,Retail,Delhi,Organic
5449,2025-07-27,Retail,Gurugram,Referral
5450,2025-03-23,Retail,Kolkata,Paid Search
5451,2025-05-04,Retail,Gurugram,Referral
5452,2025-12-26,Premium,Hyderabad,Paid Search
5453,2026-02-13,Premium,Bengaluru,Organic
5454,2026-01-16,Retail,Gurugram,Paid Search
5455,2025-05-30,Retail,Bengaluru,Organic
5456,2025-03-08,Premium,Hyderabad,Social
5457,2025-03-19,Retail,Mumbai,Email
5458,2025-07-10,Retail,Kolkata,Referral
5459,2025-09-09,Retail,Delhi,Referral
5460,2026-03-10,Retail,Delhi,Email
5461,2026-03-12,Corporate,Kolkata,Referral
5462,2025-01-02,Retail,Kolkata,Social
5463,2025-12-10,Retail,Kolkata,Referral
5464,2025-05-25,Premium,Kolkata,Paid Search
5465,2025-04-06,Retail,Mumbai,Organic
5466,2025-09-27,Premium,Bengaluru,Social
5467,2025-01-17,Retail,Kolkata,Referral
5468,2025-06-12,Retail,Bengaluru,Organic
5469,2025-09-25,Retail,Kolkata,Email
5470,2025-05-12,Retail,Gurugram,Organic
5471,2025-10-15,Retail,Gurugram,Referral
5472,2025-08-12,Retail,Kolkata,Email
5473,2026-01-23,Premium,Kolkata,Paid Search
5474,2025-03-30,Premium,Pune,Email
5475,2025-01-28,Retail,Delhi,Referral
5476,2025-09-14,Retail,Hyderabad,Referral
5477,2025-05-05,Retail,Gurugram,Email
5478,2025-12-09,Retail,Gurugram,Social
5479,2025-02-15,Retail,Mumbai,Paid Search
5480,2025-10-07,Premium,Chennai,Social
5481,2026-04-26,Corporate,Bengaluru,Paid Search
5482,2025-02-15,Retail,Hyderabad,Paid Search
5483,2025-05-27,Premium,Chennai,Organic
5484,2026-02-14,Retail,Hyderabad,Paid Search
5485,2025-09-16,Retail,Pune,Referral
5486,2025-03-26,Retail,Delhi,Email
5487,2025-04-14,Retail,Bengaluru,Email
5488,2026-01-06,Retail,Kolkata,Organic
5489,2026-02-22,Corporate,Pune,Social
5490,2025-06-24,Retail,Kolkata,Social
5491,2025-08-18,Retail,Gurugram,Organic
5492,2026-01-15,Retail,Bengaluru,Social
5493,2025-03-27,Corporate,Bengaluru,Paid Search
5494,2025-04-11,Retail,Bengaluru,Email
5495,2026-01-11,Premium,Pune,Organic
5496,2025-04-01,Premium,Bengaluru,Referral
5497,2026-01-09,Retail,Hyderabad,Email
5498,2025-08-30,Retail,Mumbai,Referral
5499,2026-04-26,Retail,Hyderabad,Organic
5500,2025-01-16,Premium,Gurugram,Organic
5501,2026-04-04,Retail,Hyderabad,Email
5502,2025-04-20,Retail,Kolkata,Organic
5503,2025-01-18,Retail,Hyderabad,Organic
5504,2025-12-18,Retail,Hyderabad,Email
5505,2025-09-16,Premium,Chennai,Referral
5506,2026-02-11,Premium,Delhi,Referral
5507,2025-02-22,Retail,Bengaluru,Organic
5508,2025-02-09,Retail,Mumbai,Paid Search
5509,2025-10-03,Retail,Mumbai,Referral
5510,2026-03-04,Premium,Chennai,Paid Search
5511,2025-07-16,Retail,Mumbai,Organic
5512,2026-01-22,Premium,Mumbai,Organic
5513,2026-03-16,Retail,Pune,Social
5514,2026-02-26,Retail,Bengaluru,Organic
5515,2025-09-04,Premium,Delhi,Email
5516,2025-12-05,Retail,Gurugram,Organic
5517,2025-09-12,Retail,Gurugram,Organic
5518,2025-11-23,Retail,Pune,Email
5519,2025-10-03,Retail,Pune,Email
5520,2025-09-12,Corporate,Kolkata,Social
5521,2025-07-31,Premium,Gurugram,Email
5522,2025-11-13,Premium,Delhi,Organic
5523,2025-12-31,Retail,Delhi,Paid Search
5524,2026-03-22,Retail,Bengaluru,Organic
5525,2025-10-25,Premium,Bengaluru,Paid Search
5526,2025-02-18,Retail,Gurugram,Referral
5527,2025-10-12,Corporate,Pune,Referral
5528,2025-06-03,Retail,Kolkata,Organic
5529,2025-01-14,Retail,Chennai,Paid Search
5530,2025-02-05,Retail,Chennai,Email
5531,2025-10-14,Retail,Gurugram,Social
5532,2026-04-04,Retail,Pune,Organic
5533,2025-09-03,Retail,Kolkata,Paid Search
5534,2025-08-04,Premium,Bengaluru,Paid Search
5535,2025-02-13,Retail,Bengaluru,Paid Search
5536,2025-11-24,Retail,Pune,Paid Search
5537,2025-01-27,Retail,Gurugram,Paid Search
5538,2026-02-12,Premium,Delhi,Paid Search
5539,2026-01-31,Retail,Pune,Paid Search
5540,2026-04-26,Corporate,Mumbai,Organic
5541,2025-05-18,Corporate,Gurugram,Organic
5542,2025-03-20,Retail,Pune,Paid Search
5543,2025-05-26,Retail,Delhi,Email
5544,2026-01-23,Premium,Delhi,Referral
5545,2025-04-17,Retail,Chennai,Organic
5546,2026-03-07,Premium,Mumbai,Paid Search
5547,2025-03-16,Retail,Delhi,Social
5548,2025-01-24,Retail,Mumbai,Paid Search
5549,2025-04-17,Retail,Mumbai,Social
5550,2026-01-01,Retail,Bengaluru,Email
5551,2025-10-20,Corporate,Chennai,Organic
5552,2025-06-22,Retail,Kolkata,Paid Search
5553,2025-11-15,Corporate,Pune,Paid Search
5554,2025-11-11,Retail,Gurugram,Social
5555,2025-09-27,Premium,Kolkata,Organic
5556,2025-09-07,Premium,Mumbai,Social
5557,2025-02-19,Retail,Chennai,Organic
5558,2025-05-06,Retail,Mumbai,Referral
5559,2025-09-13,Premium,Gurugram,Social
5560,2025-03-07,Premium,Kolkata,Paid Search
5561,2025-08-19,Retail,Delhi,Email
5562,2025-02-26,Retail,Mumbai,Referral
5563,2026-01-17,Premium,Hyderabad,Paid Search
5564,2025-02-20,Retail,Chennai,Email
5565,2025-02-14,Retail,Pune,Referral
5566,2025-11-06,Retail,Delhi,Organic
5567,2025-04-17,Retail,Chennai,Social
5568,2025-06-20,Premium,Chennai,Social
5569,2025-06-02,Retail,Gurugram,Social
5570,2025-04-16,Corporate,Bengaluru,Email
5571,2026-01-05,Retail,Delhi,Paid Search
5572,2025-12-02,Retail,Chennai,Organic
5573,2025-04-26,Retail,Chennai,Paid Search
5574,2025-11-30,Retail,Pune,Referral
5575,2025-12-13,Premium,Chennai,Paid Search
5576,2025-09-19,Retail,Mumbai,Organic
5577,2025-10-08,Premium,Mumbai,Paid Search
5578,2026-03-30,Retail,Hyderabad,Social
5579,2025-08-09,Retail,Gurugram,Organic
5580,2025-07-06,Retail,Pune,Paid Search
5581,2025-09-19,Premium,Chennai,Organic
5582,2026-02-10,Retail,Gurugram,Paid Search
5583,2025-12-11,Retail,Bengaluru,Organic
5584,2025-02-06,Retail,Hyderabad,Organic
5585,2025-08-11,Retail,Chennai,Social
5586,2025-12-25,Retail,Mumbai,Organic
5587,2025-04-19,Retail,Hyderabad,Organic
5588,2026-04-25,Corporate,Pune,Social
5589,2026-01-27,Retail,Bengaluru,Organic
5590,2026-02-15,Retail,Mumbai,Organic
5591,2025-02-09,Retail,Hyderabad,Paid Search
5592,2025-10-09,Premium,Gurugram,Paid Search
5593,2025-09-13,Retail,Hyderabad,Paid Search
5594,2025-10-31,Retail,Kolkata,Email
5595,2026-02-17,Premium,Chennai,Paid Search
5596,2025-06-21,Retail,Mumbai,Social
5597,2025-09-16,Retail,Gurugram,Email
5598,2025-11-26,Retail,Pune,Paid Search
5599,2026-01-01,Retail,Pune,Referral
5600,2026-01-09,Premium,Chennai,Paid Search
5601,2025-06-13,Premium,Delhi,Social
5602,2026-04-30,Premium,Bengaluru,Email
5603,2025-01-05,Premium,Kolkata,Organic
5604,2025-08-27,Premium,Chennai,Email
5605,2025-10-23,Retail,Hyderabad,Paid Search
5606,2025-01-30,Retail,Hyderabad,Social
5607,2025-08-07,Retail,Pune,Paid Search
5608,2025-10-16,Corporate,Hyderabad,Organic
5609,2025-10-22,Corporate,Hyderabad,Organic
5610,2025-02-27,Premium,Pune,Email
5611,2025-05-15,Retail,Bengaluru,Social
5612,2025-04-29,Retail,Pune,Email
5613,2025-11-07,Premium,Chennai,Organic
5614,2025-06-09,Retail,Chennai,Organic
5615,2025-10-05,Retail,Pune,Paid Search
5616,2025-12-21,Retail,Hyderabad,Organic
5617,2026-01-22,Retail,Chennai,Paid Search
5618,2025-03-31,Retail,Chennai,Email
5619,2026-03-15,Corporate,Bengaluru,Email
5620,2025-03-22,Premium,Hyderabad,Paid Search
5621,2025-01-11,Retail,Chennai,Paid Search
5622,2025-01-22,Retail,Chennai,Social
5623,2025-04-08,Premium,Hyderabad,Social
5624,2026-02-28,Retail,Bengaluru,Social
5625,2025-04-11,Retail,Gurugram,Paid Search
5626,2025-12-03,Retail,Pune,Organic
5627,2025-07-22,Retail,Pune,Organic
5628,2025-01-20,Retail,Hyderabad,Email
5629,2025-08-04,Premium,Kolkata,Referral
5630,2025-01-14,Retail,Bengaluru,Email
5631,2025-08-19,Retail,Gurugram,Paid Search
5632,2025-09-28,Retail,Delhi,Paid Search
5633,2025-09-10,Corporate,Delhi,Paid Search
5634,2025-05-18,Retail,Pune,Email
5635,2026-01-07,Retail,Kolkata,Organic
5636,2025-10-17,Retail,Delhi,Social
5637,2025-05-04,Corporate,Chennai,Organic
5638,2025-07-30,Premium,Hyderabad,Organic
5639,2025-02-22,Retail,Delhi,Organic
5640,2026-03-24,Retail,Bengaluru,Paid Search
5641,2026-01-01,Retail,Chennai,Referral
5642,2025-05-20,Premium,Chennai,Email
5643,2025-11-24,Premium,Kolkata,Social
5644,2025-11-26,Corporate,Gurugram,Paid Search
5645,2025-10-23,Retail,Delhi,Referral
5646,2025-01-27,Retail,Kolkata,Organic
5647,2026-03-03,Retail,Delhi,Referral
5648,2026-04-09,Premium,Gurugram,Referral
5649,2026-04-18,Retail,Kolkata,Paid Search
5650,2026-04-21,Retail,Gurugram,Organic
5651,2026-03-27,Premium,Delhi,Organic
5652,2025-12-25,Retail,Delhi,Paid Search
5653,2025-01-28,Premium,Gurugram,Email
5654,2025-08-14,Retail,Bengaluru,Social
5655,2025-04-29,Retail,Hyderabad,Paid Search
5656,2025-04-17,Retail,Bengaluru,Paid Search
5657,2026-02-07,Retail,Mumbai,Referral
5658,2026-01-30,Premium,Delhi,Paid Search
5659,2025-09-11,Retail,Mumbai,Organic
5660,2025-12-24,Retail,Kolkata,Social
5661,2025-03-04,Retail,Delhi,Paid Search
5662,2025-04-18,Premium,Gurugram,Paid Search
5663,2026-02-22,Corporate,Mumbai,Paid Search
5664,2025-08-07,Premium,Pune,Organic
5665,2025-09-23,Retail,Bengaluru,Email
5666,2025-08-13,Retail,Gurugram,Referral
5667,2025-04-09,Retail,Delhi,Email
5668,2026-02-05,Retail,Chennai,Email
5669,2026-01-03,Retail,Gurugram,Paid Search
5670,2025-11-28,Retail,Hyderabad,Paid Search
5671,2025-06-21,Retail,Hyderabad,Social
5672,2025-11-08,Premium,Mumbai,Organic
5673,2026-04-08,Retail,Gurugram,Email
5674,2025-11-12,Premium,Gurugram,Organic
5675,2025-08-28,Corporate,Hyderabad,Paid Search
5676,2025-05-12,Retail,Chennai,Social
5677,2025-09-11,Retail,Kolkata,Email
5678,2025-06-30,Premium,Bengaluru,Social
5679,2025-10-24,Retail,Delhi,Social
5680,2025-01-23,Retail,Mumbai,Paid Search
5681,2025-04-03,Retail,Gurugram,Social
5682,2026-01-17,Premium,Kolkata,Referral
5683,2025-07-04,Premium,Delhi,Paid Search
5684,2025-07-30,Premium,Kolkata,Referral
5685,2025-09-21,Retail,Gurugram,Organic
5686,2025-08-01,Retail,Pune,Paid Search
5687,2026-01-03,Premium,Hyderabad,Email
5688,2025-04-29,Premium,Gurugram,Paid Search
5689,2026-01-03,Retail,Kolkata,Social
5690,2025-04-12,Corporate,Hyderabad,Paid Search
5691,2025-06-29,Premium,Hyderabad,Email
5692,2025-10-13,Retail,Gurugram,Organic
5693,2026-03-06,Retail,Gurugram,Organic
5694,2025-04-23,Retail,Chennai,Email
5695,2025-10-12,Premium,Chennai,Social
5696,2025-02-01,Retail,Chennai,Paid Search
5697,2025-02-06,Retail,Bengaluru,Paid Search
5698,2026-01-08,Retail,Gurugram,Paid Search
5699,2025-12-15,Premium,Bengaluru,Email
5700,2025-07-02,Premium,Kolkata,Social
5701,2025-10-30,Premium,Kolkata,Email
5702,2025-07-04,Retail,Bengaluru,Email
5703,2025-05-15,Retail,Kolkata,Paid Search
5704,2025-07-29,Retail,Kolkata,Social
5705,2025-06-01,Retail,Hyderabad,Social
5706,2026-01-31,Retail,Pune,Referral
5707,2025-07-19,Corporate,Pune,Social
5708,2025-06-05,Retail,Delhi,Organic
5709,2025-09-18,Retail,Pune,Email
5710,2026-01-03,Retail,Chennai,Social
5711,2025-05-13,Premium,Pune,Email
5712,2026-04-01,Retail,Hyderabad,Paid Search
5713,2025-08-13,Retail,Pune,Paid Search
5714,2025-11-17,Retail,Pune,Social
5715,2026-04-10,Retail,Gurugram,Referral
5716,2025-07-29,Retail,Hyderabad,Organic
5717,2025-04-07,Retail,Mumbai,Paid Search
5718,2025-12-29,Premium,Delhi,Referral
5719,2025-01-04,Retail,Kolkata,Email
5720,2025-08-11,Retail,Mumbai,Organic
5721,2026-04-21,Retail,Hyderabad,Organic
5722,2025-07-20,Retail,Kolkata,Paid Search
5723,2025-11-28,Retail,Mumbai,Organic
5724,2025-09-12,Retail,Mumbai,Organic
5725,2025-04-15,Corporate,Chennai,Paid Search
5726,2025-06-04,Corporate,Chennai,Social
5727,2025-09-11,Premium,Mumbai,Paid Search
5728,2025-02-20,Retail,Pune,Paid Search
5729,2025-07-21,Premium,Chennai,Email
5730,2025-07-21,Premium,Mumbai,Paid Search
5731,2026-02-09,Retail,Hyderabad,Referral
5732,2025-03-02,Retail,Bengaluru,Organic
5733,2026-02-13,Premium,Gurugram,Referral
5734,2025-07-19,Corporate,Hyderabad,Referral
5735,2025-11-12,Retail,Kolkata,Organic
5736,2025-09-28,Retail,Gurugram,Social
5737,2025-05-26,Retail,Mumbai,Social
5738,2026-03-28,Retail,Gurugram,Paid Search
5739,2025-04-19,Premium,Delhi,Referral
5740,2025-01-18,Retail,Hyderabad,Paid Search
5741,2025-12-30,Corporate,Mumbai,Paid Search
5742,2025-10-29,Premium,Delhi,Email
5743,2026-03-08,Retail,Pune,Organic
5744,2025-08-11,Premium,Pune,Organic
5745,2025-01-09,Premium,Pune,Organic
5746,2025-01-10,Retail,Hyderabad,Email
5747,2025-07-30,Retail,Kolkata,Organic
5748,2025-05-02,Premium,Hyderabad,Organic
5749,2026-03-24,Retail,Pune,Social
5750,2025-02-27,Retail,Hyderabad,Referral
5751,2026-03-04,Retail,Mumbai,Paid Search
5752,2025-04-16,Retail,Chennai,Email
5753,2025-02-27,Retail,Kolkata,Organic
5754,2025-05-14,Retail,Bengaluru,Social
5755,2025-03-11,Retail,Hyderabad,Social
5756,2025-07-14,Retail,Gurugram,Paid Search
5757,2025-06-10,Premium,Mumbai,Email
5758,2025-09-14,Retail,Hyderabad,Social
5759,2025-09-18,Corporate,Bengaluru,Organic
5760,2025-01-01,Premium,Bengaluru,Organic
5761,2025-03-02,Retail,Hyderabad,Organic
5762,2025-03-20,Retail,Gurugram,Email
5763,2025-04-05,Retail,Delhi,Organic
5764,2025-02-15,Premium,Bengaluru,Email
5765,2025-06-02,Retail,Kolkata,Organic
5766,2025-09-24,Retail,Delhi,Email
5767,2025-05-30,Retail,Pune,Referral
5768,2025-06-09,Retail,Mumbai,Organic
5769,2025-08-16,Premium,Pune,Organic
5770,2025-09-23,Premium,Chennai,Referral
5771,2025-06-10,Retail,Chennai,Organic
5772,2025-04-18,Retail,Pune,Organic
5773,2025-07-18,Retail,Chennai,Referral
5774,2025-01-12,Retail,Pune,Email
5775,2025-08-27,Retail,Pune,Referral
5776,2026-04-02,Retail,Delhi,Email
5777,2025-07-12,Premium,Delhi,Social
5778,2025-02-22,Retail,Mumbai,Referral
5779,2025-12-09,Premium,Pune,Paid Search
5780,2025-03-03,Retail,Hyderabad,Referral
5781,2025-04-04,Retail,Bengaluru,Social
5782,2025-03-13,Retail,Hyderabad,Social
5783,2026-03-05,Retail,Gurugram,Email
5784,2026-04-21,Retail,Hyderabad,Paid Search
5785,2025-10-04,Corporate,Hyderabad,Social
5786,2025-10-27,Premium,Pune,Paid Search
5787,2025-11-10,Premium,Kolkata,Organic
5788,2025-10-23,Retail,Chennai,Paid Search
5789,2025-09-21,Retail,Gurugram,Email
5790,2026-04-24,Retail,Chennai,Paid Search
5791,2025-12-22,Corporate,Gurugram,Social
5792,2025-02-12,Premium,Pune,Social
5793,2025-07-10,Retail,Pune,Email
5794,2026-04-18,Corporate,Pune,Referral
5795,2025-07-15,Retail,Hyderabad,Organic
5796,2025-04-09,Retail,Mumbai,Paid Search
5797,2026-02-26,Retail,Bengaluru,Referral
5798,2025-10-30,Retail,Pune,Organic
5799,2025-09-30,Corporate,Pune,Paid Search
5800,2025-07-23,Premium,Mumbai,Paid Search
5801,2025-03-02,Retail,Kolkata,Organic
5802,2025-07-06,Retail,Chennai,Email
5803,2025-08-01,Retail,Pune,Email
5804,2026-03-28,Retail,Hyderabad,Referral
5805,2025-05-30,Retail,Pune,Organic
5806,2025-03-14,Retail,Pune,Email
5807,2025-07-27,Retail,Hyderabad,Social
5808,2026-04-29,Retail,Kolkata,Email
5809,2025-08-22,Retail,Mumbai,Organic
5810,2025-07-03,Corporate,Bengaluru,Organic
5811,2025-11-20,Retail,Hyderabad,Social
5812,2025-11-11,Retail,Delhi,Email
5813,2025-05-26,Retail,Delhi,Organic
5814,2026-04-15,Premium,Gurugram,Paid Search
5815,2025-10-15,Retail,Kolkata,Social
5816,2025-01-28,Retail,Bengaluru,Email
5817,2025-07-17,Premium,Bengaluru,Referral
5818,2026-03-24,Premium,Hyderabad,Email
5819,2025-07-10,Retail,Chennai,Social
5820,2025-10-03,Retail,Bengaluru,Email
5821,2025-10-25,Corporate,Delhi,Paid Search
5822,2025-12-08,Retail,Hyderabad,Organic
5823,2026-02-28,Retail,Pune,Social
5824,2025-03-14,Retail,Pune,Social
5825,2025-09-08,Retail,Mumbai,Paid Search
5826,2025-09-16,Retail,Kolkata,Organic
5827,2025-03-15,Retail,Chennai,Referral
5828,2025-11-23,Retail,Chennai,Referral
5829,2025-02-27,Retail,Gurugram,Paid Search
5830,2025-08-10,Retail,Pune,Email
5831,2025-06-10,Premium,Pune,Paid Search
5832,2025-03-17,Retail,Kolkata,Organic
5833,2026-02-03,Retail,Kolkata,Organic
5834,2025-04-29,Retail,Kolkata,Paid Search
5835,2025-05-04,Retail,Chennai,Organic
5836,2026-02-19,Retail,Delhi,Referral
5837,2026-03-02,Retail,Bengaluru,Referral
5838,2025-01-17,Premium,Pune,Paid Search
5839,2025-05-15,Retail,Hyderabad,Email
5840,2025-12-10,Premium,Delhi,Email
5841,2026-01-13,Premium,Bengaluru,Paid Search
5842,2026-04-30,Retail,Bengaluru,Organic
5843,2025-09-27,Retail,Delhi,Organic
5844,2025-01-04,Premium,Kolkata,Social
5845,2026-02-28,Retail,Hyderabad,Paid Search
5846,2025-03-20,Premium,Kolkata,Social
5847,2025-02-28,Premium,Kolkata,Social
5848,2025-11-23,Retail,Gurugram,Social
5849,2025-10-20,Premium,Gurugram,Organic
5850,2025-01-30,Retail,Hyderabad,Organic
5851,2025-03-24,Retail,Mumbai,Paid Search
5852,2025-10-14,Retail,Delhi,Referral
5853,2025-05-04,Retail,Pune,Social
5854,2025-11-28,Premium,Mumbai,Social
5855,2025-07-19,Premium,Mumbai,Social
5856,2025-10-13,Retail,Mumbai,Paid Search
5857,2025-08-19,Retail,Bengaluru,Organic
5858,2025-06-27,Retail,Bengaluru,Organic
5859,2025-06-16,Retail,Bengaluru,Organic
5860,2025-12-05,Retail,Pune,Organic
5861,2025-09-07,Retail,Gurugram,Paid Search
5862,2025-10-16,Premium,Chennai,Referral
5863,2025-10-07,Retail,Chennai,Organic
5864,2025-04-11,Retail,Mumbai,Organic
5865,2026-03-19,Retail,Delhi,Organic
5866,2025-10-01,Retail,Mumbai,Organic
5867,2025-12-15,Retail,Kolkata,Organic
5868,2026-03-04,Retail,Mumbai,Organic
5869,2026-03-25,Retail,Gurugram,Organic
5870,2025-11-20,Corporate,Kolkata,Email
5871,2026-01-17,Retail,Kolkata,Paid Search
5872,2025-08-17,Retail,Bengaluru,Organic
5873,2025-12-24,Premium,Mumbai,Paid Search
5874,2025-06-05,Retail,Mumbai,Organic
5875,2025-12-12,Corporate,Kolkata,Social
5876,2025-02-11,Retail,Hyderabad,Paid Search
5877,2026-03-20,Retail,Hyderabad,Email
5878,2025-04-29,Retail,Mumbai,Email
5879,2025-11-15,Retail,Bengaluru,Referral
5880,2025-01-06,Premium,Bengaluru,Organic
5881,2025-03-17,Retail,Chennai,Paid Search
5882,2026-04-24,Premium,Kolkata,Paid Search
5883,2026-02-09,Premium,Hyderabad,Referral
5884,2025-04-18,Premium,Bengaluru,Organic
5885,2025-03-05,Premium,Hyderabad,Social
5886,2026-01-31,Retail,Mumbai,Paid Search
5887,2026-04-26,Retail,Delhi,Paid Search
5888,2025-03-23,Premium,Mumbai,Paid Search
5889,2025-11-19,Retail,Delhi,Paid Search
5890,2025-05-18,Retail,Delhi,Social
5891,2025-12-28,Retail,Mumbai,Social
5892,2025-07-22,Retail,Gurugram,Organic
5893,2025-03-02,Premium,Mumbai,Organic
5894,2025-06-07,Retail,Chennai,Email
5895,2025-09-19,Retail,Mumbai,Paid Search
5896,2026-01-23,Corporate,Hyderabad,Social
5897,2025-01-11,Retail,Pune,Paid Search
5898,2026-04-10,Premium,Pune,Social
5899,2025-11-12,Retail,Kolkata,Social
5900,2026-03-01,Retail,Bengaluru,Organic
5901,2026-03-28,Retail,Chennai,Paid Search
5902,2025-03-16,Retail,Hyderabad,Paid Search
5903,2025-02-15,Retail,Hyderabad,Organic
5904,2026-01-12,Retail,Bengaluru,Referral
5905,2025-04-02,Retail,Gurugram,Organic
5906,2025-03-13,Retail,Kolkata,Organic
5907,2025-08-16,Retail,Hyderabad,Referral
5908,2026-03-19,Retail,Chennai,Email
5909,2026-01-21,Premium,Gurugram,Organic
5910,2025-09-09,Corporate,Bengaluru,Social
5911,2025-04-06,Premium,Bengaluru,Organic
5912,2025-06-13,Retail,Kolkata,Referral
5913,2025-11-30,Retail,Bengaluru,Paid Search
5914,2025-03-18,Retail,Delhi,Referral
5915,2025-09-12,Corporate,Pune,Paid Search
5916,2025-01-06,Corporate,Mumbai,Paid Search
5917,2025-06-07,Retail,Pune,Referral
5918,2025-05-01,Retail,Delhi,Organic
5919,2025-11-27,Premium,Hyderabad,Organic
5920,2026-03-20,Retail,Mumbai,Paid Search
5921,2025-03-13,Retail,Pune,Social
5922,2026-01-22,Retail,Mumbai,Organic
5923,2025-11-15,Premium,Bengaluru,Social
5924,2026-04-16,Retail,Gurugram,Paid Search
5925,2026-03-19,Retail,Gurugram,Social
5926,2025-02-18,Retail,Bengaluru,Email
5927,2025-12-27,Retail,Chennai,Paid Search
5928,2025-10-15,Premium,Bengaluru,Social
5929,2025-02-24,Premium,Mumbai,Paid Search
5930,2025-05-05,Retail,Delhi,Organic
5931,2026-03-26,Retail,Gurugram,Referral
5932,2025-09-21,Premium,Delhi,Email
5933,2025-06-14,Premium,Hyderabad,Referral
5934,2025-06-05,Retail,Mumbai,Email
5935,2026-02-11,Retail,Kolkata,Paid Search
5936,2025-05-18,Retail,Mumbai,Social
5937,2025-03-19,Premium,Pune,Organic
5938,2025-10-06,Retail,Bengaluru,Email
5939,2026-04-27,Retail,Pune,Social
5940,2025-03-30,Premium,Mumbai,Organic
5941,2025-05-04,Retail,Delhi,Referral
5942,2025-08-16,Corporate,Mumbai,Social
5943,2025-04-07,Retail,Pune,Email
5944,2025-11-12,Retail,Chennai,Referral
5945,2025-05-04,Corporate,Gurugram,Email
5946,2025-03-04,Corporate,Gurugram,Paid Search
5947,2025-05-07,Corporate,Kolkata,Paid Search
5948,2026-03-28,Premium,Delhi,Referral
5949,2026-03-30,Retail,Chennai,Organic
5950,2025-09-03,Retail,Chennai,Organic
5951,2025-07-14,Retail,Chennai,Email
5952,2026-02-02,Corporate,Chennai,Email
5953,2025-04-05,Retail,Chennai,Email
5954,2025-11-14,Premium,Pune,Organic
5955,2025-11-26,Corporate,Pune,Organic
5956,2025-12-11,Corporate,Chennai,Email
5957,2025-04-16,Corporate,Delhi,Organic
5958,2025-12-14,Retail,Pune,Paid Search
5959,2025-10-24,Retail,Mumbai,Paid Search
5960,2026-03-01,Corporate,Gurugram,Email
5961,2025-03-26,Retail,Gurugram,Paid Search
5962,2025-10-25,Retail,Mumbai,Organic
5963,2026-02-07,Corporate,Gurugram,Paid Search
5964,2025-05-15,Retail,Hyderabad,Organic
5965,2025-12-27,Retail,Chennai,Referral
5966,2025-02-18,Retail,Chennai,Social
5967,2025-12-15,Retail,Delhi,Social
5968,2025-10-22,Corporate,Gurugram,Paid Search
5969,2025-04-04,Retail,Chennai,Organic
5970,2025-02-02,Retail,Hyderabad,Organic
5971,2025-12-28,Retail,Pune,Email
5972,2025-04-28,Premium,Gurugram,Paid Search
5973,2025-08-30,Premium,Chennai,Paid Search
5974,2025-01-30,Retail,Chennai,Paid Search
5975,2026-04-13,Retail,Gurugram,Email
5976,2025-09-24,Retail,Chennai,Referral
5977,2026-03-28,Retail,Mumbai,Organic
5978,2025-03-19,Retail,Kolkata,Social
5979,2025-04-10,Retail,Gurugram,Paid Search
5980,2025-10-24,Retail,Chennai,Referral
5981,2025-10-21,Retail,Mumbai,Email
5982,2026-01-19,Retail,Pune,Referral
5983,2026-03-27,Retail,Delhi,Email
5984,2026-02-03,Retail,Kolkata,Paid Search
5985,2025-03-10,Premium,Gurugram,Paid Search
5986,2025-05-31,Retail,Delhi,Social
5987,2026-03-20,Retail,Delhi,Referral
5988,2025-09-24,Corporate,Gurugram,Organic
5989,2026-02-25,Retail,Kolkata,Paid Search
5990,2025-10-01,Premium,Kolkata,Organic
5991,2025-01-25,Retail,Mumbai,Organic
5992,2025-08-18,Premium,Chennai,Email
5993,2026-02-04,Retail,Kolkata,Organic
5994,2025-11-14,Retail,Delhi,Referral
5995,2025-03-06,Premium,Bengaluru,Paid Search
5996,2025-04-12,Premium,Bengaluru,Social
5997,2026-02-19,Retail,Pune,Email
5998,2026-04-20,Premium,Bengaluru,Referral
5999,2026-01-01,Retail,Bengaluru,Referral
6000,2025-02-17,Premium,Bengaluru,Organic
6001,2025-10-28,Premium,Delhi,Paid Search
6002,2026-02-07,Retail,Chennai,Referral
6003,2025-11-07,Premium,Chennai,Referral
6004,2025-10-16,Corporate,Gurugram,Referral
6005,2025-08-15,Premium,Pune,Referral
6006,2025-04-29,Retail,Chennai,Organic
6007,2025-05-17,Premium,Bengaluru,Organic
6008,2025-12-28,Retail,Hyderabad,Email
6009,2025-02-03,Retail,Hyderabad,Social
6010,2025-02-10,Premium,Gurugram,Referral
6011,2025-07-12,Retail,Hyderabad,Social
6012,2026-01-11,Premium,Kolkata,Email
6013,2025-11-15,Retail,Bengaluru,Email
6014,2025-10-14,Retail,Chennai,Organic
6015,2025-09-17,Corporate,Bengaluru,Email
6016,2025-02-23,Retail,Hyderabad,Paid Search
6017,2025-06-10,Retail,Kolkata,Paid Search
6018,2025-02-08,Retail,Chennai,Email
6019,2026-01-03,Retail,Hyderabad,Paid Search
6020,2025-12-31,Retail,Hyderabad,Organic
6021,2025-05-06,Retail,Kolkata,Social
6022,2025-05-23,Corporate,Mumbai,Email
6023,2025-06-03,Corporate,Kolkata,Organic
6024,2026-03-08,Premium,Pune,Social
6025,2025-08-25,Retail,Bengaluru,Paid Search
6026,2026-01-05,Premium,Chennai,Paid Search
6027,2025-08-06,Retail,Gurugram,Referral
6028,2025-12-05,Premium,Bengaluru,Social
6029,2025-09-14,Retail,Hyderabad,Referral
6030,2025-05-16,Corporate,Gurugram,Referral
6031,2026-03-02,Retail,Bengaluru,Email
6032,2025-12-10,Retail,Kolkata,Referral
6033,2026-01-09,Corporate,Gurugram,Organic
6034,2026-04-05,Retail,Pune,Referral
6035,2025-05-01,Premium,Delhi,Social
6036,2025-02-14,Premium,Delhi,Organic
6037,2025-10-10,Retail,Bengaluru,Social
6038,2025-06-08,Retail,Delhi,Referral
6039,2025-07-31,Retail,Kolkata,Organic
6040,2025-04-24,Premium,Chennai,Paid Search
6041,2025-07-13,Corporate,Hyderabad,Paid Search
6042,2025-07-10,Retail,Kolkata,Paid Search
6043,2025-06-20,Premium,Mumbai,Email
6044,2025-12-27,Retail,Pune,Organic
6045,2025-10-15,Retail,Bengaluru,Referral
6046,2025-08-19,Premium,Delhi,Referral
6047,2025-02-24,Premium,Hyderabad,Paid Search
6048,2025-10-04,Retail,Mumbai,Paid Search
6049,2025-03-26,Retail,Delhi,Organic
6050,2025-06-02,Retail,Mumbai,Organic
6051,2025-07-21,Retail,Mumbai,Paid Search
6052,2025-03-10,Retail,Chennai,Organic
6053,2025-07-08,Premium,Kolkata,Referral
6054,2025-05-10,Retail,Hyderabad,Social
6055,2026-02-17,Retail,Chennai,Organic
6056,2026-02-21,Premium,Delhi,Paid Search
6057,2025-01-03,Retail,Kolkata,Email
6058,2025-10-20,Retail,Pune,Organic
6059,2025-11-07,Corporate,Hyderabad,Referral
6060,2025-07-03,Retail,Kolkata,Organic
6061,2025-08-16,Retail,Bengaluru,Email
6062,2026-01-19,Retail,Hyderabad,Paid Search
6063,2025-07-03,Retail,Gurugram,Paid Search
6064,2025-02-01,Retail,Mumbai,Social
6065,2025-06-30,Retail,Pune,Paid Search
6066,2025-05-04,Retail,Pune,Referral
6067,2025-07-05,Premium,Chennai,Organic
6068,2025-04-22,Retail,Gurugram,Organic
6069,2025-03-14,Retail,Bengaluru,Organic
6070,2026-04-23,Retail,Delhi,Social
6071,2025-03-04,Corporate,Hyderabad,Email
6072,2025-12-09,Retail,Mumbai,Organic
6073,2025-12-15,Premium,Chennai,Email
6074,2025-10-27,Retail,Pune,Referral
6075,2026-03-19,Corporate,Kolkata,Organic
6076,2025-01-03,Retail,Bengaluru,Organic
6077,2025-05-27,Retail,Gurugram,Paid Search
6078,2025-03-31,Retail,Gurugram,Organic
6079,2025-10-07,Retail,Gurugram,Referral
6080,2025-11-05,Premium,Chennai,Paid Search
6081,2026-03-12,Retail,Mumbai,Paid Search
6082,2025-07-04,Retail,Mumbai,Referral
6083,2025-04-25,Retail,Gurugram,Organic
6084,2026-03-25,Premium,Kolkata,Email
6085,2025-11-23,Retail,Gurugram,Social
6086,2026-01-06,Corporate,Chennai,Paid Search
6087,2025-08-04,Premium,Kolkata,Paid Search
6088,2025-08-05,Retail,Hyderabad,Organic
6089,2025-07-08,Premium,Mumbai,Email
6090,2025-12-30,Retail,Bengaluru,Paid Search
6091,2025-04-13,Retail,Kolkata,Email
6092,2026-04-19,Retail,Chennai,Email
6093,2025-03-27,Retail,Gurugram,Paid Search
6094,2025-08-12,Retail,Gurugram,Referral
6095,2025-06-02,Retail,Kolkata,Social
6096,2025-11-08,Premium,Delhi,Organic
6097,2025-11-27,Retail,Mumbai,Email
6098,2026-03-22,Retail,Hyderabad,Paid Search
6099,2026-01-18,Retail,Delhi,Email
6100,2025-05-01,Retail,Gurugram,Social
6101,2025-04-11,Premium,Mumbai,Organic
6102,2026-03-06,Retail,Hyderabad,Paid Search
6103,2025-08-25,Retail,Chennai,Organic
6104,2025-02-17,Retail,Delhi,Organic
6105,2026-02-05,Premium,Chennai,Referral
6106,2025-11-11,Retail,Delhi,Organic
6107,2025-01-13,Premium,Gurugram,Email
6108,2026-01-15,Retail,Chennai,Paid Search
6109,2025-10-22,Retail,Bengaluru,Paid Search
6110,2025-10-26,Retail,Chennai,Organic
6111,2026-02-24,Retail,Bengaluru,Organic
6112,2025-08-29,Retail,Delhi,Social
6113,2025-08-12,Retail,Delhi,Paid Search
6114,2025-10-27,Retail,Mumbai,Social
6115,2025-04-06,Retail,Chennai,Social
6116,2025-03-15,Retail,Pune,Organic
6117,2026-02-14,Retail,Bengaluru,Paid Search
6118,2025-04-15,Retail,Chennai,Paid Search
6119,2025-09-02,Retail,Hyderabad,Organic
6120,2025-05-11,Retail,Mumbai,Referral
6121,2025-04-22,Premium,Chennai,Organic
6122,2025-10-17,Retail,Hyderabad,Organic
6123,2026-01-25,Retail,Chennai,Paid Search
6124,2025-08-03,Retail,Pune,Paid Search
6125,2025-03-09,Corporate,Delhi,Email
6126,2025-04-29,Retail,Delhi,Referral
6127,2025-03-21,Retail,Delhi,Referral
6128,2026-03-05,Retail,Mumbai,Paid Search
6129,2025-06-04,Retail,Mumbai,Paid Search
6130,2025-07-01,Premium,Gurugram,Organic
6131,2025-02-04,Retail,Kolkata,Referral
6132,2025-08-05,Retail,Gurugram,Paid Search
6133,2026-03-20,Retail,Hyderabad,Paid Search
6134,2025-07-18,Corporate,Bengaluru,Social
6135,2025-11-12,Premium,Hyderabad,Referral
6136,2025-03-30,Corporate,Kolkata,Paid Search
6137,2025-03-11,Premium,Bengaluru,Organic
6138,2025-12-21,Premium,Chennai,Email
6139,2025-02-01,Retail,Mumbai,Organic
6140,2025-08-06,Retail,Gurugram,Email
6141,2025-06-03,Retail,Chennai,Paid Search
6142,2025-01-08,Retail,Gurugram,Email
6143,2025-09-15,Premium,Bengaluru,Email
6144,2026-04-13,Retail,Pune,Paid Search
6145,2025-02-03,Retail,Bengaluru,Referral
6146,2026-01-31,Retail,Hyderabad,Organic
6147,2025-09-19,Retail,Bengaluru,Organic
6148,2025-12-17,Retail,Mumbai,Paid Search
6149,2025-02-16,Retail,Hyderabad,Social
6150,2026-02-26,Retail,Pune,Organic
6151,2025-01-06,Retail,Mumbai,Paid Search
6152,2026-03-16,Retail,Hyderabad,Email
6153,2025-11-16,Retail,Delhi,Email
6154,2025-06-13,Premium,Chennai,Organic
6155,2025-01-04,Retail,Bengaluru,Paid Search
6156,2025-10-24,Retail,Delhi,Organic
6157,2025-02-12,Premium,Pune,Organic
6158,2025-10-23,Premium,Kolkata,Email
6159,2026-01-10,Retail,Gurugram,Email
6160,2025-05-10,Retail,Gurugram,Organic
6161,2025-04-26,Retail,Mumbai,Organic
6162,2025-04-18,Premium,Mumbai,Paid Search
6163,2025-04-20,Retail,Gurugram,Paid Search
6164,2025-02-25,Corporate,Chennai,Organic
6165,2025-05-02,Premium,Pune,Organic
6166,2025-11-16,Retail,Kolkata,Paid Search
6167,2025-05-27,Retail,Delhi,Organic
6168,2026-01-14,Premium,Pune,Referral
6169,2026-02-02,Premium,Pune,Referral
6170,2026-01-05,Premium,Gurugram,Paid Search
6171,2025-09-19,Retail,Hyderabad,Paid Search
6172,2025-06-03,Premium,Pune,Referral
6173,2026-03-27,Premium,Kolkata,Organic
6174,2025-04-10,Corporate,Bengaluru,Email
6175,2025-08-14,Retail,Delhi,Organic
6176,2025-08-09,Retail,Hyderabad,Email
6177,2025-12-28,Retail,Pune,Organic
6178,2025-09-23,Premium,Hyderabad,Referral
6179,2026-01-23,Corporate,Chennai,Organic
6180,2026-03-22,Retail,Bengaluru,Referral
6181,2025-07-09,Retail,Delhi,Social
6182,2026-03-01,Retail,Kolkata,Organic
6183,2025-03-24,Retail,Kolkata,Referral
6184,2026-03-21,Premium,Pune,Organic
6185,2025-03-28,Retail,Bengaluru,Paid Search
6186,2026-02-17,Retail,Bengaluru,Paid Search
6187,2025-07-09,Corporate,Hyderabad,Referral
6188,2026-04-13,Retail,Hyderabad,Email
6189,2025-03-04,Retail,Mumbai,Paid Search
6190,2025-08-14,Retail,Bengaluru,Referral
6191,2026-03-14,Retail,Bengaluru,Email
6192,2025-01-24,Retail,Hyderabad,Social
6193,2025-05-09,Retail,Hyderabad,Paid Search
6194,2025-02-10,Retail,Pune,Paid Search
6195,2025-06-05,Retail,Kolkata,Organic
6196,2025-07-09,Retail,Bengaluru,Paid Search
6197,2025-10-28,Retail,Delhi,Organic
6198,2025-05-05,Retail,Kolkata,Referral
6199,2025-03-18,Retail,Mumbai,Social
6200,2025-03-24,Retail,Gurugram,Social
6201,2026-04-01,Premium,Pune,Organic
6202,2026-04-08,Retail,Pune,Organic
6203,2025-04-18,Retail,Hyderabad,Referral
6204,2025-04-05,Retail,Chennai,Paid Search
6205,2025-01-27,Retail,Chennai,Email
6206,2026-04-11,Retail,Gurugram,Paid Search
6207,2025-12-09,Retail,Delhi,Organic
6208,2026-01-05,Retail,Mumbai,Social
6209,2025-05-21,Premium,Bengaluru,Social
6210,2025-11-07,Retail,Mumbai,Organic
6211,2025-01-30,Retail,Gurugram,Social
6212,2025-11-24,Premium,Delhi,Organic
6213,2025-10-09,Retail,Delhi,Organic
6214,2025-06-10,Retail,Hyderabad,Organic
6215,2025-12-11,Retail,Bengaluru,Social
6216,2025-11-10,Retail,Bengaluru,Referral
6217,2025-08-01,Premium,Pune,Organic
6218,2025-04-01,Retail,Pune,Referral
6219,2025-01-12,Retail,Kolkata,Referral
6220,2026-03-31,Premium,Hyderabad,Paid Search
6221,2025-05-17,Retail,Gurugram,Organic
6222,2025-05-27,Retail,Mumbai,Organic
6223,2025-11-27,Retail,Mumbai,Organic
6224,2025-05-04,Retail,Hyderabad,Email
6225,2025-07-02,Retail,Delhi,Referral
6226,2025-12-11,Retail,Delhi,Organic
6227,2025-10-16,Retail,Bengaluru,Paid Search
6228,2025-11-15,Premium,Pune,Organic
6229,2025-01-03,Retail,Bengaluru,Organic
6230,2025-08-07,Premium,Bengaluru,Paid Search
6231,2025-08-19,Retail,Delhi,Organic
6232,2025-11-03,Corporate,Delhi,Organic
6233,2025-03-15,Retail,Gurugram,Paid Search
6234,2025-03-19,Premium,Delhi,Paid Search
6235,2026-01-05,Premium,Chennai,Paid Search
6236,2025-11-23,Retail,Chennai,Paid Search
6237,2026-01-29,Retail,Mumbai,Paid Search
6238,2025-05-12,Premium,Mumbai,Paid Search
6239,2026-04-29,Premium,Bengaluru,Paid Search
6240,2025-05-13,Retail,Chennai,Email
6241,2025-11-12,Premium,Delhi,Organic
6242,2025-03-20,Retail,Kolkata,Social
6243,2026-03-22,Retail,Bengaluru,Organic
6244,2025-06-11,Retail,Hyderabad,Paid Search
6245,2026-01-25,Premium,Gurugram,Paid Search
6246,2025-06-10,Retail,Mumbai,Referral
6247,2026-01-19,Retail,Gurugram,Email
6248,2025-08-09,Retail,Pune,Paid Search
6249,2025-01-31,Retail,Hyderabad,Organic
6250,2025-04-03,Retail,Delhi,Referral
6251,2025-11-28,Retail,Delhi,Organic
6252,2025-04-04,Premium,Kolkata,Paid Search
6253,2025-05-14,Retail,Hyderabad,Referral
6254,2025-09-20,Retail,Kolkata,Paid Search
6255,2025-05-03,Retail,Kolkata,Social
6256,2025-03-04,Retail,Hyderabad,Organic
6257,2025-10-30,Retail,Bengaluru,Organic
6258,2025-12-01,Retail,Bengaluru,Email
6259,2025-12-22,Retail,Chennai,Organic
6260,2026-04-03,Retail,Chennai,Paid Search
6261,2025-03-02,Retail,Bengaluru,Paid Search
6262,2025-07-26,Premium,Pune,Paid Search
6263,2025-04-24,Retail,Pune,Organic
6264,2026-03-14,Retail,Mumbai,Organic
6265,2025-09-19,Retail,Pune,Paid Search
6266,2025-02-17,Retail,Kolkata,Paid Search
6267,2025-12-02,Retail,Gurugram,Referral
6268,2025-01-21,Retail,Bengaluru,Paid Search
6269,2025-05-13,Retail,Mumbai,Email
6270,2025-12-16,Retail,Gurugram,Organic
6271,2025-09-03,Retail,Gurugram,Paid Search
6272,2026-01-05,Retail,Kolkata,Email
6273,2025-10-05,Corporate,Bengaluru,Referral
6274,2026-02-13,Retail,Bengaluru,Paid Search
6275,2025-09-30,Retail,Pune,Paid Search
6276,2025-01-28,Retail,Bengaluru,Referral
6277,2025-02-04,Retail,Kolkata,Organic
6278,2026-01-12,Retail,Hyderabad,Organic
6279,2025-01-19,Retail,Bengaluru,Paid Search
6280,2025-07-02,Retail,Kolkata,Referral
6281,2025-01-08,Retail,Bengaluru,Social
6282,2025-05-28,Retail,Mumbai,Paid Search
6283,2025-10-16,Retail,Kolkata,Email
6284,2025-03-25,Retail,Bengaluru,Organic
6285,2025-08-15,Premium,Chennai,Referral
6286,2026-04-29,Retail,Chennai,Organic
6287,2025-02-04,Corporate,Delhi,Referral
6288,2025-01-31,Corporate,Delhi,Paid Search
6289,2025-05-12,Retail,Kolkata,Organic
6290,2026-02-06,Retail,Delhi,Paid Search
6291,2025-07-16,Premium,Bengaluru,Email
6292,2025-11-07,Retail,Kolkata,Paid Search
6293,2025-01-17,Retail,Mumbai,Organic
6294,2025-12-23,Retail,Pune,Organic
6295,2025-02-02,Retail,Delhi,Social
6296,2025-12-12,Premium,Pune,Social
6297,2025-03-13,Premium,Chennai,Paid Search
6298,2026-02-21,Premium,Mumbai,Organic
6299,2025-05-24,Premium,Bengaluru,Referral
6300,2025-03-31,Retail,Pune,Paid Search
6301,2025-06-13,Retail,Kolkata,Organic
6302,2025-01-01,Corporate,Pune,Paid Search
6303,2025-03-22,Corporate,Chennai,Paid Search
6304,2025-10-18,Premium,Hyderabad,Email
6305,2025-05-26,Premium,Mumbai,Social
6306,2025-06-21,Retail,Gurugram,Organic
6307,2026-01-27,Retail,Kolkata,Referral
6308,2025-03-02,Premium,Delhi,Organic
6309,2025-07-12,Retail,Bengaluru,Email
6310,2025-04-01,Retail,Hyderabad,Paid Search
6311,2025-08-23,Retail,Delhi,Email
6312,2025-06-10,Retail,Kolkata,Email
6313,2025-01-23,Retail,Mumbai,Email
6314,2025-02-04,Retail,Mumbai,Organic
6315,2026-02-18,Retail,Bengaluru,Referral
6316,2025-01-28,Retail,Gurugram,Referral
6317,2026-01-15,Retail,Mumbai,Paid Search
6318,2026-03-21,Retail,Hyderabad,Paid Search
6319,2025-08-14,Retail,Chennai,Social
6320,2025-06-01,Retail,Mumbai,Email
6321,2026-01-12,Retail,Delhi,Referral
6322,2026-04-22,Retail,Delhi,Paid Search
6323,2025-02-28,Retail,Mumbai,Social
6324,2026-04-13,Premium,Bengaluru,Organic
6325,2026-04-03,Retail,Gurugram,Paid Search
6326,2025-03-11,Retail,Gurugram,Referral
6327,2025-01-27,Retail,Pune,Social
6328,2025-12-13,Retail,Gurugram,Referral
6329,2025-02-07,Premium,Delhi,Paid Search
6330,2025-10-19,Corporate,Pune,Paid Search
6331,2025-02-01,Retail,Hyderabad,Referral
6332,2025-12-01,Corporate,Delhi,Organic
6333,2025-04-23,Retail,Pune,Email
6334,2025-02-16,Retail,Hyderabad,Email
6335,2025-02-02,Retail,Kolkata,Email
6336,2025-04-02,Retail,Hyderabad,Email
6337,2025-09-20,Retail,Hyderabad,Paid Search
6338,2025-02-07,Retail,Mumbai,Paid Search
6339,2026-01-25,Retail,Hyderabad,Referral
6340,2025-10-21,Retail,Delhi,Organic
6341,2025-05-25,Retail,Pune,Referral
6342,2026-04-24,Retail,Hyderabad,Organic
6343,2025-11-16,Retail,Bengaluru,Email
6344,2025-11-22,Retail,Bengaluru,Paid Search
6345,2025-03-26,Retail,Gurugram,Referral
6346,2025-12-11,Retail,Chennai,Paid Search
6347,2025-09-29,Premium,Kolkata,Social
6348,2026-04-23,Retail,Hyderabad,Email
6349,2025-08-20,Retail,Hyderabad,Paid Search
6350,2025-11-25,Corporate,Delhi,Organic
6351,2025-06-15,Retail,Chennai,Organic
6352,2025-01-20,Retail,Delhi,Social
6353,2025-03-04,Retail,Gurugram,Social
6354,2026-02-25,Retail,Chennai,Social
6355,2025-12-24,Retail,Hyderabad,Organic
6356,2025-06-26,Retail,Chennai,Organic
6357,2025-12-05,Retail,Gurugram,Email
6358,2025-01-03,Corporate,Mumbai,Social
6359,2025-01-19,Retail,Chennai,Organic
6360,2025-09-04,Retail,Kolkata,Organic
6361,2025-10-31,Premium,Pune,Organic
6362,2026-03-31,Retail,Chennai,Referral
6363,2026-01-04,Premium,Pune,Referral
6364,2025-05-05,Retail,Mumbai,Social
6365,2026-01-31,Retail,Gurugram,Social
6366,2025-08-27,Corporate,Bengaluru,Email
6367,2026-02-05,Retail,Hyderabad,Paid Search
6368,2025-03-26,Premium,Gurugram,Paid Search
6369,2025-01-13,Retail,Delhi,Paid Search
6370,2025-01-28,Premium,Hyderabad,Email
6371,2026-04-26,Retail,Pune,Social
6372,2025-02-09,Retail,Mumbai,Paid Search
6373,2026-04-01,Retail,Chennai,Referral
6374,2025-12-19,Corporate,Pune,Organic
6375,2025-03-12,Retail,Bengaluru,Paid Search
6376,2026-02-24,Retail,Mumbai,Social
6377,2025-03-11,Premium,Bengaluru,Email
6378,2025-03-11,Retail,Kolkata,Organic
6379,2025-10-07,Retail,Pune,Paid Search
6380,2025-05-20,Retail,Kolkata,Email
6381,2025-05-22,Retail,Chennai,Referral
6382,2025-04-05,Retail,Kolkata,Social
6383,2025-10-22,Retail,Kolkata,Organic
6384,2025-01-14,Retail,Pune,Organic
6385,2025-04-29,Retail,Bengaluru,Paid Search
6386,2025-09-26,Retail,Chennai,Organic
6387,2025-08-24,Retail,Gurugram,Referral
6388,2025-12-06,Premium,Bengaluru,Referral
6389,2025-04-15,Retail,Hyderabad,Referral
6390,2025-11-11,Retail,Gurugram,Organic
6391,2026-01-04,Retail,Pune,Paid Search
6392,2025-07-08,Retail,Mumbai,Referral
6393,2025-05-05,Premium,Bengaluru,Organic
6394,2025-09-27,Retail,Bengaluru,Organic
6395,2025-10-08,Premium,Hyderabad,Paid Search
6396,2025-02-15,Retail,Gurugram,Organic
6397,2025-10-02,Premium,Kolkata,Organic
6398,2025-03-16,Premium,Gurugram,Paid Search
6399,2025-10-03,Retail,Chennai,Email
6400,2026-03-28,Corporate,Pune,Organic
6401,2025-09-18,Premium,Chennai,Social
6402,2026-01-05,Retail,Hyderabad,Social
6403,2025-05-31,Retail,Delhi,Paid Search
6404,2026-03-24,Retail,Delhi,Paid Search
6405,2026-01-30,Retail,Pune,Organic
6406,2026-03-21,Retail,Chennai,Organic
6407,2025-12-26,Retail,Bengaluru,Paid Search
6408,2025-11-11,Retail,Delhi,Email
6409,2025-09-12,Retail,Delhi,Paid Search
6410,2026-03-27,Retail,Bengaluru,Paid Search
6411,2026-02-16,Retail,Kolkata,Email
6412,2025-07-22,Retail,Hyderabad,Referral
6413,2025-02-11,Premium,Gurugram,Referral
6414,2025-01-02,Retail,Gurugram,Paid Search
6415,2025-04-24,Corporate,Kolkata,Email
6416,2025-01-31,Premium,Gurugram,Social
6417,2025-04-13,Premium,Mumbai,Social
6418,2025-02-23,Retail,Gurugram,Referral
6419,2026-04-21,Premium,Gurugram,Paid Search
6420,2025-02-16,Corporate,Kolkata,Email
6421,2025-11-01,Premium,Mumbai,Email
6422,2025-06-20,Retail,Bengaluru,Social
6423,2025-03-26,Retail,Chennai,Organic
6424,2025-12-07,Retail,Delhi,Referral
6425,2026-04-16,Retail,Kolkata,Paid Search
6426,2026-01-19,Retail,Hyderabad,Social
6427,2026-04-18,Premium,Delhi,Organic
6428,2025-10-14,Retail,Bengaluru,Referral
6429,2025-11-23,Retail,Hyderabad,Email
6430,2025-03-13,Premium,Chennai,Organic
6431,2026-02-18,Retail,Pune,Referral
6432,2025-12-29,Retail,Bengaluru,Email
6433,2025-05-04,Premium,Pune,Organic
6434,2025-06-22,Premium,Gurugram,Organic
6435,2025-10-24,Retail,Bengaluru,Paid Search
6436,2025-01-07,Retail,Bengaluru,Referral
6437,2026-02-01,Retail,Delhi,Paid Search
6438,2025-05-17,Retail,Hyderabad,Organic
6439,2025-02-06,Premium,Bengaluru,Organic
6440,2025-06-10,Premium,Kolkata,Paid Search
6441,2026-02-10,Retail,Delhi,Organic
6442,2025-05-14,Retail,Pune,Social
6443,2025-09-19,Retail,Kolkata,Organic
6444,2026-01-29,Retail,Bengaluru,Referral
6445,2025-01-17,Retail,Delhi,Referral
6446,2026-01-04,Retail,Chennai,Email
6447,2025-05-21,Premium,Pune,Organic
6448,2025-12-04,Retail,Pune,Social
6449,2025-04-02,Retail,Gurugram,Referral
6450,2025-03-09,Retail,Delhi,Paid Search
6451,2026-01-18,Premium,Mumbai,Organic
6452,2026-01-27,Corporate,Hyderabad,Organic
6453,2026-04-21,Retail,Pune,Social
6454,2025-11-25,Retail,Gurugram,Paid Search
6455,2025-08-14,Premium,Pune,Email
6456,2025-04-05,Retail,Mumbai,Referral
6457,2025-05-24,Retail,Kolkata,Referral
6458,2025-11-11,Retail,Hyderabad,Email
6459,2025-06-17,Premium,Kolkata,Social
6460,2025-08-23,Retail,Bengaluru,Organic
6461,2025-03-23,Retail,Kolkata,Organic
6462,2025-08-02,Retail,Pune,Referral
6463,2025-04-26,Retail,Pune,Paid Search
6464,2025-02-24,Retail,Gurugram,Email
6465,2025-03-05,Premium,Mumbai,Organic
6466,2025-09-09,Premium,Bengaluru,Organic
6467,2025-06-27,Retail,Mumbai,Referral
6468,2025-02-18,Retail,Kolkata,Referral
6469,2025-09-07,Premium,Kolkata,Email
6470,2025-03-21,Premium,Kolkata,Organic
6471,2025-01-08,Retail,Mumbai,Paid Search
6472,2025-03-06,Retail,Bengaluru,Social
6473,2025-08-06,Retail,Hyderabad,Email
6474,2026-04-08,Retail,Kolkata,Organic
6475,2025-04-28,Retail,Kolkata,Social
6476,2025-05-19,Retail,Gurugram,Organic
6477,2025-04-28,Retail,Kolkata,Referral
6478,2025-06-22,Premium,Gurugram,Organic
6479,2025-12-14,Premium,Bengaluru,Email
6480,2025-06-06,Premium,Pune,Organic
6481,2025-11-15,Retail,Pune,Social
6482,2026-03-12,Retail,Mumbai,Referral
6483,2026-04-04,Retail,Gurugram,Organic
6484,2025-10-01,Retail,Delhi,Organic
6485,2025-12-12,Retail,Kolkata,Social
6486,2026-03-22,Retail,Bengaluru,Social
6487,2026-01-17,Corporate,Mumbai,Referral
6488,2025-05-26,Premium,Pune,Social
6489,2025-03-06,Retail,Hyderabad,Organic
6490,2025-02-25,Premium,Hyderabad,Email
6491,2026-03-04,Retail,Gurugram,Organic
6492,2025-09-27,Retail,Chennai,Social
6493,2025-05-24,Retail,Pune,Email
6494,2025-06-17,Retail,Kolkata,Email
6495,2025-05-17,Retail,Kolkata,Organic
6496,2026-01-24,Retail,Mumbai,Organic
6497,2025-10-25,Retail,Hyderabad,Social
6498,2026-03-03,Corporate,Gurugram,Paid Search
6499,2025-05-27,Retail,Kolkata,Referral
6500,2025-08-18,Retail,Delhi,Paid Search
6501,2025-03-01,Retail,Mumbai,Organic
6502,2026-04-17,Retail,Bengaluru,Paid Search
6503,2025-09-06,Retail,Pune,Social
6504,2025-09-26,Retail,Kolkata,Referral
6505,2025-07-20,Premium,Hyderabad,Paid Search
6506,2025-05-12,Retail,Mumbai,Organic
6507,2026-04-05,Retail,Pune,Paid Search
6508,2025-08-26,Retail,Mumbai,Social
6509,2025-11-24,Premium,Chennai,Referral
6510,2025-01-19,Retail,Gurugram,Email
6511,2025-05-14,Retail,Chennai,Email
6512,2026-01-25,Corporate,Gurugram,Paid Search
6513,2025-02-12,Retail,Pune,Email
6514,2025-02-19,Retail,Kolkata,Organic
6515,2026-01-28,Retail,Gurugram,Social
6516,2025-05-30,Retail,Mumbai,Paid Search
6517,2025-05-13,Corporate,Chennai,Referral
6518,2025-10-02,Retail,Bengaluru,Referral
6519,2025-04-05,Retail,Delhi,Organic
6520,2025-01-21,Retail,Mumbai,Email
6521,2025-01-03,Retail,Mumbai,Email
6522,2025-02-08,Retail,Mumbai,Email
6523,2025-03-18,Premium,Delhi,Paid Search
6524,2025-12-04,Retail,Gurugram,Email
6525,2025-05-25,Premium,Hyderabad,Referral
6526,2025-02-04,Premium,Mumbai,Social
6527,2025-01-07,Retail,Bengaluru,Paid Search
6528,2025-08-20,Premium,Chennai,Referral
6529,2026-02-12,Premium,Chennai,Referral
6530,2025-06-14,Retail,Delhi,Social
6531,2025-01-31,Retail,Mumbai,Email
6532,2025-04-21,Retail,Pune,Organic
6533,2025-08-31,Retail,Gurugram,Social
6534,2025-04-02,Premium,Delhi,Paid Search
6535,2026-04-20,Retail,Kolkata,Paid Search
6536,2026-01-06,Retail,Delhi,Paid Search
6537,2025-06-17,Retail,Hyderabad,Paid Search
6538,2026-04-07,Retail,Mumbai,Paid Search
6539,2025-06-07,Premium,Hyderabad,Organic
6540,2025-03-09,Premium,Gurugram,Organic
6541,2026-04-01,Premium,Mumbai,Referral
6542,2026-04-11,Retail,Chennai,Paid Search
6543,2025-06-01,Retail,Bengaluru,Organic
6544,2025-10-16,Premium,Chennai,Organic
6545,2025-03-26,Retail,Delhi,Organic
6546,2025-11-08,Retail,Bengaluru,Organic
6547,2025-12-01,Retail,Gurugram,Email
6548,2025-12-11,Retail,Chennai,Social
6549,2025-10-03,Retail,Gurugram,Paid Search
6550,2025-12-08,Retail,Chennai,Paid Search
6551,2025-09-27,Retail,Mumbai,Organic
6552,2026-02-02,Premium,Hyderabad,Social
6553,2025-03-29,Retail,Gurugram,Email
6554,2025-08-23,Retail,Chennai,Organic
6555,2025-07-21,Premium,Pune,Organic
6556,2025-09-16,Retail,Kolkata,Social
6557,2025-03-10,Retail,Delhi,Organic
6558,2025-06-07,Corporate,Gurugram,Organic
6559,2026-04-08,Premium,Mumbai,Social
6560,2025-02-21,Retail,Gurugram,Social
6561,2025-11-05,Premium,Kolkata,Organic
6562,2025-11-19,Retail,Hyderabad,Referral
6563,2025-08-19,Retail,Hyderabad,Organic
6564,2025-01-17,Retail,Delhi,Paid Search
6565,2025-01-17,Retail,Bengaluru,Referral
6566,2025-05-14,Retail,Mumbai,Social
6567,2025-02-19,Retail,Chennai,Social
6568,2025-02-15,Premium,Mumbai,Social
6569,2025-03-19,Retail,Kolkata,Social
6570,2025-04-03,Retail,Bengaluru,Email
6571,2026-02-11,Premium,Kolkata,Social
6572,2025-11-06,Corporate,Bengaluru,Paid Search
6573,2025-01-15,Retail,Kolkata,Referral
6574,2025-11-01,Premium,Chennai,Organic
6575,2025-03-08,Premium,Gurugram,Referral
6576,2025-07-24,Retail,Pune,Organic
6577,2025-01-19,Retail,Bengaluru,Paid Search
6578,2025-02-13,Retail,Chennai,Referral
6579,2025-03-06,Retail,Delhi,Social
6580,2025-07-30,Retail,Gurugram,Organic
6581,2025-08-13,Retail,Chennai,Paid Search
6582,2025-06-21,Premium,Delhi,Referral
6583,2025-10-28,Retail,Mumbai,Email
6584,2025-12-16,Retail,Delhi,Paid Search
6585,2025-12-20,Premium,Chennai,Organic
6586,2025-10-08,Corporate,Chennai,Paid Search
6587,2025-09-22,Premium,Mumbai,Paid Search
6588,2025-08-27,Retail,Pune,Organic
6589,2025-04-26,Retail,Hyderabad,Email
6590,2025-08-25,Retail,Hyderabad,Paid Search
6591,2025-01-05,Retail,Pune,Paid Search
6592,2026-04-14,Retail,Kolkata,Paid Search
6593,2025-06-29,Premium,Gurugram,Organic
6594,2026-01-02,Retail,Mumbai,Paid Search
6595,2026-04-10,Retail,Gurugram,Paid Search
6596,2025-08-30,Retail,Pune,Paid Search
6597,2026-02-22,Retail,Mumbai,Social
6598,2025-08-21,Retail,Gurugram,Paid Search
6599,2025-03-06,Premium,Bengaluru,Social
6600,2025-01-13,Retail,Hyderabad,Email
6601,2025-03-07,Premium,Gurugram,Paid Search
6602,2026-04-03,Retail,Pune,Paid Search
6603,2025-08-19,Retail,Mumbai,Email
6604,2025-06-04,Corporate,Delhi,Paid Search
6605,2025-08-05,Retail,Kolkata,Paid Search
6606,2025-05-05,Retail,Bengaluru,Referral
6607,2026-02-27,Retail,Delhi,Social
6608,2026-04-30,Retail,Delhi,Email
6609,2025-02-11,Retail,Gurugram,Paid Search
6610,2025-12-15,Retail,Pune,Paid Search
6611,2025-06-12,Retail,Pune,Organic
6612,2025-01-23,Retail,Pune,Organic
6613,2026-03-24,Retail,Hyderabad,Paid Search
6614,2025-01-31,Premium,Gurugram,Organic
6615,2025-04-10,Premium,Pune,Paid Search
6616,2025-01-13,Retail,Chennai,Organic
6617,2025-08-17,Retail,Gurugram,Organic
6618,2025-10-18,Retail,Delhi,Paid Search
6619,2025-06-05,Retail,Bengaluru,Social
6620,2025-02-04,Retail,Kolkata,Paid Search
6621,2025-02-26,Premium,Delhi,Referral
6622,2026-03-29,Retail,Bengaluru,Organic
6623,2026-01-26,Retail,Mumbai,Organic
6624,2026-03-31,Retail,Chennai,Email
6625,2025-09-15,Premium,Kolkata,Email
6626,2025-09-22,Retail,Bengaluru,Paid Search
6627,2026-01-17,Retail,Chennai,Paid Search
6628,2025-10-27,Corporate,Kolkata,Email
6629,2025-07-31,Retail,Gurugram,Paid Search
6630,2025-05-22,Retail,Gurugram,Organic
6631,2025-08-24,Retail,Hyderabad,Organic
6632,2025-02-01,Retail,Delhi,Organic
6633,2025-04-04,Retail,Chennai,Referral
6634,2025-12-24,Retail,Pune,Social
6635,2026-02-26,Retail,Hyderabad,Organic
6636,2025-02-19,Retail,Pune,Organic
6637,2025-02-16,Premium,Chennai,Organic
6638,2025-02-11,Premium,Bengaluru,Referral
6639,2026-01-19,Premium,Bengaluru,Email
6640,2025-05-31,Corporate,Bengaluru,Paid Search
6641,2025-06-08,Premium,Hyderabad,Referral
6642,2025-01-07,Retail,Chennai,Organic
6643,2026-04-17,Retail,Delhi,Social
6644,2025-07-30,Retail,Bengaluru,Paid Search
6645,2026-01-22,Retail,Chennai,Organic
6646,2025-12-10,Retail,Delhi,Paid Search
6647,2025-03-10,Retail,Kolkata,Referral
6648,2026-01-24,Retail,Kolkata,Organic
6649,2025-09-24,Retail,Bengaluru,Paid Search
6650,2025-10-21,Premium,Chennai,Email
6651,2025-04-08,Retail,Hyderabad,Referral
6652,2026-02-15,Retail,Bengaluru,Paid Search
6653,2026-03-28,Retail,Mumbai,Organic
6654,2025-07-17,Retail,Gurugram,Referral
6655,2025-02-14,Retail,Kolkata,Organic
6656,2026-02-16,Retail,Gurugram,Organic
6657,2026-03-07,Retail,Mumbai,Organic
6658,2025-09-03,Retail,Gurugram,Paid Search
6659,2025-10-08,Retail,Chennai,Social
6660,2025-04-19,Corporate,Pune,Referral
6661,2025-02-02,Premium,Bengaluru,Paid Search
6662,2026-04-03,Retail,Mumbai,Email
6663,2025-08-23,Retail,Bengaluru,Social
6664,2025-05-14,Retail,Mumbai,Social
6665,2025-12-03,Premium,Kolkata,Organic
6666,2025-01-13,Retail,Gurugram,Organic
6667,2025-02-08,Premium,Gurugram,Social
6668,2025-04-28,Premium,Gurugram,Referral
6669,2025-08-07,Retail,Mumbai,Organic
6670,2025-06-27,Retail,Chennai,Paid Search
6671,2025-04-01,Retail,Kolkata,Paid Search
6672,2025-06-20,Retail,Pune,Paid Search
6673,2025-06-11,Retail,Pune,Organic
6674,2025-09-12,Premium,Hyderabad,Organic
6675,2025-09-30,Retail,Kolkata,Paid Search
6676,2026-03-05,Retail,Chennai,Email
6677,2026-01-27,Retail,Chennai,Referral
6678,2025-05-22,Corporate,Delhi,Organic
6679,2026-03-14,Retail,Gurugram,Organic
6680,2025-09-10,Retail,Pune,Paid Search
6681,2025-04-02,Retail,Gurugram,Organic
6682,2025-06-14,Retail,Chennai,Referral
6683,2025-12-26,Premium,Pune,Paid Search
6684,2026-02-03,Corporate,Kolkata,Email
6685,2025-07-01,Premium,Mumbai,Organic
6686,2025-03-18,Premium,Hyderabad,Email
6687,2025-04-04,Retail,Delhi,Referral
6688,2025-02-20,Retail,Chennai,Referral
6689,2025-12-05,Retail,Bengaluru,Email
6690,2025-09-01,Retail,Delhi,Paid Search
6691,2025-08-07,Retail,Kolkata,Organic
6692,2025-11-22,Premium,Mumbai,Paid Search
6693,2026-02-06,Retail,Mumbai,Referral
6694,2026-01-21,Retail,Mumbai,Email
6695,2025-03-08,Retail,Pune,Paid Search
6696,2025-10-13,Premium,Bengaluru,Referral
6697,2026-03-05,Premium,Pune,Organic
6698,2026-01-11,Retail,Bengaluru,Organic
6699,2025-06-09,Premium,Kolkata,Social
6700,2025-07-10,Premium,Bengaluru,Paid Search
6701,2026-03-08,Retail,Kolkata,Organic
6702,2025-01-16,Premium,Hyderabad,Referral
6703,2025-09-12,Retail,Delhi,Paid Search
6704,2025-02-26,Retail,Hyderabad,Paid Search
6705,2026-03-10,Retail,Mumbai,Organic
6706,2025-01-19,Retail,Hyderabad,Organic
6707,2025-01-12,Retail,Delhi,Social
6708,2025-06-09,Retail,Kolkata,Email
6709,2025-04-08,Retail,Pune,Organic
6710,2025-08-29,Retail,Mumbai,Referral
6711,2025-05-26,Retail,Gurugram,Referral
6712,2025-06-22,Retail,Bengaluru,Referral
6713,2025-10-01,Retail,Mumbai,Social
6714,2025-09-29,Retail,Delhi,Paid Search
6715,2026-03-30,Premium,Mumbai,Referral
6716,2025-08-22,Premium,Delhi,Paid Search
6717,2025-10-01,Retail,Hyderabad,Organic
6718,2025-11-25,Premium,Pune,Paid Search
6719,2025-03-26,Retail,Bengaluru,Paid Search
6720,2025-11-20,Corporate,Gurugram,Paid Search
6721,2026-02-23,Retail,Gurugram,Email
6722,2025-06-04,Retail,Bengaluru,Paid Search
6723,2025-03-28,Retail,Chennai,Organic
6724,2025-06-17,Retail,Hyderabad,Email
6725,2025-05-14,Retail,Bengaluru,Organic
6726,2025-10-11,Retail,Mumbai,Organic
6727,2026-02-23,Retail,Pune,Referral
6728,2025-10-17,Retail,Mumbai,Email
6729,2025-03-02,Premium,Chennai,Social
6730,2025-06-02,Retail,Gurugram,Paid Search
6731,2025-12-01,Premium,Bengaluru,Paid Search
6732,2025-06-10,Retail,Pune,Referral
6733,2025-10-12,Corporate,Gurugram,Email
6734,2025-12-03,Retail,Chennai,Organic
6735,2025-06-09,Premium,Hyderabad,Email
6736,2025-11-10,Premium,Gurugram,Social
6737,2025-07-13,Premium,Delhi,Organic
6738,2025-03-07,Premium,Pune,Organic
6739,2025-06-30,Retail,Bengaluru,Organic
6740,2025-08-02,Premium,Mumbai,Email
6741,2025-01-02,Retail,Pune,Paid Search
6742,2026-03-09,Retail,Chennai,Referral
6743,2025-09-14,Corporate,Chennai,Organic
6744,2025-01-18,Retail,Chennai,Referral
6745,2026-02-25,Retail,Bengaluru,Paid Search
6746,2026-02-19,Premium,Hyderabad,Email
6747,2025-01-06,Retail,Delhi,Paid Search
6748,2025-03-21,Retail,Pune,Referral
6749,2025-06-26,Retail,Kolkata,Social
6750,2025-09-04,Premium,Hyderabad,Paid Search
6751,2025-12-18,Premium,Bengaluru,Email
6752,2025-07-25,Retail,Bengaluru,Paid Search
6753,2025-10-24,Retail,Chennai,Email
6754,2025-01-05,Retail,Chennai,Organic
6755,2025-11-16,Retail,Hyderabad,Social
6756,2026-03-20,Retail,Mumbai,Email
6757,2025-09-13,Corporate,Hyderabad,Email
6758,2025-08-09,Retail,Bengaluru,Paid Search
6759,2025-05-25,Retail,Delhi,Paid Search
6760,2026-04-08,Retail,Hyderabad,Referral
6761,2025-01-17,Retail,Kolkata,Paid Search
6762,2025-05-20,Retail,Pune,Email
6763,2025-03-09,Retail,Mumbai,Organic
6764,2026-02-25,Retail,Kolkata,Organic
6765,2025-08-23,Corporate,Mumbai,Referral
6766,2026-03-24,Retail,Pune,Paid Search
6767,2025-11-19,Retail,Pune,Paid Search
6768,2025-09-28,Premium,Chennai,Paid Search
6769,2025-09-08,Retail,Kolkata,Email
6770,2025-04-09,Retail,Bengaluru,Social
6771,2025-09-30,Retail,Kolkata,Email
6772,2025-11-29,Retail,Pune,Paid Search
6773,2026-04-14,Retail,Bengaluru,Paid Search
6774,2025-09-24,Retail,Delhi,Organic
6775,2026-04-01,Retail,Pune,Paid Search
6776,2026-04-04,Retail,Hyderabad,Organic
6777,2025-09-11,Retail,Hyderabad,Organic
6778,2025-08-02,Retail,Chennai,Paid Search
6779,2025-03-11,Retail,Chennai,Referral
6780,2025-05-11,Corporate,Mumbai,Paid Search
6781,2026-03-03,Retail,Bengaluru,Paid Search
6782,2025-03-09,Retail,Gurugram,Paid Search
6783,2025-07-12,Retail,Pune,Paid Search
6784,2025-12-05,Retail,Hyderabad,Referral
6785,2025-04-27,Retail,Gurugram,Referral
6786,2026-04-18,Retail,Chennai,Referral
6787,2025-11-11,Retail,Kolkata,Organic
6788,2025-01-14,Retail,Hyderabad,Paid Search
6789,2025-04-30,Premium,Mumbai,Referral
6790,2025-12-26,Retail,Chennai,Email
6791,2026-02-23,Premium,Kolkata,Paid Search
6792,2026-03-26,Retail,Pune,Paid Search
6793,2026-02-17,Retail,Hyderabad,Referral
6794,2025-02-06,Retail,Delhi,Email
6795,2025-12-20,Retail,Mumbai,Paid Search
6796,2025-02-23,Premium,Gurugram,Organic
6797,2025-02-07,Retail,Mumbai,Referral
6798,2025-12-02,Retail,Chennai,Referral
6799,2025-08-20,Retail,Chennai,Organic
6800,2025-11-11,Retail,Hyderabad,Paid Search
6801,2026-02-17,Premium,Gurugram,Social
6802,2025-02-03,Retail,Chennai,Referral
6803,2025-09-13,Premium,Gurugram,Referral
6804,2026-02-09,Premium,Bengaluru,Organic
6805,2025-08-02,Retail,Chennai,Organic
6806,2025-09-11,Retail,Kolkata,Referral
6807,2025-08-30,Retail,Gurugram,Organic
6808,2026-03-16,Retail,Hyderabad,Paid Search
6809,2025-01-25,Retail,Bengaluru,Paid Search
6810,2026-03-02,Premium,Kolkata,Paid Search
6811,2026-01-31,Corporate,Chennai,Referral
6812,2026-01-30,Retail,Bengaluru,Organic
6813,2025-07-19,Corporate,Bengaluru,Referral
6814,2025-09-08,Corporate,Kolkata,Social
6815,2025-06-28,Retail,Pune,Paid Search
6816,2025-05-03,Premium,Gurugram,Email
6817,2026-03-01,Retail,Chennai,Organic
6818,2025-09-03,Retail,Gurugram,Referral
6819,2025-12-17,Retail,Bengaluru,Organic
6820,2025-02-18,Retail,Kolkata,Email
6821,2026-01-18,Premium,Mumbai,Organic
6822,2025-11-16,Retail,Chennai,Social
6823,2026-04-29,Premium,Hyderabad,Organic
6824,2025-03-06,Retail,Pune,Paid Search
6825,2025-09-19,Retail,Kolkata,Organic
6826,2025-09-05,Retail,Delhi,Organic
6827,2025-09-19,Retail,Mumbai,Organic
6828,2025-01-27,Retail,Pune,Organic
6829,2025-08-18,Retail,Hyderabad,Referral
6830,2025-05-26,Retail,Pune,Paid Search
6831,2025-10-27,Retail,Hyderabad,Organic
6832,2025-04-23,Retail,Delhi,Email
6833,2025-07-31,Retail,Gurugram,Social
6834,2025-10-28,Retail,Chennai,Organic
6835,2025-02-01,Retail,Pune,Paid Search
6836,2026-01-17,Premium,Mumbai,Paid Search
6837,2025-12-14,Retail,Mumbai,Social
6838,2025-01-28,Corporate,Pune,Email
6839,2025-02-01,Retail,Delhi,Social
6840,2026-02-17,Retail,Hyderabad,Email
6841,2025-05-18,Premium,Gurugram,Referral
6842,2026-02-22,Premium,Gurugram,Email
6843,2025-08-31,Retail,Pune,Social
6844,2025-06-16,Retail,Mumbai,Social
6845,2025-05-13,Retail,Delhi,Referral
6846,2025-11-16,Retail,Mumbai,Referral
6847,2025-02-23,Premium,Bengaluru,Organic
6848,2025-07-15,Retail,Pune,Organic
6849,2025-06-17,Retail,Chennai,Organic
6850,2025-03-16,Retail,Hyderabad,Organic
6851,2025-06-21,Retail,Kolkata,Email
6852,2025-09-14,Retail,Mumbai,Referral
6853,2025-11-25,Retail,Hyderabad,Organic
6854,2025-02-11,Premium,Pune,Paid Search
6855,2026-02-28,Retail,Delhi,Organic
6856,2026-03-03,Retail,Gurugram,Referral
6857,2025-12-02,Retail,Gurugram,Email
6858,2026-03-25,Retail,Chennai,Organic
6859,2025-07-27,Retail,Chennai,Paid Search
6860,2026-02-03,Retail,Mumbai,Email
6861,2025-12-19,Corporate,Mumbai,Social
6862,2025-09-30,Corporate,Mumbai,Email
6863,2025-03-29,Premium,Mumbai,Paid Search
6864,2025-09-28,Premium,Pune,Organic
6865,2026-03-14,Retail,Gurugram,Social
6866,2026-04-23,Retail,Chennai,Organic
6867,2025-08-06,Retail,Gurugram,Referral
6868,2025-05-01,Premium,Gurugram,Referral
6869,2025-12-29,Retail,Chennai,Paid Search
6870,2025-02-06,Retail,Delhi,Paid Search
6871,2025-03-15,Retail,Gurugram,Referral
6872,2025-09-30,Retail,Pune,Email
6873,2026-04-26,Retail,Pune,Paid Search
6874,2025-06-09,Retail,Gurugram,Referral
6875,2025-08-04,Retail,Chennai,Organic
6876,2025-06-06,Retail,Delhi,Email
6877,2025-08-02,Premium,Kolkata,Social
6878,2025-01-04,Retail,Gurugram,Organic
6879,2025-10-16,Retail,Mumbai,Referral
6880,2025-10-17,Retail,Hyderabad,Referral
6881,2025-06-03,Retail,Delhi,Referral
6882,2025-05-09,Premium,Chennai,Paid Search
6883,2026-01-05,Retail,Mumbai,Referral
6884,2025-04-02,Corporate,Hyderabad,Referral
6885,2025-01-23,Retail,Chennai,Paid Search
6886,2025-01-20,Retail,Kolkata,Organic
6887,2026-03-04,Corporate,Bengaluru,Email
6888,2025-06-26,Retail,Gurugram,Social
6889,2025-02-19,Premium,Delhi,Paid Search
6890,2026-03-03,Retail,Mumbai,Email
6891,2025-03-14,Retail,Delhi,Organic
6892,2025-06-13,Retail,Chennai,Referral
6893,2025-01-11,Retail,Bengaluru,Paid Search
6894,2025-11-26,Premium,Delhi,Organic
6895,2025-12-06,Retail,Kolkata,Email
6896,2026-01-02,Retail,Bengaluru,Referral
6897,2025-05-08,Retail,Chennai,Organic
6898,2025-06-09,Retail,Pune,Email
6899,2026-03-31,Retail,Delhi,Email
6900,2026-02-03,Corporate,Pune,Referral
6901,2025-01-19,Retail,Kolkata,Organic
6902,2025-12-02,Retail,Bengaluru,Organic
6903,2026-01-30,Retail,Kolkata,Referral
6904,2025-09-29,Retail,Bengaluru,Email
6905,2025-11-07,Retail,Bengaluru,Organic
6906,2025-01-01,Premium,Mumbai,Paid Search
6907,2025-01-15,Retail,Mumbai,Organic
6908,2025-01-18,Premium,Mumbai,Paid Search
6909,2025-03-19,Retail,Chennai,Social
6910,2026-04-26,Retail,Mumbai,Organic
6911,2025-11-04,Premium,Pune,Social
6912,2026-01-15,Premium,Bengaluru,Social
6913,2025-05-24,Corporate,Mumbai,Paid Search
6914,2026-03-31,Retail,Kolkata,Email
6915,2025-04-07,Corporate,Pune,Organic
6916,2026-03-14,Premium,Bengaluru,Organic
6917,2025-01-15,Premium,Chennai,Paid Search
6918,2025-01-10,Retail,Gurugram,Paid Search
6919,2025-02-08,Corporate,Bengaluru,Organic
6920,2026-01-20,Retail,Mumbai,Email
6921,2025-05-05,Premium,Chennai,Organic
6922,2025-08-07,Retail,Hyderabad,Organic
6923,2025-08-17,Premium,Chennai,Referral
6924,2026-01-18,Premium,Mumbai,Email
6925,2025-06-19,Retail,Gurugram,Paid Search
6926,2025-01-04,Retail,Delhi,Organic
6927,2025-07-07,Retail,Bengaluru,Paid Search
6928,2025-05-20,Premium,Chennai,Organic
6929,2025-12-21,Premium,Pune,Paid Search
6930,2025-12-31,Premium,Bengaluru,Social
6931,2025-02-14,Premium,Gurugram,Paid Search
6932,2026-01-20,Retail,Bengaluru,Paid Search
6933,2025-02-04,Retail,Chennai,Referral
6934,2025-10-28,Retail,Hyderabad,Organic
6935,2025-07-08,Premium,Hyderabad,Organic
6936,2025-05-27,Retail,Kolkata,Referral
6937,2025-08-23,Premium,Bengaluru,Organic
6938,2025-05-31,Corporate,Hyderabad,Organic
6939,2026-01-21,Retail,Kolkata,Organic
6940,2026-04-14,Premium,Delhi,Social
6941,2026-01-31,Retail,Hyderabad,Social
6942,2025-08-02,Retail,Bengaluru,Paid Search
6943,2025-09-02,Retail,Hyderabad,Paid Search
6944,2025-08-05,Retail,Pune,Paid Search
6945,2026-01-20,Retail,Hyderabad,Organic
6946,2025-09-25,Retail,Gurugram,Referral
6947,2025-08-16,Retail,Gurugram,Email
6948,2025-07-18,Retail,Mumbai,Paid Search
6949,2025-07-01,Retail,Chennai,Paid Search
6950,2025-09-26,Retail,Bengaluru,Referral
6951,2025-12-01,Premium,Chennai,Organic
6952,2025-07-29,Retail,Hyderabad,Paid Search
6953,2026-01-27,Retail,Gurugram,Email
6954,2026-02-05,Corporate,Gurugram,Organic
6955,2025-07-28,Premium,Delhi,Organic
6956,2026-03-17,Retail,Delhi,Paid Search
6957,2025-03-25,Premium,Delhi,Social
6958,2026-03-29,Retail,Kolkata,Social
6959,2025-05-23,Premium,Mumbai,Organic
6960,2025-10-01,Retail,Chennai,Referral
6961,2025-05-18,Retail,Bengaluru,Organic
6962,2025-08-03,Retail,Bengaluru,Email
6963,2025-06-14,Premium,Pune,Organic
6964,2025-12-09,Retail,Kolkata,Organic
6965,2025-02-09,Retail,Pune,Social
6966,2026-02-11,Retail,Pune,Organic
6967,2026-03-15,Premium,Chennai,Social
6968,2025-10-01,Retail,Mumbai,Organic
6969,2025-09-23,Retail,Pune,Paid Search
6970,2025-12-06,Retail,Bengaluru,Organic
6971,2025-04-07,Premium,Mumbai,Paid Search
6972,2025-12-30,Retail,Bengaluru,Organic
6973,2025-04-17,Corporate,Mumbai,Paid Search
6974,2025-11-25,Retail,Bengaluru,Organic
6975,2025-05-29,Retail,Delhi,Referral
6976,2025-12-28,Retail,Chennai,Referral
6977,2026-01-19,Retail,Bengaluru,Organic
6978,2025-04-12,Retail,Chennai,Organic
6979,2025-10-27,Retail,Chennai,Organic
6980,2025-08-30,Premium,Kolkata,Organic
6981,2025-05-23,Retail,Delhi,Paid Search
6982,2025-10-13,Retail,Pune,Paid Search
6983,2026-04-27,Retail,Hyderabad,Email
6984,2025-01-02,Retail,Bengaluru,Referral
6985,2026-04-10,Retail,Kolkata,Organic
6986,2026-02-20,Retail,Delhi,Organic
6987,2025-09-14,Retail,Bengaluru,Organic
6988,2025-10-23,Retail,Kolkata,Organic
6989,2025-06-29,Corporate,Hyderabad,Paid Search
6990,2025-03-04,Retail,Delhi,Organic
6991,2025-10-05,Corporate,Mumbai,Organic
6992,2026-01-31,Retail,Bengaluru,Organic
6993,2025-04-23,Premium,Mumbai,Social
6994,2025-12-14,Retail,Chennai,Organic
6995,2025-12-29,Retail,Mumbai,Email
6996,2026-01-03,Premium,Kolkata,Paid Search
6997,2025-06-14,Retail,Bengaluru,Paid Search
6998,2025-07-10,Retail,Delhi,Paid Search
6999,2025-07-21,Premium,Delhi,Paid Search
7000,2026-02-19,Retail,Pune,Paid Search
7001,2026-03-13,Retail,Chennai,Paid Search
7002,2025-07-20,Retail,Mumbai,Paid Search
7003,2026-04-16,Retail,Bengaluru,Paid Search
7004,2025-10-04,Corporate,Kolkata,Organic
7005,2025-07-06,Retail,Kolkata,Social
7006,2025-01-01,Retail,Chennai,Social
7007,2025-10-24,Retail,Pune,Social
7008,2025-11-09,Premium,Chennai,Email
7009,2026-04-15,Premium,Bengaluru,Paid Search
7010,2025-12-15,Retail,Delhi,Email
7011,2025-01-15,Corporate,Pune,Paid Search
7012,2025-10-03,Retail,Pune,Paid Search
7013,2025-12-27,Premium,Kolkata,Social
7014,2025-08-29,Retail,Mumbai,Organic
7015,2025-07-28,Retail,Gurugram,Organic
7016,2026-01-28,Retail,Hyderabad,Paid Search
7017,2025-10-24,Corporate,Hyderabad,Organic
7018,2025-11-27,Premium,Gurugram,Organic
7019,2025-08-14,Retail,Pune,Referral
7020,2025-05-15,Retail,Delhi,Paid Search
7021,2025-09-09,Retail,Bengaluru,Organic
7022,2026-04-11,Retail,Pune,Organic
7023,2025-10-20,Retail,Mumbai,Email
7024,2025-12-10,Retail,Mumbai,Email
7025,2025-03-02,Retail,Bengaluru,Social
7026,2026-04-25,Retail,Pune,Organic
7027,2025-04-29,Premium,Delhi,Paid Search
7028,2026-04-17,Retail,Pune,Paid Search
7029,2025-08-05,Retail,Chennai,Referral
7030,2026-03-22,Retail,Hyderabad,Paid Search
7031,2026-03-09,Retail,Chennai,Referral
7032,2026-01-02,Retail,Chennai,Paid Search
7033,2026-03-21,Premium,Hyderabad,Email
7034,2025-10-23,Retail,Gurugram,Paid Search
7035,2026-02-16,Retail,Pune,Paid Search
7036,2025-03-25,Premium,Kolkata,Paid Search
7037,2025-02-04,Retail,Chennai,Social
7038,2025-09-21,Retail,Gurugram,Email
7039,2026-01-28,Premium,Hyderabad,Paid Search
7040,2026-01-07,Retail,Mumbai,Email
7041,2025-09-14,Retail,Mumbai,Paid Search
7042,2025-09-10,Premium,Gurugram,Paid Search
7043,2025-10-23,Corporate,Kolkata,Organic
7044,2026-02-26,Retail,Bengaluru,Organic
7045,2026-02-13,Retail,Hyderabad,Referral
7046,2025-02-23,Premium,Delhi,Organic
7047,2025-10-16,Retail,Gurugram,Paid Search
7048,2025-07-04,Retail,Hyderabad,Organic
7049,2026-01-23,Retail,Hyderabad,Referral
7050,2025-09-03,Premium,Mumbai,Email
7051,2026-04-26,Retail,Delhi,Referral
7052,2025-07-29,Retail,Kolkata,Paid Search
7053,2025-11-26,Retail,Mumbai,Paid Search
7054,2025-02-22,Retail,Delhi,Organic
7055,2026-03-29,Corporate,Gurugram,Email
7056,2025-03-16,Retail,Pune,Organic
7057,2025-07-03,Retail,Delhi,Email
7058,2026-02-11,Premium,Bengaluru,Referral
7059,2026-04-15,Retail,Pune,Referral
7060,2025-08-23,Retail,Mumbai,Referral
7061,2025-08-24,Retail,Gurugram,Paid Search
7062,2025-01-24,Premium,Gurugram,Organic
7063,2026-04-20,Premium,Gurugram,Paid Search
7064,2025-01-08,Premium,Pune,Organic
7065,2025-01-13,Retail,Gurugram,Referral
7066,2025-08-18,Retail,Bengaluru,Paid Search
7067,2025-01-02,Retail,Pune,Email
7068,2025-03-21,Corporate,Chennai,Email
7069,2025-11-01,Retail,Pune,Organic
7070,2025-12-08,Retail,Kolkata,Organic
7071,2025-05-25,Premium,Delhi,Paid Search
7072,2026-01-21,Retail,Hyderabad,Organic
7073,2025-10-22,Retail,Kolkata,Social
7074,2025-04-21,Retail,Mumbai,Referral
7075,2025-12-12,Retail,Hyderabad,Referral
7076,2025-10-15,Corporate,Gurugram,Paid Search
7077,2026-01-29,Retail,Pune,Referral
7078,2025-03-16,Corporate,Bengaluru,Social
7079,2025-04-22,Retail,Bengaluru,Email
7080,2025-05-28,Retail,Mumbai,Referral
7081,2025-06-15,Premium,Chennai,Referral
7082,2026-03-08,Premium,Delhi,Organic
7083,2025-12-22,Retail,Mumbai,Referral
7084,2025-09-21,Retail,Delhi,Paid Search
7085,2025-09-20,Premium,Kolkata,Paid Search
7086,2026-03-06,Premium,Gurugram,Paid Search
7087,2025-08-05,Retail,Delhi,Paid Search
7088,2025-04-20,Retail,Gurugram,Organic
7089,2025-03-08,Retail,Gurugram,Organic
7090,2025-06-10,Retail,Pune,Referral
7091,2025-11-13,Retail,Delhi,Social
7092,2025-08-17,Retail,Chennai,Email
7093,2025-07-24,Retail,Pune,Referral
7094,2025-08-21,Retail,Kolkata,Paid Search
7095,2026-04-18,Retail,Bengaluru,Referral
7096,2026-04-29,Retail,Pune,Social
7097,2025-03-20,Retail,Gurugram,Organic
7098,2025-02-25,Retail,Chennai,Email
7099,2025-04-29,Premium,Chennai,Email
7100,2026-02-18,Retail,Gurugram,Organic
7101,2025-08-11,Retail,Hyderabad,Referral
7102,2026-02-23,Retail,Mumbai,Organic
7103,2025-11-10,Retail,Gurugram,Email
7104,2025-09-26,Retail,Mumbai,Social
7105,2025-05-17,Retail,Pune,Organic
7106,2025-06-16,Retail,Kolkata,Referral
7107,2025-03-13,Retail,Kolkata,Paid Search
7108,2025-09-09,Retail,Chennai,Organic
7109,2025-05-16,Retail,Hyderabad,Referral
7110,2025-05-22,Retail,Mumbai,Referral
7111,2025-01-20,Retail,Delhi,Paid Search
7112,2026-01-23,Retail,Bengaluru,Referral
7113,2026-04-01,Premium,Gurugram,Organic
7114,2025-08-30,Retail,Chennai,Paid Search
7115,2025-09-17,Retail,Hyderabad,Social
7116,2026-03-26,Retail,Hyderabad,Organic
7117,2025-09-06,Retail,Bengaluru,Paid Search
7118,2025-10-30,Premium,Gurugram,Email
7119,2025-07-27,Retail,Hyderabad,Referral
7120,2025-09-07,Retail,Kolkata,Social
7121,2025-09-11,Retail,Delhi,Social
7122,2025-12-11,Premium,Hyderabad,Email
7123,2025-10-21,Retail,Pune,Email
7124,2025-09-02,Corporate,Chennai,Organic
7125,2025-02-06,Corporate,Delhi,Paid Search
7126,2026-03-15,Premium,Chennai,Organic
7127,2026-03-07,Retail,Kolkata,Organic
7128,2025-03-31,Retail,Delhi,Organic
7129,2025-05-23,Retail,Bengaluru,Social
7130,2026-04-18,Premium,Hyderabad,Referral
7131,2025-06-05,Retail,Bengaluru,Email
7132,2026-01-29,Retail,Hyderabad,Paid Search
7133,2026-01-17,Retail,Gurugram,Paid Search
7134,2026-02-22,Premium,Gurugram,Organic
7135,2025-01-08,Premium,Pune,Organic
7136,2025-08-23,Retail,Gurugram,Organic
7137,2025-10-02,Retail,Kolkata,Email
7138,2026-02-11,Premium,Delhi,Organic
7139,2025-04-19,Premium,Hyderabad,Referral
7140,2025-05-29,Premium,Kolkata,Paid Search
7141,2025-03-29,Retail,Hyderabad,Paid Search
7142,2026-01-05,Retail,Pune,Email
7143,2026-04-30,Premium,Hyderabad,Email
7144,2025-03-10,Retail,Delhi,Organic
7145,2025-04-24,Retail,Pune,Email
7146,2025-05-29,Retail,Hyderabad,Organic
7147,2026-03-08,Retail,Kolkata,Referral
7148,2025-08-05,Premium,Gurugram,Organic
7149,2025-05-17,Retail,Delhi,Paid Search
7150,2025-06-06,Retail,Bengaluru,Referral
7151,2025-10-18,Retail,Hyderabad,Referral
7152,2025-07-07,Premium,Chennai,Referral
7153,2025-03-10,Premium,Hyderabad,Organic
7154,2026-02-02,Retail,Pune,Email
7155,2025-07-24,Premium,Gurugram,Paid Search
7156,2025-05-05,Retail,Pune,Organic
7157,2025-12-20,Premium,Delhi,Organic
7158,2025-12-28,Premium,Hyderabad,Organic
7159,2025-03-17,Retail,Gurugram,Organic
7160,2025-02-05,Corporate,Hyderabad,Social
7161,2025-01-23,Retail,Gurugram,Organic
7162,2026-01-07,Retail,Gurugram,Social
7163,2025-10-31,Retail,Bengaluru,Organic
7164,2026-01-20,Premium,Hyderabad,Social
7165,2025-10-31,Retail,Mumbai,Organic
7166,2025-07-14,Retail,Mumbai,Paid Search
7167,2025-10-13,Retail,Bengaluru,Social
7168,2025-12-17,Corporate,Hyderabad,Email
7169,2025-07-13,Retail,Bengaluru,Email
7170,2026-03-20,Retail,Chennai,Paid Search
7171,2026-03-13,Retail,Mumbai,Email
7172,2026-01-24,Premium,Hyderabad,Social
7173,2026-04-27,Retail,Gurugram,Email
7174,2025-07-09,Retail,Chennai,Organic
7175,2025-02-25,Corporate,Mumbai,Organic
7176,2025-08-23,Retail,Mumbai,Organic
7177,2025-12-28,Retail,Gurugram,Referral
7178,2026-01-13,Premium,Pune,Organic
7179,2025-07-08,Retail,Gurugram,Organic
7180,2025-05-22,Retail,Kolkata,Social
7181,2025-08-05,Retail,Hyderabad,Email
7182,2026-01-25,Premium,Pune,Social
7183,2025-01-30,Corporate,Bengaluru,Referral
7184,2025-06-09,Retail,Chennai,Organic
7185,2025-04-22,Retail,Chennai,Email
7186,2026-01-26,Retail,Chennai,Organic
7187,2025-08-16,Retail,Kolkata,Organic
7188,2025-02-12,Retail,Chennai,Paid Search
7189,2025-05-07,Retail,Delhi,Organic
7190,2025-01-22,Retail,Bengaluru,Social
7191,2025-08-19,Retail,Pune,Social
7192,2026-04-29,Retail,Chennai,Organic
7193,2025-10-03,Retail,Kolkata,Organic
7194,2026-02-26,Retail,Hyderabad,Organic
7195,2025-12-27,Retail,Kolkata,Organic
7196,2026-03-05,Retail,Hyderabad,Email
7197,2025-05-31,Retail,Mumbai,Social
7198,2026-04-07,Retail,Hyderabad,Organic
7199,2025-04-26,Retail,Mumbai,Organic
7200,2025-08-01,Premium,Hyderabad,Referral
7201,2025-11-27,Premium,Mumbai,Referral
7202,2025-05-20,Premium,Delhi,Email
7203,2025-05-09,Retail,Chennai,Organic
7204,2025-03-05,Premium,Chennai,Paid Search
7205,2025-01-03,Retail,Mumbai,Organic
7206,2025-09-01,Retail,Pune,Referral
7207,2026-04-24,Retail,Pune,Paid Search
7208,2025-04-17,Retail,Mumbai,Social
7209,2025-08-02,Retail,Pune,Organic
7210,2026-03-30,Retail,Bengaluru,Referral
7211,2026-01-10,Premium,Kolkata,Organic
7212,2025-01-02,Retail,Pune,Referral
7213,2025-08-31,Retail,Delhi,Organic
7214,2025-03-11,Premium,Pune,Referral
7215,2025-04-30,Retail,Delhi,Organic
7216,2025-04-30,Retail,Chennai,Social
7217,2025-10-25,Retail,Bengaluru,Referral
7218,2025-04-07,Retail,Hyderabad,Paid Search
7219,2025-05-03,Corporate,Chennai,Organic
7220,2025-04-20,Retail,Kolkata,Paid Search
7221,2025-06-23,Premium,Pune,Organic
7222,2025-11-15,Retail,Delhi,Social
7223,2025-07-13,Premium,Bengaluru,Organic
7224,2025-06-08,Premium,Pune,Organic
7225,2025-09-09,Retail,Delhi,Organic
7226,2025-10-26,Retail,Bengaluru,Organic
7227,2025-01-08,Retail,Bengaluru,Organic
7228,2026-03-08,Retail,Bengaluru,Referral
7229,2026-03-21,Premium,Gurugram,Organic
7230,2025-10-20,Retail,Gurugram,Email
7231,2025-10-06,Retail,Gurugram,Referral
7232,2025-12-03,Corporate,Kolkata,Paid Search
7233,2025-08-02,Retail,Gurugram,Email
7234,2025-06-27,Retail,Mumbai,Social
7235,2025-06-21,Premium,Hyderabad,Social
7236,2025-03-19,Premium,Delhi,Paid Search
7237,2026-02-12,Retail,Kolkata,Social
7238,2025-06-05,Retail,Kolkata,Organic
7239,2025-05-18,Corporate,Delhi,Paid Search
7240,2026-04-13,Premium,Mumbai,Organic
7241,2025-09-03,Retail,Mumbai,Paid Search
7242,2025-10-29,Retail,Gurugram,Social
7243,2025-04-30,Retail,Kolkata,Organic
7244,2025-05-15,Premium,Bengaluru,Organic
7245,2025-12-20,Premium,Delhi,Referral
7246,2025-08-07,Retail,Hyderabad,Organic
7247,2025-03-13,Retail,Pune,Organic
7248,2026-02-10,Retail,Delhi,Paid Search
7249,2025-07-15,Retail,Hyderabad,Email
7250,2025-11-21,Retail,Pune,Social
7251,2025-06-15,Retail,Gurugram,Social
7252,2025-09-29,Retail,Mumbai,Referral
7253,2026-01-12,Premium,Mumbai,Social
7254,2026-03-06,Retail,Hyderabad,Referral
7255,2025-04-11,Retail,Bengaluru,Social
7256,2025-11-23,Premium,Gurugram,Email
7257,2026-03-20,Premium,Kolkata,Social
7258,2025-11-08,Retail,Bengaluru,Organic
7259,2025-03-11,Retail,Bengaluru,Organic
7260,2025-04-03,Premium,Chennai,Organic
7261,2025-04-09,Retail,Kolkata,Paid Search
7262,2025-02-21,Retail,Mumbai,Email
7263,2026-01-01,Retail,Bengaluru,Referral
7264,2026-04-14,Retail,Pune,Referral
7265,2025-09-08,Premium,Kolkata,Social
7266,2025-10-18,Retail,Bengaluru,Email
7267,2026-01-11,Retail,Hyderabad,Referral
7268,2025-07-21,Retail,Chennai,Organic
7269,2025-08-18,Retail,Hyderabad,Paid Search
7270,2025-10-13,Retail,Kolkata,Paid Search
7271,2025-05-28,Premium,Pune,Organic
7272,2025-01-30,Retail,Gurugram,Organic
7273,2025-10-03,Retail,Pune,Organic
7274,2026-02-03,Retail,Gurugram,Organic
7275,2025-02-05,Premium,Kolkata,Organic
7276,2025-04-16,Retail,Mumbai,Email
7277,2025-05-08,Corporate,Gurugram,Paid Search
7278,2026-01-26,Retail,Mumbai,Referral
7279,2025-09-02,Retail,Bengaluru,Organic
7280,2025-09-17,Retail,Delhi,Email
7281,2025-11-09,Retail,Delhi,Referral
7282,2025-05-15,Corporate,Chennai,Email
7283,2025-12-13,Corporate,Delhi,Paid Search
7284,2025-01-15,Retail,Mumbai,Social
7285,2025-02-25,Retail,Hyderabad,Paid Search
7286,2026-01-31,Retail,Kolkata,Paid Search
7287,2025-11-16,Retail,Kolkata,Referral
7288,2025-03-27,Premium,Gurugram,Organic
7289,2025-08-01,Corporate,Delhi,Organic
7290,2025-01-26,Retail,Mumbai,Email
7291,2025-11-22,Retail,Hyderabad,Organic
7292,2026-01-02,Premium,Bengaluru,Referral
7293,2025-05-16,Retail,Delhi,Organic
7294,2025-06-19,Retail,Pune,Paid Search
7295,2025-04-25,Retail,Hyderabad,Organic
7296,2025-07-08,Premium,Hyderabad,Paid Search
7297,2025-05-13,Corporate,Delhi,Referral
7298,2025-04-30,Retail,Hyderabad,Email
7299,2025-07-28,Retail,Hyderabad,Organic
7300,2026-02-21,Retail,Mumbai,Paid Search
7301,2026-01-05,Retail,Kolkata,Referral
7302,2025-05-25,Retail,Gurugram,Organic
7303,2026-04-03,Premium,Gurugram,Organic
7304,2025-04-12,Retail,Chennai,Paid Search
7305,2026-03-18,Retail,Chennai,Referral
7306,2025-05-30,Retail,Mumbai,Paid Search
7307,2025-09-20,Retail,Hyderabad,Organic
7308,2025-04-09,Premium,Delhi,Email
7309,2026-01-05,Retail,Pune,Email
7310,2025-06-04,Retail,Kolkata,Social
7311,2026-02-28,Premium,Chennai,Social
7312,2025-02-10,Retail,Delhi,Email
7313,2025-09-01,Retail,Pune,Social
7314,2025-03-18,Retail,Gurugram,Referral
7315,2026-03-08,Retail,Delhi,Paid Search
7316,2025-07-22,Retail,Pune,Organic
7317,2025-11-24,Premium,Bengaluru,Referral
7318,2026-03-03,Retail,Gurugram,Social
7319,2025-09-17,Retail,Pune,Organic
7320,2025-01-28,Premium,Kolkata,Social
7321,2025-04-18,Retail,Pune,Referral
7322,2025-04-14,Retail,Gurugram,Organic
7323,2026-03-20,Retail,Bengaluru,Referral
7324,2026-03-17,Retail,Chennai,Organic
7325,2025-08-20,Retail,Hyderabad,Social
7326,2026-03-08,Retail,Pune,Email
7327,2025-04-30,Retail,Chennai,Email
7328,2025-11-26,Retail,Mumbai,Email
7329,2025-07-10,Retail,Kolkata,Social
7330,2025-04-27,Retail,Chennai,Paid Search
7331,2025-05-02,Retail,Hyderabad,Social
7332,2025-07-23,Retail,Pune,Paid Search
7333,2025-06-14,Retail,Chennai,Social
7334,2025-04-13,Retail,Hyderabad,Paid Search
7335,2025-06-12,Retail,Chennai,Paid Search
7336,2025-03-04,Retail,Pune,Paid Search
7337,2026-04-16,Retail,Kolkata,Paid Search
7338,2025-07-04,Retail,Mumbai,Paid Search
7339,2025-02-22,Premium,Delhi,Organic
7340,2025-10-07,Retail,Hyderabad,Paid Search
7341,2026-03-05,Retail,Kolkata,Organic
7342,2025-06-24,Corporate,Delhi,Email
7343,2026-02-14,Retail,Kolkata,Organic
7344,2025-10-24,Premium,Hyderabad,Referral
7345,2025-12-25,Premium,Mumbai,Organic
7346,2025-05-24,Retail,Hyderabad,Email
7347,2025-01-18,Retail,Kolkata,Referral
7348,2025-06-17,Retail,Kolkata,Email
7349,2026-03-25,Corporate,Pune,Email
7350,2026-01-19,Retail,Pune,Social
7351,2026-01-16,Premium,Kolkata,Organic
7352,2026-03-02,Retail,Gurugram,Paid Search
7353,2025-07-01,Retail,Kolkata,Paid Search
7354,2025-06-06,Retail,Gurugram,Email
7355,2026-03-25,Retail,Kolkata,Email
7356,2025-10-05,Retail,Delhi,Paid Search
7357,2025-05-25,Corporate,Delhi,Social
7358,2025-05-15,Retail,Pune,Paid Search
7359,2026-03-02,Corporate,Gurugram,Social
7360,2025-01-26,Corporate,Bengaluru,Social
7361,2025-01-30,Retail,Gurugram,Paid Search
7362,2025-12-24,Retail,Kolkata,Email
7363,2025-01-01,Retail,Mumbai,Organic
7364,2025-03-24,Retail,Hyderabad,Referral
7365,2026-04-26,Corporate,Mumbai,Social
7366,2025-07-26,Premium,Delhi,Organic
7367,2025-12-19,Corporate,Chennai,Paid Search
7368,2025-08-25,Retail,Mumbai,Organic
7369,2025-02-13,Retail,Pune,Social
7370,2025-03-31,Retail,Chennai,Email
7371,2026-01-05,Premium,Hyderabad,Organic
7372,2025-02-15,Retail,Delhi,Organic
7373,2025-10-16,Retail,Delhi,Paid Search
7374,2025-06-18,Retail,Hyderabad,Organic
7375,2025-06-29,Retail,Delhi,Organic
7376,2026-04-07,Retail,Kolkata,Social
7377,2025-10-21,Retail,Mumbai,Paid Search
7378,2025-10-26,Premium,Delhi,Referral
7379,2025-06-19,Premium,Mumbai,Paid Search
7380,2025-07-04,Retail,Chennai,Social
7381,2025-11-29,Premium,Pune,Paid Search
7382,2025-01-19,Retail,Chennai,Organic
7383,2025-04-26,Premium,Bengaluru,Paid Search
7384,2025-10-19,Retail,Bengaluru,Referral
7385,2025-10-30,Retail,Chennai,Email
7386,2025-02-14,Retail,Delhi,Organic
7387,2026-01-18,Retail,Hyderabad,Paid Search
7388,2025-09-21,Retail,Delhi,Social
7389,2025-04-26,Premium,Hyderabad,Organic
7390,2025-12-31,Premium,Gurugram,Referral
7391,2026-04-26,Retail,Kolkata,Organic
7392,2025-07-25,Retail,Chennai,Email
7393,2025-05-18,Premium,Chennai,Social
7394,2025-05-26,Retail,Hyderabad,Organic
7395,2025-10-15,Retail,Chennai,Referral
7396,2025-01-23,Retail,Kolkata,Organic
7397,2025-08-23,Retail,Pune,Referral
7398,2025-01-13,Retail,Delhi,Referral
7399,2025-01-19,Retail,Chennai,Social
7400,2025-07-28,Retail,Mumbai,Organic
7401,2025-12-28,Retail,Bengaluru,Paid Search
7402,2026-03-05,Premium,Mumbai,Paid Search
7403,2025-02-12,Retail,Delhi,Social
7404,2025-04-29,Retail,Kolkata,Social
7405,2025-07-24,Corporate,Chennai,Paid Search
7406,2025-10-06,Premium,Hyderabad,Referral
7407,2026-04-24,Retail,Hyderabad,Referral
7408,2025-11-28,Retail,Chennai,Social
7409,2025-09-19,Retail,Pune,Organic
7410,2025-01-30,Retail,Mumbai,Paid Search
7411,2025-02-09,Retail,Hyderabad,Paid Search
7412,2025-03-16,Premium,Kolkata,Referral
7413,2025-11-17,Premium,Pune,Referral
7414,2025-06-10,Corporate,Kolkata,Email
7415,2025-04-27,Retail,Pune,Organic
7416,2025-11-21,Corporate,Hyderabad,Referral
7417,2026-01-31,Premium,Chennai,Email
7418,2025-08-01,Retail,Mumbai,Organic
7419,2026-03-04,Retail,Chennai,Organic
7420,2025-12-23,Retail,Chennai,Organic
7421,2025-12-14,Retail,Bengaluru,Social
7422,2026-02-25,Retail,Bengaluru,Paid Search
7423,2025-03-31,Retail,Delhi,Organic
7424,2026-01-03,Retail,Mumbai,Paid Search
7425,2026-04-10,Retail,Delhi,Referral
7426,2026-04-27,Retail,Pune,Email
7427,2025-10-08,Retail,Delhi,Referral
7428,2026-01-01,Premium,Pune,Email
7429,2026-03-07,Corporate,Delhi,Social
7430,2026-02-18,Retail,Kolkata,Referral
7431,2026-03-12,Retail,Chennai,Paid Search
7432,2026-02-08,Premium,Bengaluru,Email
7433,2025-07-04,Retail,Chennai,Email
7434,2025-12-21,Corporate,Mumbai,Social
7435,2025-07-19,Premium,Chennai,Paid Search
7436,2026-01-24,Retail,Chennai,Organic
7437,2026-01-28,Retail,Hyderabad,Paid Search
7438,2026-03-30,Retail,Chennai,Organic
7439,2025-10-13,Retail,Gurugram,Organic
7440,2025-08-19,Retail,Hyderabad,Paid Search
7441,2025-03-22,Premium,Bengaluru,Organic
7442,2025-11-06,Retail,Hyderabad,Email
7443,2025-10-02,Retail,Pune,Social
7444,2025-09-07,Retail,Delhi,Referral
7445,2025-11-25,Retail,Gurugram,Paid Search
7446,2026-02-17,Retail,Hyderabad,Organic
7447,2025-03-14,Retail,Gurugram,Organic
7448,2025-07-29,Retail,Gurugram,Email
7449,2025-12-17,Premium,Delhi,Organic
7450,2026-02-02,Retail,Delhi,Social
7451,2026-01-13,Retail,Mumbai,Organic
7452,2026-01-23,Premium,Pune,Paid Search
7453,2026-02-19,Retail,Bengaluru,Organic
7454,2026-04-12,Premium,Delhi,Paid Search
7455,2025-10-22,Retail,Pune,Organic
7456,2025-05-01,Premium,Bengaluru,Email
7457,2025-10-01,Retail,Kolkata,Organic
7458,2025-12-11,Retail,Kolkata,Organic
7459,2025-02-18,Premium,Kolkata,Organic
7460,2026-01-03,Retail,Pune,Email
7461,2025-09-21,Premium,Chennai,Social
7462,2026-03-31,Retail,Delhi,Social
7463,2025-04-13,Retail,Kolkata,Paid Search
7464,2026-03-16,Retail,Hyderabad,Email
7465,2025-08-06,Premium,Delhi,Organic
7466,2025-10-06,Premium,Delhi,Referral
7467,2025-11-17,Retail,Bengaluru,Referral
7468,2025-10-08,Retail,Bengaluru,Organic
7469,2026-03-15,Retail,Mumbai,Organic
7470,2025-03-23,Retail,Kolkata,Paid Search
7471,2025-12-20,Premium,Hyderabad,Organic
7472,2026-04-18,Retail,Bengaluru,Organic
7473,2025-04-17,Retail,Chennai,Paid Search
7474,2025-05-04,Retail,Hyderabad,Organic
7475,2025-08-19,Retail,Kolkata,Social
7476,2025-12-18,Retail,Pune,Paid Search
7477,2026-04-11,Retail,Chennai,Social
7478,2026-01-21,Retail,Kolkata,Paid Search
7479,2026-01-21,Corporate,Delhi,Paid Search
7480,2025-08-02,Retail,Delhi,Paid Search
7481,2025-11-10,Premium,Chennai,Email
7482,2025-04-13,Retail,Pune,Paid Search
7483,2025-08-13,Retail,Mumbai,Social
7484,2025-04-02,Premium,Delhi,Referral
7485,2025-01-14,Retail,Gurugram,Social
7486,2026-02-20,Retail,Delhi,Organic
7487,2026-01-26,Retail,Hyderabad,Organic
7488,2025-09-05,Retail,Mumbai,Social
7489,2025-01-08,Premium,Hyderabad,Referral
7490,2025-02-13,Retail,Chennai,Referral
7491,2025-02-24,Retail,Pune,Social
7492,2025-12-14,Retail,Delhi,Organic
7493,2025-04-09,Retail,Delhi,Referral
7494,2025-05-02,Premium,Gurugram,Social
7495,2026-02-22,Retail,Bengaluru,Email
7496,2026-03-02,Premium,Hyderabad,Referral
7497,2026-01-06,Retail,Kolkata,Paid Search
7498,2025-05-31,Retail,Kolkata,Social
7499,2025-10-09,Retail,Bengaluru,Social
7500,2025-04-08,Retail,Mumbai,Paid Search
7501,2026-02-21,Premium,Hyderabad,Paid Search
7502,2025-02-11,Retail,Bengaluru,Organic
7503,2025-12-28,Retail,Chennai,Organic
7504,2025-09-06,Premium,Chennai,Referral
7505,2026-01-03,Retail,Bengaluru,Paid Search
7506,2025-08-07,Retail,Hyderabad,Referral
7507,2025-03-18,Premium,Chennai,Paid Search
7508,2025-12-31,Retail,Pune,Referral
7509,2025-11-03,Premium,Pune,Referral
7510,2025-08-14,Retail,Kolkata,Referral
7511,2025-06-30,Retail,Chennai,Paid Search
7512,2025-06-16,Retail,Chennai,Email
7513,2025-08-22,Retail,Hyderabad,Paid Search
7514,2025-05-07,Premium,Kolkata,Referral
7515,2025-05-17,Retail,Delhi,Paid Search
7516,2025-05-15,Premium,Delhi,Organic
7517,2025-01-07,Retail,Chennai,Social
7518,2026-03-27,Retail,Pune,Paid Search
7519,2025-04-25,Retail,Bengaluru,Organic
7520,2025-03-22,Retail,Pune,Paid Search
7521,2025-03-15,Retail,Delhi,Organic
7522,2026-04-25,Retail,Pune,Email
7523,2025-08-20,Corporate,Bengaluru,Social
7524,2025-06-08,Retail,Pune,Organic
7525,2025-07-15,Retail,Bengaluru,Referral
7526,2025-02-12,Retail,Chennai,Social
7527,2025-06-02,Premium,Delhi,Referral
7528,2025-05-01,Retail,Kolkata,Social
7529,2026-01-25,Retail,Hyderabad,Organic
7530,2025-01-29,Retail,Mumbai,Organic
7531,2025-07-26,Retail,Gurugram,Referral
7532,2026-01-19,Retail,Delhi,Referral
7533,2026-02-09,Retail,Pune,Referral
7534,2025-09-06,Retail,Delhi,Organic
7535,2025-04-18,Retail,Gurugram,Referral
7536,2025-06-13,Corporate,Mumbai,Paid Search
7537,2025-04-18,Retail,Bengaluru,Social
7538,2025-11-18,Retail,Chennai,Organic
7539,2025-05-22,Premium,Gurugram,Referral
7540,2025-11-02,Retail,Hyderabad,Email
7541,2025-11-15,Retail,Bengaluru,Organic
7542,2026-04-01,Retail,Bengaluru,Referral
7543,2025-06-29,Retail,Gurugram,Social
7544,2026-04-12,Retail,Gurugram,Organic
7545,2025-07-14,Retail,Delhi,Organic
7546,2025-11-27,Premium,Gurugram,Referral
7547,2025-11-17,Premium,Kolkata,Organic
7548,2026-02-01,Retail,Pune,Organic
7549,2025-08-16,Retail,Bengaluru,Email
7550,2026-01-20,Retail,Hyderabad,Social
7551,2025-06-22,Retail,Kolkata,Referral
7552,2025-08-27,Retail,Bengaluru,Social
7553,2025-08-31,Retail,Bengaluru,Paid Search
7554,2025-12-08,Retail,Hyderabad,Referral
7555,2025-10-27,Corporate,Delhi,Organic
7556,2025-02-07,Retail,Hyderabad,Paid Search
7557,2026-01-28,Retail,Mumbai,Social
7558,2026-01-03,Retail,Delhi,Email
7559,2025-02-20,Retail,Hyderabad,Paid Search
7560,2026-04-12,Retail,Kolkata,Email
7561,2025-11-17,Retail,Gurugram,Referral
7562,2025-02-11,Retail,Hyderabad,Paid Search
7563,2025-08-27,Premium,Kolkata,Paid Search
7564,2026-02-10,Corporate,Mumbai,Organic
7565,2025-05-16,Retail,Chennai,Social
7566,2026-03-29,Retail,Chennai,Organic
7567,2025-07-22,Retail,Bengaluru,Paid Search
7568,2025-04-20,Retail,Hyderabad,Organic
7569,2025-06-22,Corporate,Chennai,Email
7570,2025-09-12,Retail,Bengaluru,Paid Search
7571,2025-11-30,Retail,Pune,Paid Search
7572,2026-03-27,Premium,Mumbai,Paid Search
7573,2025-04-05,Retail,Pune,Organic
7574,2026-04-11,Retail,Delhi,Paid Search
7575,2025-09-13,Retail,Hyderabad,Referral
7576,2025-03-04,Retail,Pune,Social
7577,2026-03-26,Retail,Kolkata,Paid Search
7578,2025-06-19,Corporate,Hyderabad,Referral
7579,2025-10-28,Retail,Delhi,Organic
7580,2025-12-05,Retail,Delhi,Referral
7581,2025-01-07,Retail,Pune,Organic
7582,2025-04-18,Retail,Kolkata,Email
7583,2025-11-29,Retail,Gurugram,Email
7584,2025-06-07,Premium,Kolkata,Referral
7585,2025-01-05,Retail,Bengaluru,Organic
7586,2025-01-12,Retail,Hyderabad,Paid Search
7587,2026-02-05,Retail,Gurugram,Referral
7588,2025-03-16,Retail,Kolkata,Paid Search
7589,2025-02-18,Retail,Hyderabad,Paid Search
7590,2025-09-30,Premium,Hyderabad,Paid Search
7591,2025-02-27,Retail,Delhi,Organic
7592,2025-11-13,Premium,Mumbai,Paid Search
7593,2025-09-21,Premium,Pune,Organic
7594,2025-11-11,Retail,Pune,Social
7595,2025-08-27,Retail,Pune,Paid Search
7596,2026-01-13,Premium,Bengaluru,Organic
7597,2025-11-09,Corporate,Mumbai,Organic
7598,2025-07-21,Retail,Hyderabad,Email
7599,2025-01-08,Retail,Gurugram,Social
7600,2025-05-13,Retail,Gurugram,Social
7601,2025-03-05,Premium,Delhi,Referral
7602,2025-01-08,Premium,Bengaluru,Social
7603,2025-05-13,Premium,Pune,Paid Search
7604,2025-04-11,Retail,Mumbai,Social
7605,2025-02-07,Retail,Bengaluru,Organic
7606,2025-06-01,Premium,Mumbai,Social
7607,2025-09-03,Retail,Hyderabad,Organic
7608,2025-03-28,Premium,Gurugram,Email
7609,2025-05-13,Retail,Gurugram,Paid Search
7610,2025-01-10,Premium,Delhi,Organic
7611,2025-01-25,Retail,Chennai,Social
7612,2025-03-18,Retail,Gurugram,Organic
7613,2025-08-08,Retail,Kolkata,Paid Search
7614,2025-11-20,Premium,Delhi,Email
7615,2026-01-18,Retail,Hyderabad,Referral
7616,2025-11-02,Premium,Kolkata,Social
7617,2025-10-27,Retail,Gurugram,Paid Search
7618,2026-03-30,Retail,Bengaluru,Paid Search
7619,2025-05-04,Retail,Bengaluru,Organic
7620,2026-01-23,Corporate,Mumbai,Social
7621,2026-03-31,Premium,Gurugram,Social
7622,2025-10-03,Premium,Mumbai,Organic
7623,2026-02-12,Premium,Bengaluru,Organic
7624,2025-03-08,Retail,Mumbai,Organic
7625,2026-03-03,Corporate,Gurugram,Organic
7626,2025-10-01,Retail,Delhi,Organic
7627,2025-04-18,Retail,Pune,Paid Search
7628,2025-01-30,Retail,Mumbai,Paid Search
7629,2025-12-16,Retail,Hyderabad,Paid Search
7630,2025-07-28,Premium,Pune,Organic
7631,2025-05-31,Retail,Chennai,Paid Search
7632,2025-07-09,Premium,Pune,Referral
7633,2026-04-26,Corporate,Hyderabad,Organic
7634,2025-07-27,Retail,Bengaluru,Paid Search
7635,2025-02-08,Retail,Kolkata,Paid Search
7636,2025-05-16,Retail,Chennai,Organic
7637,2025-03-12,Retail,Chennai,Paid Search
7638,2025-11-29,Premium,Kolkata,Paid Search
7639,2026-01-24,Retail,Mumbai,Paid Search
7640,2026-02-12,Retail,Gurugram,Referral
7641,2025-11-03,Retail,Gurugram,Referral
7642,2026-01-08,Retail,Hyderabad,Paid Search
7643,2025-07-22,Retail,Mumbai,Paid Search
7644,2025-11-01,Retail,Bengaluru,Email
7645,2025-02-21,Retail,Hyderabad,Paid Search
7646,2025-09-19,Premium,Gurugram,Email
7647,2025-09-28,Retail,Bengaluru,Referral
7648,2025-01-16,Retail,Gurugram,Organic
7649,2025-09-23,Retail,Mumbai,Organic
7650,2025-12-17,Retail,Gurugram,Organic
7651,2025-06-28,Retail,Gurugram,Referral
7652,2025-09-22,Premium,Pune,Paid Search
7653,2025-05-19,Retail,Delhi,Social
7654,2025-05-12,Retail,Pune,Paid Search
7655,2025-03-04,Retail,Gurugram,Referral
7656,2025-06-09,Retail,Gurugram,Referral
7657,2026-01-25,Retail,Hyderabad,Organic
7658,2026-03-30,Premium,Hyderabad,Paid Search
7659,2025-11-05,Corporate,Hyderabad,Paid Search
7660,2025-10-30,Retail,Mumbai,Referral
7661,2025-10-25,Corporate,Chennai,Referral
7662,2025-08-19,Retail,Gurugram,Paid Search
7663,2025-07-25,Retail,Bengaluru,Referral
7664,2025-10-29,Premium,Kolkata,Paid Search
7665,2026-01-16,Retail,Delhi,Organic
7666,2025-07-20,Retail,Delhi,Email
7667,2025-10-02,Retail,Gurugram,Paid Search
7668,2025-08-17,Retail,Delhi,Referral
7669,2025-05-19,Retail,Hyderabad,Paid Search
7670,2025-05-21,Premium,Gurugram,Social
7671,2025-02-08,Retail,Bengaluru,Paid Search
7672,2025-08-02,Corporate,Bengaluru,Paid Search
7673,2025-12-12,Retail,Delhi,Organic
7674,2025-11-29,Retail,Chennai,Referral
7675,2026-04-24,Retail,Bengaluru,Organic
7676,2025-01-20,Retail,Delhi,Paid Search
7677,2026-01-04,Retail,Hyderabad,Paid Search
7678,2026-01-21,Retail,Mumbai,Paid Search
7679,2025-07-31,Retail,Kolkata,Social
7680,2025-05-18,Retail,Chennai,Social
7681,2025-06-23,Corporate,Gurugram,Social
7682,2025-11-28,Retail,Gurugram,Paid Search
7683,2026-02-23,Retail,Kolkata,Paid Search
7684,2025-11-08,Retail,Pune,Organic
7685,2025-09-07,Retail,Mumbai,Paid Search
7686,2025-11-13,Retail,Delhi,Email
7687,2025-02-04,Premium,Delhi,Paid Search
7688,2025-10-22,Retail,Mumbai,Email
7689,2025-01-21,Retail,Gurugram,Organic
7690,2026-04-11,Retail,Mumbai,Referral
7691,2026-03-08,Retail,Delhi,Social
7692,2025-09-04,Retail,Gurugram,Social
7693,2025-07-01,Corporate,Hyderabad,Social
7694,2025-12-22,Retail,Hyderabad,Organic
7695,2025-11-06,Retail,Bengaluru,Referral
7696,2025-12-09,Premium,Gurugram,Paid Search
7697,2025-09-08,Retail,Bengaluru,Paid Search
7698,2025-04-25,Premium,Kolkata,Organic
7699,2025-02-05,Premium,Gurugram,Organic
7700,2025-05-18,Retail,Hyderabad,Email
7701,2025-09-14,Retail,Chennai,Paid Search
7702,2025-07-25,Premium,Delhi,Paid Search
7703,2025-09-03,Retail,Kolkata,Organic
7704,2025-05-15,Retail,Gurugram,Social
7705,2026-03-31,Retail,Mumbai,Referral
7706,2025-06-27,Premium,Delhi,Email
7707,2026-02-15,Retail,Delhi,Social
7708,2025-07-09,Retail,Kolkata,Organic
7709,2025-08-04,Retail,Mumbai,Organic
7710,2025-10-20,Retail,Hyderabad,Organic
7711,2025-05-08,Retail,Bengaluru,Social
7712,2025-04-17,Retail,Bengaluru,Email
7713,2025-07-03,Retail,Mumbai,Organic
7714,2026-01-26,Retail,Hyderabad,Paid Search
7715,2025-03-12,Retail,Gurugram,Social
7716,2025-08-01,Retail,Bengaluru,Social
7717,2025-11-22,Retail,Kolkata,Social
7718,2025-12-09,Premium,Chennai,Paid Search
7719,2025-07-30,Retail,Kolkata,Organic
7720,2025-02-09,Retail,Pune,Paid Search
7721,2025-01-08,Retail,Bengaluru,Paid Search
7722,2025-08-16,Retail,Bengaluru,Social
7723,2026-01-28,Retail,Bengaluru,Organic
7724,2025-01-14,Corporate,Pune,Paid Search
7725,2026-03-07,Retail,Hyderabad,Email
7726,2025-11-24,Retail,Hyderabad,Paid Search
7727,2025-01-04,Premium,Bengaluru,Organic
7728,2025-06-16,Retail,Gurugram,Email
7729,2025-04-17,Retail,Chennai,Organic
7730,2026-04-06,Retail,Gurugram,Referral
7731,2025-09-27,Corporate,Gurugram,Organic
7732,2025-06-07,Retail,Pune,Email
7733,2025-05-15,Retail,Delhi,Organic
7734,2025-10-01,Premium,Gurugram,Paid Search
7735,2025-01-03,Premium,Hyderabad,Email
7736,2025-05-05,Corporate,Hyderabad,Social
7737,2025-03-22,Retail,Hyderabad,Organic
7738,2025-10-28,Corporate,Delhi,Organic
7739,2025-11-21,Retail,Chennai,Organic
7740,2025-08-15,Premium,Delhi,Organic
7741,2025-03-09,Premium,Chennai,Paid Search
7742,2025-06-29,Retail,Kolkata,Paid Search
7743,2026-02-13,Retail,Hyderabad,Email
7744,2025-04-09,Retail,Hyderabad,Referral
7745,2025-03-21,Premium,Chennai,Email
7746,2025-02-24,Retail,Kolkata,Paid Search
7747,2026-02-01,Premium,Delhi,Paid Search
7748,2025-02-28,Retail,Hyderabad,Social
7749,2025-10-10,Retail,Bengaluru,Paid Search
7750,2026-04-30,Retail,Delhi,Organic
7751,2025-11-08,Premium,Delhi,Referral
7752,2025-07-19,Retail,Pune,Social
7753,2025-04-11,Retail,Kolkata,Paid Search
7754,2025-01-01,Retail,Pune,Paid Search
7755,2025-03-17,Corporate,Mumbai,Organic
7756,2026-04-08,Premium,Hyderabad,Social
7757,2025-03-11,Retail,Gurugram,Paid Search
7758,2025-01-10,Retail,Kolkata,Email
7759,2026-01-31,Retail,Delhi,Paid Search
7760,2025-07-23,Retail,Chennai,Paid Search
7761,2025-06-23,Premium,Pune,Referral
7762,2025-12-14,Retail,Bengaluru,Email
7763,2025-09-11,Retail,Bengaluru,Referral
7764,2026-03-20,Premium,Chennai,Paid Search
7765,2025-08-15,Retail,Gurugram,Paid Search
7766,2025-12-12,Retail,Bengaluru,Social
7767,2026-03-03,Retail,Gurugram,Referral
7768,2025-08-13,Retail,Kolkata,Email
7769,2025-05-18,Retail,Delhi,Paid Search
7770,2026-04-18,Retail,Bengaluru,Social
7771,2025-04-20,Retail,Hyderabad,Organic
7772,2025-01-20,Retail,Chennai,Organic
7773,2025-10-08,Retail,Mumbai,Organic
7774,2026-04-24,Retail,Hyderabad,Organic
7775,2025-02-11,Retail,Delhi,Paid Search
7776,2026-02-16,Retail,Delhi,Paid Search
7777,2026-02-07,Retail,Hyderabad,Social
7778,2026-03-27,Retail,Chennai,Social
7779,2025-07-24,Retail,Hyderabad,Organic
7780,2025-05-04,Premium,Hyderabad,Social
7781,2025-09-06,Retail,Hyderabad,Organic
7782,2025-03-11,Premium,Chennai,Organic
7783,2026-02-13,Retail,Chennai,Email
7784,2025-11-18,Retail,Pune,Organic
7785,2025-08-23,Retail,Delhi,Paid Search
7786,2025-09-08,Retail,Delhi,Social
7787,2025-12-12,Premium,Bengaluru,Paid Search
7788,2025-09-11,Premium,Mumbai,Paid Search
7789,2026-02-12,Premium,Pune,Referral
7790,2026-03-25,Retail,Chennai,Social
7791,2026-04-06,Retail,Bengaluru,Paid Search
7792,2025-10-28,Retail,Hyderabad,Email
7793,2025-12-27,Retail,Mumbai,Organic
7794,2025-05-31,Retail,Hyderabad,Paid Search
7795,2025-01-19,Retail,Hyderabad,Organic
7796,2025-07-14,Retail,Delhi,Organic
7797,2026-02-27,Premium,Chennai,Email
7798,2025-03-06,Retail,Bengaluru,Referral
7799,2025-09-22,Retail,Chennai,Organic
7800,2025-04-04,Retail,Chennai,Paid Search
7801,2025-07-28,Corporate,Mumbai,Organic
7802,2025-03-11,Retail,Gurugram,Social
7803,2025-12-23,Retail,Delhi,Paid Search
7804,2026-01-28,Retail,Pune,Email
7805,2026-01-03,Retail,Kolkata,Organic
7806,2025-12-08,Retail,Pune,Paid Search
7807,2025-04-25,Corporate,Pune,Email
7808,2025-09-15,Corporate,Hyderabad,Email
7809,2025-02-20,Corporate,Delhi,Organic
7810,2025-07-01,Retail,Chennai,Paid Search
7811,2025-09-03,Premium,Gurugram,Email
7812,2025-11-21,Retail,Kolkata,Social
7813,2025-02-16,Retail,Delhi,Social
7814,2026-01-30,Retail,Mumbai,Social
7815,2025-08-11,Retail,Kolkata,Email
7816,2026-03-04,Retail,Chennai,Paid Search
7817,2025-09-13,Corporate,Bengaluru,Organic
7818,2025-09-23,Premium,Mumbai,Paid Search
7819,2025-12-02,Retail,Hyderabad,Referral
7820,2026-02-02,Retail,Delhi,Paid Search
7821,2025-03-18,Retail,Delhi,Paid Search
7822,2025-09-05,Retail,Delhi,Social
7823,2025-01-15,Retail,Kolkata,Paid Search
7824,2025-08-19,Retail,Delhi,Email
7825,2026-01-30,Retail,Pune,Paid Search
7826,2026-02-24,Premium,Bengaluru,Referral
7827,2025-05-18,Premium,Kolkata,Social
7828,2025-07-07,Retail,Mumbai,Organic
7829,2025-09-25,Premium,Gurugram,Paid Search
7830,2025-07-12,Retail,Delhi,Organic
7831,2025-03-28,Retail,Kolkata,Referral
7832,2025-05-28,Retail,Mumbai,Referral
7833,2025-07-15,Retail,Delhi,Organic
7834,2025-09-09,Retail,Delhi,Paid Search
7835,2026-03-23,Retail,Kolkata,Email
7836,2025-09-22,Retail,Bengaluru,Organic
7837,2025-07-07,Corporate,Hyderabad,Email
7838,2025-11-17,Retail,Kolkata,Organic
7839,2026-01-10,Retail,Bengaluru,Organic
7840,2025-07-28,Corporate,Pune,Paid Search
7841,2025-08-26,Retail,Bengaluru,Organic
7842,2025-04-16,Retail,Delhi,Email
7843,2026-02-24,Corporate,Gurugram,Social
7844,2026-02-25,Retail,Bengaluru,Social
7845,2025-03-26,Retail,Kolkata,Social
7846,2025-06-17,Retail,Hyderabad,Social
7847,2025-05-12,Retail,Kolkata,Referral
7848,2026-03-24,Premium,Mumbai,Social
7849,2025-02-01,Retail,Pune,Referral
7850,2025-04-11,Retail,Bengaluru,Social
7851,2025-06-02,Premium,Gurugram,Paid Search
7852,2025-09-29,Corporate,Bengaluru,Paid Search
7853,2025-05-01,Retail,Kolkata,Paid Search
7854,2025-09-18,Retail,Hyderabad,Paid Search
7855,2025-12-29,Corporate,Hyderabad,Paid Search
7856,2026-02-06,Retail,Chennai,Paid Search
7857,2025-02-18,Retail,Chennai,Organic
7858,2025-03-09,Retail,Hyderabad,Referral
7859,2025-02-16,Premium,Delhi,Referral
7860,2026-03-18,Retail,Delhi,Paid Search
7861,2025-11-13,Retail,Pune,Email
7862,2025-09-15,Premium,Delhi,Email
7863,2026-01-19,Retail,Pune,Email
7864,2025-10-12,Retail,Gurugram,Organic
7865,2025-04-25,Retail,Kolkata,Paid Search
7866,2025-09-05,Premium,Chennai,Paid Search
7867,2025-12-08,Retail,Bengaluru,Referral
7868,2025-01-18,Retail,Chennai,Social
7869,2025-10-22,Retail,Mumbai,Social
7870,2025-08-30,Retail,Gurugram,Referral
7871,2025-02-03,Premium,Delhi,Email
7872,2025-05-08,Retail,Pune,Social
7873,2025-08-06,Retail,Hyderabad,Email
7874,2025-06-16,Premium,Delhi,Referral
7875,2025-05-21,Retail,Mumbai,Paid Search
7876,2025-11-11,Retail,Chennai,Referral
7877,2025-07-16,Premium,Pune,Organic
7878,2025-08-30,Retail,Mumbai,Organic
7879,2026-01-23,Retail,Mumbai,Email
7880,2025-02-15,Retail,Chennai,Paid Search
7881,2025-06-24,Retail,Chennai,Paid Search
7882,2025-02-05,Retail,Hyderabad,Email
7883,2026-03-26,Retail,Delhi,Paid Search
7884,2025-04-01,Premium,Delhi,Organic
7885,2026-02-02,Premium,Mumbai,Organic
7886,2025-04-03,Premium,Delhi,Paid Search
7887,2025-06-07,Retail,Pune,Organic
7888,2025-10-23,Retail,Hyderabad,Organic
7889,2026-02-08,Premium,Mumbai,Referral
7890,2025-03-28,Retail,Pune,Paid Search
7891,2025-04-14,Premium,Chennai,Social
7892,2026-03-04,Premium,Mumbai,Organic
7893,2025-06-06,Retail,Chennai,Paid Search
7894,2025-04-12,Retail,Delhi,Social
7895,2025-12-27,Retail,Pune,Paid Search
7896,2025-02-14,Retail,Hyderabad,Paid Search
7897,2026-02-25,Retail,Delhi,Paid Search
7898,2026-03-01,Retail,Kolkata,Organic
7899,2026-02-20,Premium,Mumbai,Organic
7900,2025-05-24,Retail,Kolkata,Paid Search
7901,2025-02-25,Retail,Bengaluru,Organic
7902,2025-07-26,Premium,Chennai,Organic
7903,2025-06-12,Premium,Chennai,Organic
7904,2026-04-11,Corporate,Hyderabad,Referral
7905,2025-11-03,Retail,Chennai,Paid Search
7906,2026-04-04,Premium,Hyderabad,Social
7907,2025-12-31,Premium,Pune,Social
7908,2025-12-13,Premium,Mumbai,Paid Search
7909,2025-02-24,Retail,Hyderabad,Organic
7910,2025-02-03,Retail,Mumbai,Paid Search
7911,2025-01-23,Retail,Hyderabad,Paid Search
7912,2025-10-15,Retail,Delhi,Paid Search
7913,2025-04-08,Retail,Hyderabad,Organic
7914,2026-04-25,Corporate,Kolkata,Email
7915,2025-03-06,Retail,Bengaluru,Referral
7916,2026-04-05,Corporate,Hyderabad,Organic
7917,2025-11-20,Retail,Kolkata,Email
7918,2025-02-21,Premium,Delhi,Organic
7919,2025-01-29,Retail,Chennai,Organic
7920,2025-07-12,Retail,Pune,Organic
7921,2025-06-14,Retail,Bengaluru,Email
7922,2025-06-03,Corporate,Bengaluru,Organic
7923,2025-09-14,Retail,Pune,Referral
7924,2025-03-04,Retail,Hyderabad,Social
7925,2025-03-04,Corporate,Hyderabad,Paid Search
7926,2025-12-03,Retail,Chennai,Paid Search
7927,2026-04-26,Retail,Hyderabad,Organic
7928,2025-05-13,Retail,Kolkata,Referral
7929,2026-03-28,Retail,Bengaluru,Paid Search
7930,2025-06-17,Retail,Chennai,Paid Search
7931,2025-06-12,Retail,Pune,Organic
7932,2025-02-13,Retail,Gurugram,Referral
7933,2025-07-25,Retail,Hyderabad,Social
7934,2025-08-30,Premium,Mumbai,Paid Search
7935,2025-11-18,Corporate,Hyderabad,Paid Search
7936,2025-03-18,Retail,Chennai,Paid Search
7937,2025-04-02,Retail,Hyderabad,Paid Search
7938,2025-07-29,Retail,Gurugram,Organic
7939,2025-02-03,Premium,Mumbai,Social
7940,2025-03-11,Retail,Bengaluru,Organic
7941,2025-11-02,Retail,Gurugram,Organic
7942,2026-04-08,Retail,Kolkata,Organic
7943,2025-10-05,Retail,Delhi,Organic
7944,2025-03-12,Premium,Gurugram,Social
7945,2026-04-26,Retail,Hyderabad,Social
7946,2025-09-11,Retail,Chennai,Paid Search
7947,2025-12-14,Retail,Delhi,Paid Search
7948,2025-04-06,Retail,Mumbai,Social
7949,2025-10-08,Retail,Chennai,Social
7950,2025-02-07,Premium,Bengaluru,Referral
7951,2025-10-31,Retail,Delhi,Referral
7952,2025-04-09,Retail,Chennai,Referral
7953,2026-03-18,Retail,Mumbai,Referral
7954,2025-01-27,Retail,Kolkata,Email
7955,2025-11-13,Premium,Mumbai,Social
7956,2025-03-09,Retail,Delhi,Social
7957,2025-11-30,Retail,Hyderabad,Referral
7958,2025-08-28,Retail,Bengaluru,Organic
7959,2026-04-15,Corporate,Chennai,Paid Search
7960,2025-11-13,Premium,Mumbai,Email
7961,2025-06-30,Retail,Gurugram,Paid Search
7962,2025-02-12,Retail,Hyderabad,Organic
7963,2025-10-16,Premium,Chennai,Paid Search
7964,2025-08-02,Premium,Kolkata,Organic
7965,2025-01-26,Retail,Gurugram,Paid Search
7966,2025-10-09,Premium,Pune,Paid Search
7967,2025-04-12,Retail,Mumbai,Paid Search
7968,2025-04-24,Retail,Pune,Paid Search
7969,2025-01-05,Retail,Hyderabad,Organic
7970,2025-06-30,Retail,Pune,Paid Search
7971,2025-04-16,Retail,Mumbai,Organic
7972,2025-02-04,Retail,Pune,Paid Search
7973,2025-07-30,Premium,Gurugram,Social
7974,2025-04-17,Premium,Chennai,Organic
7975,2025-03-07,Retail,Gurugram,Email
7976,2025-08-15,Retail,Delhi,Social
7977,2025-01-31,Retail,Chennai,Organic
7978,2026-04-26,Retail,Delhi,Paid Search
7979,2025-08-17,Retail,Mumbai,Organic
7980,2026-04-29,Premium,Kolkata,Organic
7981,2026-03-04,Retail,Delhi,Email
7982,2026-04-21,Retail,Hyderabad,Social
7983,2025-09-21,Premium,Delhi,Referral
7984,2025-07-25,Retail,Bengaluru,Social
7985,2025-12-16,Retail,Delhi,Email
7986,2025-02-09,Retail,Hyderabad,Email
7987,2026-02-12,Premium,Chennai,Organic
7988,2025-06-06,Retail,Chennai,Organic
7989,2025-01-04,Retail,Gurugram,Paid Search
7990,2025-04-26,Retail,Delhi,Paid Search
7991,2025-04-28,Retail,Hyderabad,Paid Search
7992,2025-01-07,Retail,Pune,Organic
7993,2025-11-21,Retail,Delhi,Referral
7994,2025-02-16,Retail,Delhi,Organic
7995,2026-02-15,Premium,Bengaluru,Referral
7996,2025-08-08,Retail,Kolkata,Paid Search
7997,2025-12-15,Premium,Pune,Organic
7998,2025-06-14,Retail,Pune,Referral
7999,2025-03-06,Premium,Pune,Paid Search
8000,2025-03-29,Retail,Kolkata,Referral
8001,2025-11-10,Retail,Pune,Email
8002,2025-12-14,Premium,Chennai,Organic
8003,2025-05-10,Premium,Bengaluru,Organic
8004,2025-06-23,Retail,Kolkata,Organic
8005,2026-04-04,Retail,Delhi,Organic
8006,2026-02-18,Retail,Bengaluru,Email
8007,2025-07-20,Retail,Bengaluru,Referral
8008,2025-04-27,Retail,Mumbai,Paid Search
8009,2025-05-27,Premium,Pune,Social
8010,2025-09-19,Retail,Gurugram,Email
8011,2025-10-02,Retail,Mumbai,Organic
8012,2025-03-31,Retail,Gurugram,Organic
8013,2025-02-01,Corporate,Kolkata,Referral
8014,2025-08-29,Retail,Gurugram,Referral
8015,2026-01-22,Retail,Delhi,Organic
8016,2025-03-15,Retail,Gurugram,Paid Search
8017,2025-07-18,Retail,Hyderabad,Organic
8018,2025-03-20,Retail,Pune,Social
8019,2025-04-28,Retail,Bengaluru,Social
8020,2025-10-24,Retail,Pune,Organic
8021,2025-05-19,Premium,Pune,Referral
8022,2025-05-08,Retail,Kolkata,Paid Search
8023,2026-04-28,Retail,Bengaluru,Social
8024,2025-03-25,Retail,Delhi,Social
8025,2025-04-02,Retail,Pune,Paid Search
8026,2026-03-27,Retail,Kolkata,Organic
8027,2025-09-24,Retail,Delhi,Organic
8028,2025-01-21,Retail,Kolkata,Referral
8029,2025-07-26,Retail,Kolkata,Social
8030,2025-10-02,Retail,Pune,Organic
8031,2025-05-03,Retail,Gurugram,Email
8032,2025-09-23,Retail,Hyderabad,Referral
8033,2025-11-11,Retail,Mumbai,Organic
8034,2025-05-02,Retail,Chennai,Organic
8035,2026-01-30,Retail,Pune,Paid Search
8036,2025-08-08,Retail,Gurugram,Organic
8037,2026-04-13,Corporate,Mumbai,Email
8038,2025-02-12,Retail,Mumbai,Social
8039,2025-06-07,Retail,Chennai,Organic
8040,2025-12-16,Corporate,Bengaluru,Paid Search
8041,2026-03-11,Corporate,Mumbai,Organic
8042,2025-04-18,Retail,Chennai,Paid Search
8043,2026-04-21,Retail,Mumbai,Organic
8044,2025-04-04,Premium,Kolkata,Referral
8045,2025-07-21,Corporate,Bengaluru,Referral
8046,2025-06-02,Premium,Chennai,Email
8047,2025-07-25,Retail,Pune,Organic
8048,2026-03-14,Retail,Pune,Paid Search
8049,2025-12-22,Corporate,Bengaluru,Referral
8050,2026-01-22,Retail,Delhi,Paid Search
8051,2025-05-04,Retail,Chennai,Paid Search
8052,2026-04-05,Premium,Hyderabad,Email
8053,2025-07-31,Retail,Gurugram,Referral
8054,2025-11-13,Retail,Gurugram,Email
8055,2025-12-05,Retail,Delhi,Paid Search
8056,2025-11-18,Retail,Bengaluru,Social
8057,2025-10-19,Retail,Hyderabad,Paid Search
8058,2025-08-21,Retail,Hyderabad,Paid Search
8059,2025-11-11,Retail,Chennai,Organic
8060,2026-03-16,Retail,Bengaluru,Referral
8061,2025-07-09,Retail,Mumbai,Paid Search
8062,2025-09-05,Corporate,Bengaluru,Social
8063,2025-03-29,Retail,Kolkata,Email
8064,2025-06-22,Corporate,Hyderabad,Referral
8065,2026-01-10,Retail,Bengaluru,Organic
8066,2025-11-07,Retail,Kolkata,Social
8067,2025-04-13,Premium,Delhi,Paid Search
8068,2025-09-22,Premium,Hyderabad,Organic
8069,2026-01-29,Retail,Delhi,Organic
8070,2025-03-02,Retail,Pune,Social
8071,2025-01-31,Retail,Gurugram,Referral
8072,2025-07-10,Retail,Hyderabad,Email
8073,2025-11-15,Retail,Gurugram,Paid Search
8074,2025-06-01,Retail,Kolkata,Paid Search
8075,2026-02-03,Retail,Chennai,Organic
8076,2026-02-15,Premium,Mumbai,Email
8077,2025-09-16,Retail,Delhi,Referral
8078,2025-07-03,Premium,Delhi,Email
8079,2025-01-21,Premium,Bengaluru,Paid Search
8080,2026-02-03,Corporate,Hyderabad,Organic
8081,2026-03-11,Retail,Mumbai,Social
8082,2025-08-03,Retail,Gurugram,Paid Search
8083,2025-09-08,Retail,Chennai,Paid Search
8084,2026-01-01,Retail,Chennai,Organic
8085,2025-12-04,Retail,Chennai,Organic
8086,2025-03-07,Premium,Pune,Paid Search
8087,2025-11-23,Retail,Gurugram,Email
8088,2026-03-25,Retail,Hyderabad,Referral
8089,2025-12-31,Premium,Mumbai,Referral
8090,2025-08-22,Premium,Bengaluru,Organic
8091,2025-09-11,Retail,Mumbai,Referral
8092,2025-05-07,Retail,Gurugram,Paid Search
8093,2025-11-17,Retail,Pune,Organic
8094,2025-04-28,Premium,Hyderabad,Paid Search
8095,2025-06-15,Retail,Delhi,Organic
8096,2025-05-09,Retail,Chennai,Email
8097,2025-06-12,Retail,Chennai,Referral
8098,2025-06-27,Retail,Kolkata,Organic
8099,2025-02-10,Premium,Mumbai,Social
8100,2025-12-14,Retail,Chennai,Paid Search
8101,2025-08-02,Retail,Bengaluru,Organic
8102,2026-04-06,Retail,Mumbai,Social
8103,2025-03-29,Retail,Mumbai,Referral
8104,2025-11-21,Premium,Bengaluru,Referral
8105,2025-03-28,Retail,Chennai,Organic
8106,2025-09-23,Premium,Delhi,Paid Search
8107,2025-08-27,Premium,Gurugram,Organic
8108,2025-08-06,Retail,Gurugram,Organic
8109,2025-11-14,Premium,Gurugram,Organic
8110,2026-02-06,Retail,Kolkata,Organic
8111,2025-06-03,Retail,Bengaluru,Paid Search
8112,2026-02-17,Retail,Hyderabad,Paid Search
8113,2025-03-31,Retail,Mumbai,Social
8114,2025-05-23,Retail,Gurugram,Paid Search
8115,2025-05-31,Retail,Kolkata,Organic
8116,2026-04-08,Premium,Mumbai,Email
8117,2025-02-27,Retail,Gurugram,Email
8118,2025-07-11,Corporate,Delhi,Organic
8119,2025-07-25,Retail,Kolkata,Paid Search
8120,2026-01-24,Retail,Mumbai,Organic
8121,2025-08-24,Retail,Chennai,Email
8122,2026-04-14,Retail,Gurugram,Paid Search
8123,2025-12-26,Retail,Gurugram,Organic
8124,2025-12-08,Corporate,Mumbai,Referral
8125,2026-01-01,Corporate,Mumbai,Referral
8126,2025-03-20,Retail,Delhi,Organic
8127,2025-08-06,Retail,Kolkata,Paid Search
8128,2025-10-12,Retail,Mumbai,Paid Search
8129,2025-04-12,Retail,Hyderabad,Organic
8130,2025-02-27,Retail,Hyderabad,Organic
8131,2025-03-07,Retail,Bengaluru,Referral
8132,2026-01-18,Premium,Hyderabad,Referral
8133,2025-11-15,Retail,Bengaluru,Social
8134,2025-05-17,Retail,Mumbai,Social
8135,2025-12-24,Retail,Hyderabad,Paid Search
8136,2025-12-04,Corporate,Kolkata,Paid Search
8137,2026-02-01,Retail,Delhi,Referral
8138,2026-03-18,Retail,Gurugram,Organic
8139,2026-03-04,Retail,Hyderabad,Organic
8140,2025-03-29,Premium,Bengaluru,Organic
8141,2026-01-09,Premium,Hyderabad,Referral
8142,2025-07-10,Retail,Gurugram,Social
8143,2025-07-15,Retail,Kolkata,Paid Search
8144,2025-11-10,Premium,Kolkata,Paid Search
8145,2025-10-20,Retail,Mumbai,Referral
8146,2025-07-23,Retail,Gurugram,Organic
8147,2026-04-30,Corporate,Chennai,Paid Search
8148,2025-03-26,Retail,Delhi,Referral
8149,2025-02-17,Retail,Hyderabad,Social
8150,2025-01-15,Retail,Kolkata,Paid Search
8151,2026-01-30,Premium,Pune,Organic
8152,2025-07-17,Premium,Pune,Email
8153,2025-08-01,Retail,Bengaluru,Paid Search
8154,2025-11-11,Retail,Delhi,Email
8155,2025-07-31,Premium,Gurugram,Referral
8156,2025-10-06,Premium,Kolkata,Email
8157,2025-01-29,Retail,Bengaluru,Organic
8158,2025-03-17,Retail,Mumbai,Paid Search
8159,2026-03-29,Premium,Pune,Organic
8160,2025-08-07,Retail,Kolkata,Organic
8161,2025-03-23,Retail,Delhi,Organic
8162,2025-06-29,Retail,Chennai,Paid Search
8163,2025-06-12,Premium,Kolkata,Paid Search
8164,2025-05-13,Retail,Hyderabad,Social
8165,2025-05-23,Retail,Delhi,Paid Search
8166,2025-12-20,Retail,Delhi,Organic
8167,2025-02-21,Retail,Mumbai,Paid Search
8168,2025-05-31,Retail,Gurugram,Social
8169,2025-08-15,Retail,Hyderabad,Organic
8170,2025-09-19,Retail,Mumbai,Referral
8171,2026-03-04,Corporate,Gurugram,Paid Search
8172,2026-03-24,Retail,Kolkata,Social
8173,2025-05-25,Premium,Mumbai,Referral
8174,2025-09-19,Retail,Chennai,Paid Search
8175,2025-01-11,Retail,Bengaluru,Social
8176,2025-10-27,Retail,Delhi,Email
8177,2025-03-16,Retail,Delhi,Organic
8178,2025-02-05,Retail,Pune,Paid Search
8179,2025-11-22,Retail,Kolkata,Email
8180,2025-03-28,Corporate,Gurugram,Referral
8181,2025-08-20,Retail,Chennai,Social
8182,2025-02-18,Corporate,Gurugram,Organic
8183,2025-12-28,Retail,Mumbai,Paid Search
8184,2026-01-06,Retail,Mumbai,Email
8185,2025-10-06,Retail,Delhi,Social
8186,2026-02-10,Retail,Mumbai,Organic
8187,2025-07-31,Retail,Kolkata,Organic
8188,2025-04-01,Retail,Mumbai,Referral
8189,2025-03-15,Retail,Hyderabad,Social
8190,2025-04-17,Premium,Kolkata,Email
8191,2025-04-08,Retail,Gurugram,Paid Search
8192,2025-06-06,Corporate,Mumbai,Paid Search
8193,2025-04-14,Retail,Mumbai,Organic
8194,2025-10-14,Retail,Delhi,Paid Search
8195,2025-03-13,Retail,Delhi,Paid Search
8196,2025-10-29,Retail,Hyderabad,Organic
8197,2025-06-12,Premium,Bengaluru,Paid Search
8198,2025-11-30,Premium,Gurugram,Organic
8199,2025-09-06,Retail,Hyderabad,Referral
8200,2026-03-16,Retail,Bengaluru,Organic
8201,2025-08-02,Premium,Hyderabad,Paid Search
8202,2025-05-24,Retail,Chennai,Social
8203,2025-10-13,Retail,Bengaluru,Organic
8204,2025-11-16,Retail,Mumbai,Paid Search
8205,2025-08-02,Retail,Hyderabad,Referral
8206,2025-09-29,Retail,Pune,Social
8207,2025-08-17,Retail,Bengaluru,Paid Search
8208,2025-05-29,Premium,Pune,Referral
8209,2025-06-02,Retail,Bengaluru,Email
8210,2026-03-17,Premium,Gurugram,Referral
8211,2025-11-24,Premium,Gurugram,Paid Search
8212,2025-02-16,Retail,Chennai,Social
8213,2026-04-12,Retail,Kolkata,Paid Search
8214,2025-12-12,Retail,Delhi,Paid Search
8215,2025-01-25,Premium,Chennai,Paid Search
8216,2025-12-20,Retail,Hyderabad,Referral
8217,2025-10-13,Corporate,Kolkata,Paid Search
8218,2026-03-20,Retail,Delhi,Email
8219,2025-08-26,Retail,Mumbai,Email
8220,2025-09-09,Retail,Mumbai,Paid Search
8221,2025-06-02,Retail,Pune,Organic
8222,2025-06-05,Retail,Gurugram,Email
8223,2025-10-27,Retail,Gurugram,Organic
8224,2026-02-06,Retail,Hyderabad,Referral
8225,2026-03-08,Retail,Delhi,Organic
8226,2026-01-09,Retail,Kolkata,Organic
8227,2025-10-23,Retail,Pune,Organic
8228,2025-08-31,Retail,Delhi,Organic
8229,2025-06-14,Retail,Chennai,Email
8230,2026-01-08,Premium,Gurugram,Organic
8231,2025-06-04,Retail,Kolkata,Organic
8232,2025-05-10,Retail,Gurugram,Social
8233,2026-02-25,Retail,Gurugram,Email
8234,2025-10-13,Retail,Chennai,Paid Search
8235,2025-06-21,Premium,Pune,Referral
8236,2026-02-24,Retail,Delhi,Organic
8237,2026-04-12,Retail,Chennai,Referral
8238,2025-06-04,Retail,Gurugram,Referral
8239,2025-09-10,Retail,Kolkata,Email
8240,2025-08-23,Retail,Gurugram,Social
8241,2025-12-07,Retail,Mumbai,Email
8242,2026-04-07,Retail,Mumbai,Paid Search
8243,2025-09-24,Corporate,Kolkata,Referral
8244,2026-01-23,Retail,Gurugram,Referral
8245,2025-10-16,Retail,Pune,Organic
8246,2026-03-07,Corporate,Gurugram,Email
8247,2025-07-16,Corporate,Chennai,Referral
8248,2025-07-06,Retail,Mumbai,Email
8249,2025-07-24,Premium,Pune,Paid Search
8250,2026-04-29,Retail,Hyderabad,Referral
8251,2025-10-24,Premium,Kolkata,Paid Search
8252,2025-03-15,Retail,Bengaluru,Email
8253,2025-01-20,Retail,Mumbai,Organic
8254,2025-09-09,Retail,Hyderabad,Social
8255,2026-01-26,Premium,Hyderabad,Organic
8256,2025-08-21,Retail,Gurugram,Referral
8257,2025-09-29,Retail,Delhi,Paid Search
8258,2026-01-23,Retail,Kolkata,Email
8259,2025-09-08,Retail,Mumbai,Email
8260,2026-03-17,Premium,Mumbai,Paid Search
8261,2025-11-06,Retail,Hyderabad,Referral
8262,2025-12-21,Retail,Pune,Social
8263,2026-01-15,Retail,Gurugram,Paid Search
8264,2025-11-01,Retail,Pune,Paid Search
8265,2025-01-25,Retail,Mumbai,Organic
8266,2025-07-27,Retail,Hyderabad,Organic
8267,2025-03-10,Retail,Gurugram,Paid Search
8268,2025-09-05,Retail,Chennai,Paid Search
8269,2025-03-11,Retail,Mumbai,Paid Search
8270,2025-09-05,Premium,Chennai,Email
8271,2025-06-16,Retail,Chennai,Organic
8272,2025-01-10,Retail,Bengaluru,Email
8273,2025-03-02,Premium,Pune,Referral
8274,2025-09-01,Retail,Bengaluru,Referral
8275,2025-02-08,Retail,Mumbai,Paid Search
8276,2026-02-20,Corporate,Gurugram,Organic
8277,2026-01-03,Retail,Bengaluru,Email
8278,2025-12-10,Corporate,Bengaluru,Referral
8279,2025-03-25,Retail,Delhi,Referral
8280,2026-01-21,Retail,Hyderabad,Organic
8281,2025-11-04,Retail,Chennai,Social
8282,2025-07-09,Retail,Gurugram,Paid Search
8283,2025-01-01,Corporate,Kolkata,Social
8284,2025-09-14,Retail,Kolkata,Referral
8285,2026-01-22,Corporate,Gurugram,Organic
8286,2025-01-17,Retail,Chennai,Organic
8287,2025-01-26,Premium,Kolkata,Organic
8288,2025-07-05,Corporate,Bengaluru,Organic
8289,2025-09-06,Retail,Chennai,Organic
8290,2025-08-19,Corporate,Chennai,Organic
8291,2025-07-26,Premium,Hyderabad,Paid Search
8292,2025-05-04,Retail,Chennai,Social
8293,2025-01-30,Retail,Chennai,Referral
8294,2025-01-16,Retail,Hyderabad,Paid Search
8295,2025-02-17,Retail,Kolkata,Organic
8296,2025-12-01,Retail,Delhi,Referral
8297,2026-01-17,Retail,Bengaluru,Paid Search
8298,2025-07-31,Retail,Bengaluru,Organic
8299,2025-02-07,Retail,Kolkata,Paid Search
8300,2025-07-21,Retail,Pune,Email
8301,2026-04-24,Retail,Gurugram,Paid Search
8302,2025-05-02,Premium,Gurugram,Email
8303,2025-08-27,Corporate,Hyderabad,Organic
8304,2025-09-18,Premium,Chennai,Organic
8305,2025-06-10,Retail,Mumbai,Organic
8306,2025-08-01,Retail,Delhi,Referral
8307,2025-08-17,Corporate,Hyderabad,Paid Search
8308,2025-08-18,Retail,Bengaluru,Social
8309,2025-12-15,Retail,Chennai,Email
8310,2025-10-09,Retail,Pune,Paid Search
8311,2025-01-26,Retail,Mumbai,Organic
8312,2025-01-04,Retail,Hyderabad,Referral
8313,2025-07-19,Retail,Hyderabad,Organic
8314,2026-03-17,Premium,Delhi,Social
8315,2025-01-18,Retail,Pune,Email
8316,2025-02-04,Retail,Gurugram,Paid Search
8317,2025-11-26,Retail,Gurugram,Paid Search
8318,2025-08-07,Retail,Gurugram,Social
8319,2025-04-22,Premium,Gurugram,Organic
8320,2025-04-11,Retail,Gurugram,Paid Search
8321,2025-11-19,Retail,Delhi,Paid Search
8322,2025-09-12,Retail,Hyderabad,Organic
8323,2025-11-06,Premium,Pune,Organic
8324,2025-05-16,Corporate,Kolkata,Social
8325,2025-09-13,Retail,Bengaluru,Paid Search
8326,2026-02-22,Retail,Chennai,Paid Search
8327,2025-06-03,Premium,Kolkata,Email
8328,2025-07-12,Retail,Pune,Organic
8329,2025-03-21,Retail,Mumbai,Organic
8330,2025-11-06,Retail,Delhi,Email
8331,2025-01-16,Retail,Hyderabad,Organic
8332,2025-05-01,Retail,Mumbai,Email
8333,2025-12-12,Retail,Chennai,Social
8334,2025-01-10,Retail,Mumbai,Paid Search
8335,2026-04-25,Retail,Gurugram,Organic
8336,2025-07-16,Retail,Gurugram,Paid Search
8337,2025-07-13,Retail,Kolkata,Referral
8338,2025-09-18,Premium,Chennai,Organic
8339,2025-11-07,Premium,Delhi,Referral
8340,2025-08-11,Retail,Gurugram,Referral
8341,2026-03-05,Retail,Delhi,Social
8342,2026-04-12,Retail,Pune,Organic
8343,2025-04-08,Retail,Kolkata,Referral
8344,2025-12-09,Retail,Delhi,Referral
8345,2025-05-26,Retail,Hyderabad,Organic
8346,2026-04-28,Premium,Hyderabad,Email
8347,2025-05-03,Premium,Mumbai,Organic
8348,2025-05-24,Premium,Delhi,Email
8349,2025-12-13,Retail,Gurugram,Organic
8350,2026-01-18,Premium,Gurugram,Organic
8351,2025-03-04,Premium,Delhi,Social
8352,2025-09-27,Premium,Bengaluru,Organic
8353,2025-06-17,Premium,Hyderabad,Organic
8354,2025-10-24,Premium,Mumbai,Organic
8355,2025-09-28,Premium,Delhi,Referral
8356,2026-04-24,Retail,Pune,Organic
8357,2026-03-29,Retail,Hyderabad,Social
8358,2025-11-14,Retail,Kolkata,Social
8359,2025-11-26,Retail,Bengaluru,Paid Search
8360,2026-03-12,Retail,Pune,Paid Search
8361,2025-03-30,Retail,Bengaluru,Organic
8362,2025-12-18,Retail,Delhi,Email
8363,2026-01-10,Retail,Chennai,Referral
8364,2025-03-03,Corporate,Chennai,Email
8365,2026-03-04,Retail,Chennai,Referral
8366,2025-12-06,Retail,Delhi,Referral
8367,2025-06-18,Retail,Chennai,Email
8368,2025-08-23,Retail,Pune,Paid Search
8369,2025-08-26,Retail,Hyderabad,Email
8370,2026-03-22,Retail,Pune,Organic
8371,2026-04-16,Retail,Delhi,Organic
8372,2026-01-27,Retail,Mumbai,Paid Search
8373,2025-11-13,Retail,Mumbai,Paid Search
8374,2025-02-20,Retail,Hyderabad,Paid Search
8375,2026-03-20,Corporate,Gurugram,Paid Search
8376,2025-03-06,Premium,Delhi,Paid Search
8377,2025-03-22,Retail,Hyderabad,Email
8378,2025-02-03,Premium,Bengaluru,Paid Search
8379,2026-04-05,Premium,Gurugram,Paid Search
8380,2025-08-28,Premium,Pune,Social
8381,2025-04-25,Retail,Mumbai,Social
8382,2025-02-09,Retail,Bengaluru,Referral
8383,2025-07-19,Retail,Pune,Paid Search
8384,2025-12-17,Retail,Delhi,Organic
8385,2026-04-28,Retail,Delhi,Email
8386,2025-09-25,Retail,Chennai,Organic
8387,2025-10-22,Retail,Kolkata,Social
8388,2026-02-10,Premium,Chennai,Paid Search
8389,2026-03-14,Retail,Mumbai,Paid Search
8390,2025-05-16,Corporate,Kolkata,Referral
8391,2026-04-27,Premium,Mumbai,Paid Search
8392,2025-09-09,Premium,Gurugram,Organic
8393,2026-03-28,Premium,Bengaluru,Referral
8394,2025-02-26,Retail,Hyderabad,Organic
8395,2025-02-17,Retail,Gurugram,Organic
8396,2026-03-06,Premium,Hyderabad,Paid Search
8397,2025-11-23,Retail,Chennai,Paid Search
8398,2025-03-26,Retail,Pune,Social
8399,2026-03-11,Retail,Delhi,Paid Search
8400,2025-02-19,Retail,Kolkata,Paid Search
8401,2025-11-27,Retail,Bengaluru,Paid Search
8402,2025-04-10,Retail,Hyderabad,Email
8403,2025-02-04,Retail,Bengaluru,Organic
8404,2026-01-27,Retail,Gurugram,Email
8405,2026-02-15,Retail,Pune,Paid Search
8406,2025-02-21,Retail,Chennai,Paid Search
8407,2025-02-15,Retail,Pune,Referral
8408,2025-10-25,Retail,Bengaluru,Paid Search
8409,2025-01-14,Retail,Pune,Social
8410,2025-12-28,Retail,Kolkata,Email
8411,2026-03-21,Premium,Delhi,Referral
8412,2025-12-31,Retail,Mumbai,Paid Search
8413,2025-04-22,Premium,Mumbai,Referral
8414,2025-04-03,Retail,Gurugram,Paid Search
8415,2025-11-27,Retail,Pune,Referral
8416,2025-01-30,Retail,Bengaluru,Organic
8417,2025-09-18,Premium,Mumbai,Organic
8418,2025-08-06,Retail,Chennai,Paid Search
8419,2025-12-28,Retail,Pune,Organic
8420,2025-04-09,Retail,Chennai,Referral
8421,2026-01-05,Retail,Chennai,Organic
8422,2025-12-06,Premium,Delhi,Organic
8423,2025-04-26,Corporate,Chennai,Social
8424,2025-06-22,Retail,Chennai,Paid Search
8425,2025-02-02,Retail,Bengaluru,Email
8426,2025-08-06,Retail,Bengaluru,Organic
8427,2025-05-07,Corporate,Pune,Organic
8428,2025-02-25,Retail,Hyderabad,Organic
8429,2025-09-29,Retail,Gurugram,Paid Search
8430,2025-10-03,Corporate,Delhi,Organic
8431,2025-02-11,Corporate,Mumbai,Referral
8432,2025-03-31,Retail,Kolkata,Organic
8433,2025-02-10,Retail,Chennai,Email
8434,2025-11-26,Retail,Kolkata,Paid Search
8435,2025-06-13,Premium,Delhi,Social
8436,2025-02-04,Retail,Mumbai,Organic
8437,2025-04-03,Retail,Kolkata,Organic
8438,2026-04-19,Retail,Kolkata,Paid Search
8439,2025-05-05,Retail,Kolkata,Paid Search
8440,2025-11-28,Retail,Gurugram,Social
8441,2025-08-16,Premium,Mumbai,Paid Search
8442,2025-03-30,Retail,Delhi,Organic
8443,2025-05-30,Retail,Bengaluru,Email
8444,2025-01-07,Premium,Gurugram,Organic
8445,2025-12-29,Retail,Pune,Organic
8446,2025-06-12,Retail,Delhi,Paid Search
8447,2025-08-31,Corporate,Chennai,Paid Search
8448,2025-03-16,Retail,Kolkata,Paid Search
8449,2026-02-04,Premium,Delhi,Social
8450,2025-04-16,Retail,Pune,Social
8451,2025-10-02,Retail,Chennai,Social
8452,2026-02-28,Retail,Gurugram,Organic
8453,2025-12-12,Retail,Pune,Organic
8454,2025-10-20,Retail,Bengaluru,Referral
8455,2026-03-07,Retail,Gurugram,Organic
8456,2025-03-27,Retail,Bengaluru,Paid Search
8457,2026-04-13,Retail,Chennai,Paid Search
8458,2025-09-27,Premium,Kolkata,Referral
8459,2025-07-18,Retail,Pune,Organic
8460,2025-05-05,Retail,Chennai,Email
8461,2025-12-28,Retail,Kolkata,Paid Search
8462,2026-04-19,Retail,Pune,Email
8463,2025-12-01,Retail,Hyderabad,Organic
8464,2025-01-16,Retail,Chennai,Referral
8465,2025-08-16,Retail,Hyderabad,Paid Search
8466,2025-12-22,Retail,Chennai,Referral
8467,2025-07-12,Retail,Delhi,Paid Search
8468,2026-01-10,Premium,Delhi,Email
8469,2025-12-10,Retail,Hyderabad,Referral
8470,2025-02-02,Retail,Delhi,Social
8471,2025-09-28,Retail,Chennai,Organic
8472,2025-03-25,Premium,Mumbai,Organic
8473,2025-08-24,Retail,Hyderabad,Email
8474,2025-07-06,Retail,Mumbai,Email
8475,2026-01-27,Retail,Gurugram,Organic
8476,2026-02-26,Retail,Kolkata,Organic
8477,2025-08-12,Retail,Delhi,Organic
8478,2025-09-18,Retail,Hyderabad,Organic
8479,2025-10-31,Premium,Gurugram,Organic
8480,2025-11-14,Corporate,Hyderabad,Referral
8481,2025-11-05,Retail,Kolkata,Organic
8482,2026-01-15,Retail,Delhi,Email
8483,2026-04-22,Retail,Hyderabad,Email
8484,2026-02-06,Retail,Kolkata,Organic
8485,2025-03-07,Retail,Mumbai,Paid Search
8486,2025-08-19,Premium,Delhi,Paid Search
8487,2025-08-12,Retail,Chennai,Organic
8488,2025-09-04,Retail,Delhi,Referral
8489,2025-09-14,Retail,Bengaluru,Social
8490,2025-12-15,Corporate,Kolkata,Organic
8491,2025-07-24,Retail,Gurugram,Email
8492,2025-05-08,Premium,Mumbai,Paid Search
8493,2025-08-10,Premium,Hyderabad,Organic
8494,2026-02-19,Retail,Kolkata,Email
8495,2025-06-01,Retail,Hyderabad,Organic
8496,2025-01-11,Retail,Bengaluru,Organic
8497,2026-04-19,Retail,Pune,Organic
8498,2025-04-05,Retail,Kolkata,Paid Search
8499,2025-10-20,Retail,Delhi,Paid Search
8500,2026-01-24,Premium,Delhi,Social
8501,2025-05-14,Premium,Delhi,Paid Search
8502,2025-06-15,Retail,Bengaluru,Social
8503,2025-05-17,Retail,Bengaluru,Organic
8504,2025-03-14,Retail,Hyderabad,Paid Search
8505,2025-03-16,Retail,Bengaluru,Email
8506,2025-04-01,Retail,Chennai,Referral
8507,2025-08-11,Retail,Bengaluru,Referral
8508,2025-09-15,Premium,Kolkata,Paid Search
8509,2025-01-08,Retail,Bengaluru,Paid Search
8510,2026-02-15,Premium,Mumbai,Referral
8511,2025-11-24,Retail,Kolkata,Email
8512,2025-02-04,Retail,Chennai,Referral
8513,2026-02-13,Premium,Delhi,Paid Search
8514,2025-01-15,Retail,Mumbai,Organic
8515,2025-09-29,Retail,Delhi,Organic
8516,2025-08-14,Premium,Kolkata,Organic
8517,2025-09-01,Retail,Chennai,Paid Search
8518,2026-04-09,Retail,Gurugram,Organic
8519,2026-03-26,Retail,Bengaluru,Paid Search
8520,2025-05-16,Retail,Delhi,Social
8521,2025-10-09,Retail,Hyderabad,Social
8522,2026-04-11,Premium,Delhi,Social
8523,2025-12-20,Retail,Mumbai,Organic
8524,2026-03-07,Retail,Kolkata,Paid Search
8525,2025-07-30,Retail,Hyderabad,Email
8526,2025-05-18,Retail,Gurugram,Paid Search
8527,2025-09-05,Premium,Pune,Email
8528,2026-02-01,Retail,Chennai,Paid Search
8529,2026-03-27,Retail,Kolkata,Social
8530,2025-11-29,Retail,Hyderabad,Paid Search
8531,2025-12-09,Premium,Bengaluru,Social
8532,2025-09-06,Retail,Kolkata,Email
8533,2025-06-05,Retail,Kolkata,Paid Search
8534,2025-07-25,Premium,Bengaluru,Referral
8535,2025-08-30,Retail,Kolkata,Email
8536,2026-01-31,Retail,Gurugram,Referral
8537,2025-09-27,Premium,Mumbai,Organic
8538,2026-01-20,Premium,Kolkata,Organic
8539,2025-01-14,Retail,Delhi,Email
8540,2026-01-03,Premium,Gurugram,Referral
8541,2025-09-03,Retail,Gurugram,Email
8542,2026-04-30,Corporate,Kolkata,Organic
8543,2025-08-17,Retail,Bengaluru,Referral
8544,2025-08-21,Retail,Gurugram,Referral
8545,2025-03-03,Retail,Pune,Email
8546,2026-01-27,Premium,Delhi,Social
8547,2025-12-07,Corporate,Kolkata,Organic
8548,2026-02-23,Retail,Gurugram,Social
8549,2025-02-14,Retail,Bengaluru,Social
8550,2025-04-13,Retail,Mumbai,Paid Search
8551,2026-03-02,Retail,Pune,Organic
8552,2025-01-21,Premium,Bengaluru,Email
8553,2025-09-04,Retail,Chennai,Organic
8554,2025-07-16,Corporate,Bengaluru,Paid Search
8555,2026-04-01,Corporate,Mumbai,Social
8556,2026-02-20,Retail,Mumbai,Email
8557,2026-03-11,Retail,Chennai,Social
8558,2025-05-21,Corporate,Hyderabad,Paid Search
8559,2025-10-12,Premium,Delhi,Organic
8560,2025-12-06,Premium,Pune,Paid Search
8561,2026-04-15,Retail,Kolkata,Organic
8562,2025-01-04,Retail,Mumbai,Referral
8563,2026-04-19,Premium,Mumbai,Paid Search
8564,2025-06-22,Retail,Bengaluru,Organic
8565,2025-03-04,Retail,Gurugram,Email
8566,2025-10-26,Premium,Bengaluru,Organic
8567,2026-01-15,Retail,Kolkata,Organic
8568,2025-03-04,Retail,Chennai,Paid Search
8569,2025-01-20,Retail,Gurugram,Organic
8570,2026-03-11,Premium,Pune,Organic
8571,2026-03-29,Retail,Bengaluru,Email
8572,2025-03-17,Retail,Chennai,Referral
8573,2026-03-15,Corporate,Delhi,Referral
8574,2026-03-18,Retail,Kolkata,Social
8575,2026-04-29,Retail,Mumbai,Organic
8576,2025-04-15,Premium,Chennai,Referral
8577,2025-10-08,Retail,Pune,Paid Search
8578,2026-04-28,Corporate,Mumbai,Organic
8579,2026-03-14,Premium,Hyderabad,Paid Search
8580,2025-10-21,Retail,Pune,Paid Search
8581,2025-04-06,Retail,Kolkata,Organic
8582,2025-02-10,Retail,Hyderabad,Organic
8583,2025-05-06,Retail,Delhi,Paid Search
8584,2025-02-01,Retail,Delhi,Paid Search
8585,2025-04-05,Retail,Chennai,Organic
8586,2025-02-06,Corporate,Gurugram,Social
8587,2026-01-05,Retail,Hyderabad,Organic
8588,2025-10-14,Premium,Delhi,Social
8589,2025-09-09,Retail,Mumbai,Organic
8590,2026-01-28,Retail,Gurugram,Paid Search
8591,2025-07-19,Retail,Chennai,Social
8592,2025-07-15,Retail,Delhi,Social
8593,2025-04-11,Retail,Bengaluru,Organic
8594,2025-08-04,Retail,Chennai,Paid Search
8595,2025-03-26,Premium,Chennai,Referral
8596,2025-10-13,Retail,Bengaluru,Organic
8597,2026-04-29,Retail,Chennai,Paid Search
8598,2025-09-16,Premium,Gurugram,Paid Search
8599,2025-05-26,Retail,Gurugram,Referral
8600,2025-11-30,Retail,Kolkata,Paid Search
8601,2026-02-02,Retail,Bengaluru,Email
8602,2025-08-17,Retail,Delhi,Social
8603,2025-05-02,Retail,Hyderabad,Social
8604,2025-12-13,Retail,Delhi,Organic
8605,2025-04-01,Retail,Pune,Social
8606,2026-04-29,Retail,Pune,Organic
8607,2025-06-04,Retail,Bengaluru,Paid Search
8608,2025-06-19,Corporate,Mumbai,Organic
8609,2025-12-19,Retail,Pune,Social
8610,2025-01-06,Retail,Delhi,Referral
8611,2025-04-09,Premium,Bengaluru,Email
8612,2025-03-02,Retail,Gurugram,Organic
8613,2025-07-09,Retail,Gurugram,Email
8614,2025-09-26,Retail,Chennai,Referral
8615,2025-03-29,Premium,Bengaluru,Email
8616,2025-06-16,Retail,Delhi,Referral
8617,2026-01-10,Retail,Chennai,Organic
8618,2026-04-01,Corporate,Hyderabad,Email
8619,2025-01-07,Retail,Chennai,Social
8620,2025-11-01,Premium,Mumbai,Referral
8621,2025-01-13,Retail,Kolkata,Organic
8622,2025-09-10,Retail,Kolkata,Organic
8623,2026-03-03,Premium,Hyderabad,Organic
8624,2026-01-23,Corporate,Delhi,Paid Search
8625,2025-04-23,Retail,Hyderabad,Paid Search
8626,2025-05-06,Retail,Bengaluru,Email
8627,2026-01-16,Premium,Kolkata,Organic
8628,2026-02-02,Retail,Mumbai,Organic
8629,2025-05-17,Premium,Delhi,Paid Search
8630,2025-01-02,Retail,Gurugram,Organic
8631,2025-08-04,Retail,Mumbai,Paid Search
8632,2025-10-28,Premium,Delhi,Referral
8633,2025-08-04,Corporate,Kolkata,Email
8634,2026-03-30,Retail,Chennai,Organic
8635,2026-01-30,Premium,Bengaluru,Organic
8636,2026-01-18,Retail,Hyderabad,Referral
8637,2025-01-10,Retail,Chennai,Organic
8638,2026-02-19,Retail,Kolkata,Social
8639,2026-01-02,Premium,Bengaluru,Social
8640,2025-07-12,Retail,Mumbai,Email
8641,2025-10-13,Retail,Delhi,Organic
8642,2026-02-04,Premium,Kolkata,Email
8643,2026-03-16,Retail,Kolkata,Email
8644,2025-09-25,Retail,Gurugram,Organic
8645,2025-01-21,Retail,Chennai,Paid Search
8646,2025-10-27,Premium,Mumbai,Paid Search
8647,2025-11-26,Retail,Mumbai,Organic
8648,2025-01-29,Premium,Mumbai,Email
8649,2026-02-01,Retail,Hyderabad,Organic
8650,2025-04-08,Retail,Gurugram,Organic
8651,2026-03-08,Premium,Chennai,Organic
8652,2025-09-25,Retail,Hyderabad,Social
8653,2025-06-06,Retail,Chennai,Email
8654,2025-01-29,Retail,Kolkata,Social
8655,2025-01-09,Retail,Hyderabad,Social
8656,2025-12-26,Retail,Kolkata,Organic
8657,2025-07-02,Corporate,Delhi,Referral
8658,2026-02-12,Retail,Bengaluru,Paid Search
8659,2025-04-22,Retail,Mumbai,Paid Search
8660,2026-03-23,Retail,Mumbai,Social
8661,2026-04-02,Retail,Mumbai,Email
8662,2025-02-19,Retail,Bengaluru,Referral
8663,2025-11-10,Corporate,Chennai,Social
8664,2026-04-01,Retail,Pune,Paid Search
8665,2025-06-06,Premium,Hyderabad,Organic
8666,2025-02-02,Retail,Hyderabad,Paid Search
8667,2026-03-01,Retail,Mumbai,Social
8668,2025-08-18,Corporate,Chennai,Social
8669,2025-01-14,Retail,Kolkata,Social
8670,2026-02-12,Premium,Pune,Paid Search
8671,2025-11-26,Premium,Kolkata,Organic
8672,2025-02-04,Corporate,Kolkata,Organic
8673,2025-05-06,Retail,Kolkata,Social
8674,2025-01-09,Retail,Delhi,Email
8675,2026-04-09,Retail,Delhi,Paid Search
8676,2025-01-13,Corporate,Hyderabad,Social
8677,2026-01-21,Retail,Delhi,Social
8678,2025-09-05,Retail,Delhi,Organic
8679,2025-10-10,Retail,Mumbai,Organic
8680,2026-01-29,Retail,Delhi,Organic
8681,2026-03-11,Retail,Bengaluru,Email
8682,2025-03-03,Retail,Bengaluru,Organic
8683,2025-01-09,Retail,Kolkata,Paid Search
8684,2025-03-02,Premium,Gurugram,Paid Search
8685,2025-11-28,Retail,Mumbai,Social
8686,2025-10-03,Retail,Hyderabad,Organic
8687,2025-02-10,Retail,Pune,Email
8688,2025-04-24,Retail,Bengaluru,Paid Search
8689,2025-09-18,Retail,Bengaluru,Email
8690,2025-12-21,Retail,Chennai,Social
8691,2025-06-16,Retail,Hyderabad,Paid Search
8692,2026-04-06,Retail,Chennai,Referral
8693,2026-04-27,Retail,Delhi,Social
8694,2026-01-07,Retail,Hyderabad,Organic
8695,2025-08-09,Retail,Bengaluru,Social
8696,2026-03-02,Retail,Bengaluru,Social
8697,2025-12-20,Retail,Hyderabad,Social
8698,2025-09-09,Retail,Bengaluru,Referral
8699,2025-08-04,Retail,Kolkata,Social
8700,2026-02-08,Retail,Mumbai,Paid Search
8701,2025-09-28,Premium,Gurugram,Paid Search
8702,2025-03-30,Retail,Bengaluru,Organic
8703,2026-04-30,Retail,Pune,Social
8704,2025-02-03,Retail,Mumbai,Organic
8705,2025-12-04,Retail,Gurugram,Organic
8706,2025-11-15,Premium,Chennai,Referral
8707,2025-10-12,Retail,Kolkata,Organic
8708,2025-01-26,Retail,Gurugram,Organic
8709,2025-08-27,Corporate,Gurugram,Referral
8710,2026-03-09,Retail,Bengaluru,Social
8711,2025-04-27,Retail,Bengaluru,Referral
8712,2025-12-02,Retail,Mumbai,Paid Search
8713,2026-02-21,Corporate,Pune,Social
8714,2026-04-07,Retail,Gurugram,Email
8715,2025-09-08,Retail,Chennai,Organic
8716,2025-06-02,Retail,Pune,Organic
8717,2025-12-06,Retail,Hyderabad,Organic
8718,2025-08-24,Retail,Chennai,Email
8719,2025-11-01,Retail,Hyderabad,Organic
8720,2025-12-26,Retail,Gurugram,Paid Search
8721,2025-12-11,Retail,Pune,Paid Search
8722,2025-04-28,Retail,Chennai,Email
8723,2026-01-02,Retail,Chennai,Paid Search
8724,2025-09-20,Premium,Chennai,Paid Search
8725,2026-03-28,Premium,Hyderabad,Email
8726,2025-11-16,Corporate,Hyderabad,Organic
8727,2026-03-09,Retail,Hyderabad,Social
8728,2026-04-20,Retail,Gurugram,Organic
8729,2026-04-28,Retail,Delhi,Organic
8730,2025-12-28,Premium,Chennai,Organic
8731,2025-10-17,Retail,Gurugram,Paid Search
8732,2025-02-27,Retail,Delhi,Organic
8733,2025-07-07,Retail,Pune,Referral
8734,2025-08-19,Premium,Pune,Paid Search
8735,2026-01-14,Premium,Bengaluru,Paid Search
8736,2025-10-13,Premium,Delhi,Social
8737,2025-08-01,Retail,Chennai,Email
8738,2025-03-13,Retail,Pune,Paid Search
8739,2025-12-14,Corporate,Kolkata,Organic
8740,2025-07-29,Retail,Delhi,Organic
8741,2025-01-18,Retail,Gurugram,Email
8742,2025-05-18,Retail,Chennai,Referral
8743,2026-03-03,Retail,Hyderabad,Paid Search
8744,2025-02-27,Premium,Hyderabad,Organic
8745,2025-07-16,Retail,Gurugram,Paid Search
8746,2025-09-06,Premium,Pune,Social
8747,2025-02-10,Premium,Pune,Paid Search
8748,2025-03-22,Retail,Chennai,Organic
8749,2026-04-02,Retail,Bengaluru,Paid Search
8750,2025-10-14,Retail,Bengaluru,Social
8751,2025-04-13,Retail,Kolkata,Email
8752,2025-03-24,Retail,Bengaluru,Organic
8753,2025-07-26,Premium,Delhi,Email
8754,2025-12-17,Retail,Hyderabad,Paid Search
8755,2025-12-21,Retail,Delhi,Social
8756,2025-04-05,Premium,Pune,Email
8757,2025-12-18,Corporate,Chennai,Social
8758,2026-03-11,Retail,Gurugram,Organic
8759,2025-04-20,Retail,Pune,Organic
8760,2025-01-13,Retail,Bengaluru,Referral
8761,2026-04-11,Retail,Chennai,Social
8762,2025-09-11,Retail,Pune,Paid Search
8763,2026-01-12,Retail,Chennai,Social
8764,2025-06-05,Retail,Gurugram,Organic
8765,2025-05-26,Retail,Delhi,Organic
8766,2025-04-20,Retail,Chennai,Referral
8767,2025-04-16,Retail,Kolkata,Paid Search
8768,2025-08-17,Retail,Bengaluru,Organic
8769,2025-02-21,Retail,Hyderabad,Paid Search
8770,2026-02-13,Retail,Hyderabad,Email
8771,2025-09-05,Corporate,Bengaluru,Organic
8772,2026-03-20,Retail,Gurugram,Organic
8773,2025-09-01,Retail,Bengaluru,Paid Search
8774,2025-05-28,Retail,Hyderabad,Organic
8775,2025-09-07,Premium,Pune,Organic
8776,2025-03-16,Retail,Bengaluru,Organic
8777,2026-02-04,Retail,Chennai,Organic
8778,2025-12-16,Premium,Pune,Social
8779,2025-03-13,Retail,Mumbai,Organic
8780,2025-10-10,Retail,Mumbai,Paid Search
8781,2025-09-18,Retail,Delhi,Social
8782,2025-04-08,Corporate,Pune,Organic
8783,2025-03-01,Premium,Kolkata,Organic
8784,2026-01-04,Retail,Gurugram,Email
8785,2025-05-09,Premium,Chennai,Social
8786,2025-09-09,Premium,Gurugram,Social
8787,2025-05-01,Retail,Gurugram,Paid Search
8788,2025-11-13,Retail,Pune,Email
8789,2025-01-24,Retail,Hyderabad,Organic
8790,2025-06-24,Retail,Gurugram,Organic
8791,2025-09-23,Retail,Chennai,Referral
8792,2025-08-01,Premium,Kolkata,Organic
8793,2025-10-25,Retail,Mumbai,Social
8794,2025-03-29,Retail,Gurugram,Organic
8795,2025-08-03,Retail,Hyderabad,Paid Search
8796,2026-01-02,Retail,Kolkata,Social
8797,2025-06-11,Retail,Hyderabad,Paid Search
8798,2025-03-18,Retail,Gurugram,Social
8799,2026-02-16,Retail,Chennai,Organic
8800,2026-01-13,Retail,Mumbai,Organic
8801,2025-11-26,Retail,Mumbai,Referral
8802,2026-01-23,Premium,Mumbai,Organic
8803,2026-01-13,Retail,Bengaluru,Social
8804,2025-12-29,Retail,Delhi,Paid Search
8805,2025-09-05,Retail,Pune,Paid Search
8806,2025-01-10,Retail,Chennai,Paid Search
8807,2025-10-17,Retail,Chennai,Referral
8808,2025-05-13,Retail,Gurugram,Paid Search
8809,2026-01-11,Retail,Kolkata,Organic
8810,2025-08-16,Corporate,Gurugram,Email
8811,2026-03-16,Retail,Pune,Organic
8812,2025-10-16,Premium,Kolkata,Referral
8813,2025-09-25,Retail,Kolkata,Organic
8814,2026-03-22,Retail,Kolkata,Paid Search
8815,2025-08-19,Retail,Hyderabad,Paid Search
8816,2025-07-02,Corporate,Pune,Organic
8817,2025-06-30,Retail,Gurugram,Referral
8818,2026-03-01,Premium,Hyderabad,Organic
8819,2026-01-02,Retail,Pune,Paid Search
8820,2025-03-21,Premium,Chennai,Referral
8821,2025-08-27,Corporate,Mumbai,Social
8822,2025-06-30,Premium,Delhi,Paid Search
8823,2025-11-10,Retail,Chennai,Paid Search
8824,2025-01-26,Premium,Kolkata,Organic
8825,2025-12-13,Retail,Pune,Email
8826,2025-12-27,Retail,Chennai,Social
8827,2025-04-20,Retail,Delhi,Social
8828,2025-03-15,Retail,Mumbai,Paid Search
8829,2025-11-01,Retail,Chennai,Paid Search
8830,2025-05-05,Retail,Chennai,Organic
8831,2026-04-02,Retail,Mumbai,Organic
8832,2026-01-11,Retail,Pune,Paid Search
8833,2026-04-09,Retail,Delhi,Organic
8834,2025-09-17,Premium,Kolkata,Organic
8835,2026-04-01,Premium,Delhi,Paid Search
8836,2025-01-07,Premium,Kolkata,Paid Search
8837,2025-05-21,Premium,Mumbai,Paid Search
8838,2025-01-02,Retail,Bengaluru,Referral
8839,2025-11-25,Retail,Gurugram,Social
8840,2025-09-05,Retail,Kolkata,Organic
8841,2025-05-20,Retail,Bengaluru,Referral
8842,2025-05-28,Retail,Mumbai,Paid Search
8843,2025-11-09,Premium,Delhi,Paid Search
8844,2025-03-29,Retail,Hyderabad,Email
8845,2025-09-07,Premium,Pune,Organic
8846,2025-10-25,Retail,Hyderabad,Social
8847,2025-04-27,Premium,Gurugram,Organic
8848,2025-04-21,Retail,Kolkata,Organic
8849,2025-06-21,Premium,Bengaluru,Paid Search
8850,2025-10-15,Retail,Gurugram,Organic
8851,2025-05-04,Retail,Hyderabad,Organic
8852,2025-07-03,Retail,Delhi,Paid Search
8853,2025-09-21,Retail,Kolkata,Paid Search
8854,2025-04-01,Retail,Chennai,Paid Search
8855,2025-10-03,Retail,Bengaluru,Organic
8856,2025-03-08,Retail,Gurugram,Paid Search
8857,2025-03-11,Premium,Gurugram,Paid Search
8858,2025-04-25,Retail,Gurugram,Paid Search
8859,2025-05-19,Retail,Gurugram,Referral
8860,2025-01-15,Premium,Bengaluru,Email
8861,2026-04-12,Retail,Pune,Organic
8862,2025-05-30,Premium,Mumbai,Paid Search
8863,2026-01-26,Retail,Chennai,Email
8864,2026-03-14,Retail,Hyderabad,Social
8865,2026-01-24,Retail,Gurugram,Email
8866,2026-02-08,Retail,Gurugram,Referral
8867,2025-02-18,Retail,Bengaluru,Referral
8868,2025-06-30,Premium,Bengaluru,Organic
8869,2025-12-28,Retail,Delhi,Organic
8870,2025-10-07,Premium,Pune,Social
8871,2025-01-03,Retail,Hyderabad,Paid Search
8872,2025-10-03,Retail,Gurugram,Referral
8873,2026-01-26,Premium,Kolkata,Email
8874,2026-02-06,Premium,Hyderabad,Organic
8875,2025-07-06,Retail,Pune,Paid Search
8876,2025-04-25,Retail,Chennai,Email
8877,2025-05-31,Retail,Gurugram,Referral
8878,2025-05-24,Retail,Gurugram,Referral
8879,2025-06-18,Premium,Hyderabad,Social
8880,2025-05-27,Retail,Bengaluru,Email
8881,2025-08-10,Retail,Chennai,Paid Search
8882,2025-01-20,Retail,Bengaluru,Organic
8883,2025-05-14,Retail,Mumbai,Organic
8884,2025-06-02,Retail,Bengaluru,Paid Search
8885,2025-03-16,Retail,Bengaluru,Referral
8886,2026-03-02,Retail,Pune,Paid Search
8887,2025-11-24,Corporate,Chennai,Social
8888,2026-03-19,Premium,Mumbai,Paid Search
8889,2025-09-30,Retail,Delhi,Referral
8890,2025-02-23,Retail,Mumbai,Organic
8891,2026-03-15,Premium,Gurugram,Paid Search
8892,2025-08-11,Premium,Bengaluru,Organic
8893,2025-11-28,Premium,Pune,Paid Search
8894,2025-07-04,Retail,Pune,Paid Search
8895,2025-08-28,Retail,Bengaluru,Social
8896,2025-08-26,Premium,Kolkata,Paid Search
8897,2025-05-19,Retail,Delhi,Email
8898,2025-09-27,Retail,Pune,Email
8899,2025-12-22,Retail,Hyderabad,Organic
8900,2025-01-10,Retail,Kolkata,Organic
8901,2025-03-05,Retail,Mumbai,Organic
8902,2026-02-13,Retail,Gurugram,Organic
8903,2025-10-04,Retail,Kolkata,Organic
8904,2026-04-18,Retail,Chennai,Email
8905,2025-10-21,Retail,Hyderabad,Email
8906,2025-11-13,Corporate,Chennai,Organic
8907,2026-03-13,Retail,Mumbai,Referral
8908,2025-11-17,Retail,Delhi,Referral
8909,2025-06-09,Retail,Chennai,Paid Search
8910,2025-09-14,Retail,Hyderabad,Email
8911,2025-04-25,Retail,Bengaluru,Email
8912,2025-06-12,Retail,Bengaluru,Email
8913,2025-11-26,Premium,Pune,Referral
8914,2025-03-14,Retail,Pune,Paid Search
8915,2025-11-22,Corporate,Chennai,Organic
8916,2025-10-11,Retail,Gurugram,Email
8917,2025-05-30,Retail,Kolkata,Organic
8918,2025-01-22,Retail,Bengaluru,Paid Search
8919,2025-12-08,Retail,Mumbai,Organic
8920,2026-02-04,Corporate,Mumbai,Paid Search
8921,2025-12-21,Premium,Pune,Organic
8922,2025-07-24,Retail,Kolkata,Referral
8923,2025-11-13,Retail,Bengaluru,Paid Search
8924,2025-07-21,Corporate,Gurugram,Paid Search
8925,2025-06-23,Retail,Hyderabad,Paid Search
8926,2025-06-08,Retail,Kolkata,Social
8927,2025-04-13,Retail,Bengaluru,Referral
8928,2026-04-16,Retail,Mumbai,Email
8929,2025-11-20,Premium,Pune,Referral
8930,2025-03-26,Retail,Pune,Paid Search
8931,2026-02-24,Premium,Hyderabad,Referral
8932,2025-03-15,Retail,Hyderabad,Paid Search
8933,2025-10-15,Retail,Chennai,Social
8934,2025-03-22,Retail,Chennai,Social
8935,2025-06-25,Premium,Mumbai,Paid Search
8936,2025-11-16,Retail,Chennai,Paid Search
8937,2026-04-30,Premium,Bengaluru,Social
8938,2026-04-27,Retail,Kolkata,Paid Search
8939,2026-03-11,Retail,Hyderabad,Referral
8940,2025-04-25,Premium,Mumbai,Paid Search
8941,2025-02-15,Premium,Mumbai,Social
8942,2026-03-16,Retail,Gurugram,Referral
8943,2026-03-24,Premium,Chennai,Organic
8944,2025-05-16,Retail,Mumbai,Organic
8945,2025-01-10,Retail,Pune,Social
8946,2025-11-11,Premium,Delhi,Organic
8947,2025-02-06,Premium,Kolkata,Organic
8948,2025-01-20,Retail,Kolkata,Referral
8949,2026-03-31,Corporate,Kolkata,Organic
8950,2025-08-29,Retail,Hyderabad,Social
8951,2025-02-24,Premium,Mumbai,Organic
8952,2025-11-14,Premium,Hyderabad,Organic
8953,2025-06-29,Premium,Pune,Paid Search
8954,2025-09-18,Premium,Bengaluru,Email
8955,2026-03-12,Corporate,Hyderabad,Paid Search
8956,2025-04-26,Retail,Delhi,Paid Search
8957,2025-11-10,Retail,Pune,Paid Search
8958,2026-02-06,Retail,Mumbai,Social
8959,2025-07-25,Premium,Kolkata,Social
8960,2026-04-16,Retail,Kolkata,Organic
8961,2025-08-06,Corporate,Pune,Organic
8962,2025-08-11,Retail,Mumbai,Paid Search
8963,2026-03-05,Premium,Chennai,Social
8964,2025-11-05,Retail,Gurugram,Referral
8965,2026-02-26,Premium,Chennai,Social
8966,2026-01-19,Corporate,Kolkata,Social
8967,2025-12-12,Retail,Gurugram,Paid Search
8968,2025-04-28,Retail,Kolkata,Social
8969,2025-07-13,Retail,Mumbai,Social
8970,2026-02-24,Premium,Kolkata,Organic
8971,2025-10-26,Premium,Kolkata,Email
8972,2025-05-16,Retail,Chennai,Paid Search
8973,2025-06-08,Retail,Mumbai,Social
8974,2026-01-12,Retail,Hyderabad,Social
8975,2025-03-28,Retail,Gurugram,Email
8976,2025-02-24,Premium,Gurugram,Organic
8977,2026-01-07,Retail,Delhi,Email
8978,2025-05-20,Corporate,Hyderabad,Organic
8979,2026-01-07,Corporate,Pune,Organic
8980,2025-09-16,Premium,Delhi,Email
8981,2026-04-29,Retail,Mumbai,Organic
8982,2025-09-12,Retail,Pune,Social
8983,2026-02-25,Premium,Chennai,Paid Search
8984,2026-02-17,Premium,Delhi,Email
8985,2025-04-13,Corporate,Hyderabad,Referral
8986,2026-04-29,Retail,Chennai,Paid Search
8987,2025-12-28,Retail,Gurugram,Referral
8988,2025-02-21,Corporate,Gurugram,Organic
8989,2025-01-03,Premium,Bengaluru,Social
8990,2025-05-12,Retail,Chennai,Referral
8991,2025-01-08,Premium,Pune,Social
8992,2025-06-23,Retail,Mumbai,Social
8993,2026-04-29,Retail,Pune,Referral
8994,2025-08-21,Retail,Mumbai,Social
8995,2025-01-12,Retail,Delhi,Email
8996,2025-08-28,Retail,Bengaluru,Organic
8997,2025-04-17,Retail,Bengaluru,Paid Search
8998,2026-02-20,Retail,Mumbai,Referral
8999,2025-02-13,Retail,Delhi,Paid Search
9000,2026-01-09,Retail,Pune,Paid Search
9001,2025-08-05,Retail,Delhi,Referral
9002,2025-01-10,Premium,Kolkata,Paid Search
9003,2025-11-23,Retail,Delhi,Organic
9004,2025-08-09,Retail,Chennai,Organic
9005,2026-01-10,Retail,Mumbai,Paid Search
9006,2025-10-27,Premium,Pune,Paid Search
9007,2026-01-17,Premium,Mumbai,Organic
9008,2025-08-12,Corporate,Hyderabad,Referral
9009,2025-01-04,Corporate,Chennai,Organic
9010,2025-03-05,Retail,Mumbai,Referral
9011,2025-08-11,Premium,Mumbai,Email
9012,2025-07-12,Retail,Chennai,Paid Search
9013,2026-01-21,Premium,Chennai,Email
9014,2025-07-19,Corporate,Hyderabad,Organic
9015,2026-02-22,Premium,Delhi,Social
9016,2025-04-02,Retail,Bengaluru,Email
9017,2025-07-06,Retail,Mumbai,Referral
9018,2026-01-02,Retail,Chennai,Organic
9019,2025-03-02,Retail,Bengaluru,Organic
9020,2025-06-05,Premium,Hyderabad,Organic
9021,2025-12-31,Premium,Bengaluru,Email
9022,2025-10-13,Retail,Mumbai,Organic
9023,2026-01-13,Premium,Kolkata,Paid Search
9024,2025-09-08,Retail,Hyderabad,Paid Search
9025,2026-02-21,Retail,Pune,Paid Search
9026,2026-03-02,Retail,Bengaluru,Paid Search
9027,2026-04-18,Retail,Delhi,Paid Search
9028,2025-03-01,Premium,Chennai,Social
9029,2025-10-14,Premium,Chennai,Paid Search
9030,2025-02-25,Premium,Delhi,Paid Search
9031,2025-04-22,Retail,Gurugram,Paid Search
9032,2025-05-26,Retail,Kolkata,Paid Search
9033,2025-11-10,Retail,Kolkata,Referral
9034,2025-07-29,Retail,Hyderabad,Paid Search
9035,2026-02-24,Retail,Chennai,Paid Search
9036,2025-05-25,Retail,Delhi,Organic
9037,2025-10-27,Premium,Pune,Organic
9038,2026-01-06,Retail,Mumbai,Referral
9039,2026-04-21,Premium,Gurugram,Email
9040,2025-04-29,Retail,Gurugram,Organic
9041,2025-12-22,Retail,Mumbai,Paid Search
9042,2025-02-11,Premium,Pune,Paid Search
9043,2025-09-21,Premium,Pune,Social
9044,2025-07-20,Premium,Kolkata,Organic
9045,2026-04-10,Premium,Hyderabad,Email
9046,2026-01-11,Retail,Gurugram,Organic
9047,2026-03-26,Corporate,Bengaluru,Email
9048,2026-02-17,Corporate,Bengaluru,Organic
9049,2025-07-19,Retail,Chennai,Paid Search
9050,2025-12-22,Retail,Pune,Organic
9051,2025-01-15,Retail,Delhi,Organic
9052,2025-09-28,Premium,Chennai,Email
9053,2025-01-23,Corporate,Bengaluru,Paid Search
9054,2025-12-18,Premium,Kolkata,Organic
9055,2026-04-14,Retail,Kolkata,Email
9056,2025-11-27,Retail,Hyderabad,Organic
9057,2026-02-12,Retail,Kolkata,Organic
9058,2025-04-24,Retail,Gurugram,Organic
9059,2026-04-28,Retail,Chennai,Paid Search
9060,2025-09-25,Retail,Pune,Email
9061,2025-11-24,Retail,Gurugram,Organic
9062,2026-01-09,Retail,Kolkata,Referral
9063,2025-11-07,Premium,Hyderabad,Organic
9064,2025-06-03,Retail,Delhi,Organic
9065,2025-10-24,Retail,Pune,Social
9066,2025-11-14,Retail,Hyderabad,Referral
9067,2026-02-20,Corporate,Bengaluru,Social
9068,2025-08-22,Premium,Mumbai,Organic
9069,2025-09-01,Retail,Chennai,Organic
9070,2025-09-02,Premium,Gurugram,Referral
9071,2025-02-25,Premium,Pune,Social
9072,2025-02-13,Retail,Mumbai,Paid Search
9073,2025-01-10,Retail,Delhi,Organic
9074,2025-11-20,Retail,Chennai,Referral
9075,2025-07-23,Retail,Mumbai,Organic
9076,2026-02-24,Retail,Delhi,Social
9077,2025-12-07,Retail,Mumbai,Social
9078,2025-03-10,Retail,Mumbai,Organic
9079,2025-02-18,Retail,Bengaluru,Paid Search
9080,2025-06-27,Retail,Bengaluru,Paid Search
9081,2026-03-23,Retail,Mumbai,Social
9082,2025-01-24,Retail,Kolkata,Email
9083,2025-04-01,Retail,Kolkata,Paid Search
9084,2025-01-15,Retail,Bengaluru,Organic
9085,2025-07-20,Premium,Bengaluru,Paid Search
9086,2026-04-25,Retail,Kolkata,Social
9087,2025-11-28,Retail,Gurugram,Paid Search
9088,2025-08-28,Retail,Kolkata,Referral
9089,2025-03-12,Retail,Pune,Organic
9090,2025-06-22,Retail,Gurugram,Organic
9091,2025-09-12,Retail,Chennai,Organic
9092,2025-05-14,Retail,Chennai,Email
9093,2025-12-08,Corporate,Delhi,Social
9094,2026-04-21,Retail,Chennai,Paid Search
9095,2025-04-10,Retail,Bengaluru,Paid Search
9096,2025-05-03,Retail,Pune,Email
9097,2025-03-03,Premium,Pune,Email
9098,2025-12-18,Retail,Delhi,Paid Search
9099,2025-08-12,Corporate,Hyderabad,Referral
9100,2025-05-18,Retail,Pune,Email
9101,2025-04-17,Retail,Delhi,Paid Search
9102,2025-02-04,Retail,Kolkata,Paid Search
9103,2025-08-19,Premium,Gurugram,Paid Search
9104,2025-11-28,Corporate,Delhi,Paid Search
9105,2025-04-24,Premium,Delhi,Referral
9106,2025-01-01,Retail,Mumbai,Paid Search
9107,2025-08-18,Premium,Hyderabad,Organic
9108,2025-11-24,Retail,Pune,Paid Search
9109,2025-06-17,Retail,Mumbai,Social
9110,2025-05-02,Retail,Kolkata,Organic
9111,2025-03-16,Corporate,Bengaluru,Paid Search
9112,2025-12-28,Retail,Bengaluru,Organic
9113,2026-02-22,Retail,Pune,Referral
9114,2026-01-09,Retail,Kolkata,Organic
9115,2025-09-09,Retail,Mumbai,Organic
9116,2025-12-18,Retail,Bengaluru,Referral
9117,2025-07-12,Premium,Bengaluru,Organic
9118,2025-01-12,Retail,Hyderabad,Social
9119,2025-06-28,Retail,Hyderabad,Paid Search
9120,2025-12-08,Retail,Gurugram,Referral
9121,2025-11-10,Retail,Mumbai,Organic
9122,2026-04-26,Retail,Hyderabad,Organic
9123,2026-04-29,Retail,Bengaluru,Organic
9124,2025-04-28,Retail,Pune,Email
9125,2025-01-05,Retail,Kolkata,Referral
9126,2025-05-14,Corporate,Gurugram,Organic
9127,2026-03-01,Retail,Hyderabad,Organic
9128,2026-01-30,Retail,Bengaluru,Organic
9129,2025-02-17,Premium,Gurugram,Organic
9130,2025-03-19,Retail,Delhi,Organic
9131,2025-10-01,Premium,Mumbai,Email
9132,2025-11-17,Corporate,Gurugram,Organic
9133,2026-04-22,Premium,Gurugram,Email
9134,2026-01-02,Retail,Pune,Organic
9135,2025-04-13,Premium,Bengaluru,Referral
9136,2025-01-19,Retail,Gurugram,Paid Search
9137,2025-11-04,Retail,Gurugram,Organic
9138,2025-09-26,Corporate,Kolkata,Referral
9139,2026-03-24,Retail,Kolkata,Organic
9140,2025-10-07,Premium,Pune,Email
9141,2025-09-01,Retail,Bengaluru,Referral
9142,2025-05-28,Retail,Hyderabad,Email
9143,2025-02-11,Retail,Pune,Referral
9144,2026-03-02,Premium,Hyderabad,Organic
9145,2026-02-05,Retail,Kolkata,Paid Search
9146,2025-03-20,Premium,Mumbai,Social
9147,2025-12-08,Retail,Delhi,Paid Search
9148,2025-06-26,Premium,Hyderabad,Paid Search
9149,2025-07-31,Retail,Mumbai,Organic
9150,2026-02-16,Premium,Kolkata,Social
9151,2026-02-13,Retail,Kolkata,Paid Search
9152,2025-04-03,Retail,Gurugram,Organic
9153,2025-05-30,Premium,Hyderabad,Email
9154,2026-02-03,Retail,Gurugram,Referral
9155,2026-03-21,Retail,Delhi,Paid Search
9156,2025-02-08,Premium,Gurugram,Organic
9157,2026-02-09,Premium,Mumbai,Referral
9158,2025-08-26,Premium,Delhi,Organic
9159,2025-10-14,Premium,Kolkata,Social
9160,2025-02-06,Corporate,Pune,Referral
9161,2025-11-26,Retail,Hyderabad,Organic
9162,2025-11-25,Retail,Mumbai,Organic
9163,2025-11-18,Premium,Hyderabad,Organic
9164,2026-01-19,Premium,Pune,Paid Search
9165,2026-04-04,Retail,Mumbai,Social
9166,2026-02-17,Retail,Gurugram,Organic
9167,2025-12-28,Retail,Chennai,Email
9168,2026-04-21,Premium,Gurugram,Referral
9169,2025-11-24,Retail,Delhi,Organic
9170,2025-11-22,Premium,Kolkata,Paid Search
9171,2025-09-20,Premium,Kolkata,Paid Search
9172,2026-01-08,Retail,Bengaluru,Paid Search
9173,2025-02-04,Retail,Pune,Social
9174,2025-09-03,Retail,Pune,Organic
9175,2025-07-26,Retail,Kolkata,Organic
9176,2026-03-19,Retail,Bengaluru,Organic
9177,2025-02-05,Retail,Gurugram,Organic
9178,2025-11-09,Premium,Pune,Social
9179,2025-03-31,Retail,Delhi,Email
9180,2026-03-05,Retail,Bengaluru,Social
9181,2026-02-18,Retail,Mumbai,Email
9182,2025-04-25,Premium,Kolkata,Social
9183,2026-02-27,Retail,Hyderabad,Organic
9184,2025-08-29,Retail,Hyderabad,Email
9185,2026-04-16,Corporate,Bengaluru,Organic
9186,2025-12-20,Retail,Chennai,Organic
9187,2025-01-17,Retail,Gurugram,Email
9188,2025-04-09,Retail,Kolkata,Social
9189,2025-07-15,Premium,Gurugram,Email
9190,2025-04-13,Premium,Bengaluru,Organic
9191,2025-03-06,Retail,Chennai,Referral
9192,2026-04-20,Premium,Pune,Organic
9193,2026-02-26,Premium,Bengaluru,Paid Search
9194,2025-07-30,Premium,Kolkata,Email
9195,2025-04-15,Premium,Gurugram,Paid Search
9196,2025-03-30,Premium,Gurugram,Social
9197,2026-03-21,Retail,Gurugram,Email
9198,2025-06-10,Retail,Mumbai,Email
9199,2025-01-07,Corporate,Mumbai,Organic
9200,2025-07-12,Retail,Chennai,Organic
9201,2025-08-09,Retail,Chennai,Email
9202,2025-10-30,Premium,Hyderabad,Social
9203,2025-06-14,Premium,Mumbai,Paid Search
9204,2026-03-24,Premium,Bengaluru,Organic
9205,2025-11-09,Premium,Mumbai,Organic
9206,2026-04-24,Retail,Mumbai,Email
9207,2025-06-28,Premium,Mumbai,Paid Search
9208,2025-11-13,Corporate,Pune,Referral
9209,2025-06-27,Retail,Pune,Organic
9210,2025-12-06,Retail,Bengaluru,Organic
9211,2025-12-28,Premium,Pune,Social
9212,2025-06-06,Retail,Chennai,Email
9213,2026-03-31,Retail,Delhi,Organic
9214,2026-02-20,Retail,Bengaluru,Paid Search
9215,2026-03-10,Retail,Mumbai,Social
9216,2025-04-16,Retail,Delhi,Organic
9217,2025-12-15,Premium,Delhi,Paid Search
9218,2025-02-21,Retail,Kolkata,Social
9219,2025-02-21,Premium,Gurugram,Organic
9220,2026-04-18,Retail,Mumbai,Social
9221,2025-03-16,Retail,Kolkata,Organic
9222,2026-02-24,Retail,Bengaluru,Referral
9223,2025-07-28,Premium,Mumbai,Referral
9224,2025-05-28,Corporate,Mumbai,Referral
9225,2025-02-05,Retail,Gurugram,Social
9226,2025-11-24,Corporate,Bengaluru,Social
9227,2025-12-16,Retail,Chennai,Paid Search
9228,2025-08-15,Retail,Hyderabad,Paid Search
9229,2026-01-28,Premium,Hyderabad,Organic
9230,2025-06-06,Retail,Kolkata,Social
9231,2025-09-25,Corporate,Gurugram,Organic
9232,2025-05-20,Retail,Chennai,Paid Search
9233,2025-10-10,Premium,Kolkata,Paid Search
9234,2025-03-07,Retail,Mumbai,Social
9235,2025-08-19,Retail,Gurugram,Paid Search
9236,2025-09-24,Retail,Mumbai,Paid Search
9237,2025-09-27,Corporate,Mumbai,Social
9238,2025-08-05,Retail,Kolkata,Email
9239,2025-11-09,Retail,Hyderabad,Social
9240,2025-09-06,Retail,Mumbai,Organic
9241,2025-05-18,Retail,Delhi,Referral
9242,2025-04-15,Retail,Mumbai,Organic
9243,2025-11-11,Premium,Kolkata,Organic
9244,2026-04-01,Retail,Delhi,Organic
9245,2026-01-01,Retail,Gurugram,Paid Search
9246,2025-11-06,Retail,Kolkata,Social
9247,2026-03-23,Retail,Mumbai,Paid Search
9248,2026-03-13,Retail,Chennai,Referral
9249,2025-09-03,Retail,Pune,Social
9250,2025-02-22,Retail,Bengaluru,Organic
9251,2025-11-04,Premium,Pune,Paid Search
9252,2025-10-30,Retail,Delhi,Referral
9253,2025-05-15,Premium,Gurugram,Paid Search
9254,2026-02-16,Retail,Kolkata,Paid Search
9255,2026-02-26,Premium,Mumbai,Paid Search
9256,2025-06-10,Corporate,Delhi,Paid Search
9257,2025-08-20,Retail,Hyderabad,Paid Search
9258,2025-04-05,Retail,Hyderabad,Email
9259,2025-03-28,Retail,Kolkata,Organic
9260,2025-05-09,Premium,Kolkata,Organic
9261,2025-06-27,Retail,Delhi,Referral
9262,2025-05-13,Retail,Mumbai,Referral
9263,2025-03-15,Retail,Pune,Social
9264,2025-08-05,Retail,Hyderabad,Paid Search
9265,2025-10-30,Retail,Gurugram,Email
9266,2025-06-08,Retail,Chennai,Paid Search
9267,2025-09-16,Premium,Bengaluru,Paid Search
9268,2025-05-12,Premium,Chennai,Social
9269,2025-12-08,Retail,Hyderabad,Paid Search
9270,2025-11-11,Retail,Hyderabad,Social
9271,2026-04-11,Premium,Chennai,Email
9272,2025-01-26,Premium,Hyderabad,Organic
9273,2026-02-18,Premium,Chennai,Organic
9274,2025-06-15,Corporate,Hyderabad,Paid Search
9275,2025-02-02,Retail,Pune,Paid Search
9276,2025-12-01,Premium,Hyderabad,Referral
9277,2025-03-25,Retail,Pune,Email
9278,2025-03-27,Retail,Bengaluru,Social
9279,2026-04-21,Retail,Delhi,Email
9280,2025-04-18,Retail,Bengaluru,Organic
9281,2025-09-23,Retail,Bengaluru,Organic
9282,2025-04-08,Retail,Bengaluru,Paid Search
9283,2025-03-02,Premium,Hyderabad,Referral
9284,2025-01-01,Retail,Hyderabad,Organic
9285,2025-01-08,Retail,Bengaluru,Organic
9286,2025-08-18,Retail,Hyderabad,Paid Search
9287,2025-07-30,Retail,Bengaluru,Paid Search
9288,2025-01-19,Retail,Pune,Social
9289,2025-06-19,Retail,Hyderabad,Email
9290,2025-05-13,Retail,Chennai,Organic
9291,2025-10-05,Premium,Hyderabad,Paid Search
9292,2026-04-28,Retail,Gurugram,Organic
9293,2025-12-02,Retail,Hyderabad,Organic
9294,2026-03-22,Premium,Pune,Paid Search
9295,2025-04-04,Retail,Hyderabad,Social
9296,2025-04-15,Premium,Chennai,Social
9297,2025-12-31,Retail,Pune,Social
9298,2025-05-31,Retail,Delhi,Referral
9299,2026-02-16,Retail,Chennai,Organic
9300,2025-08-13,Retail,Kolkata,Referral
9301,2025-04-08,Corporate,Hyderabad,Social
9302,2026-02-14,Retail,Pune,Organic
9303,2025-09-24,Retail,Delhi,Paid Search
9304,2026-01-25,Retail,Kolkata,Organic
9305,2025-08-08,Corporate,Kolkata,Organic
9306,2025-03-03,Retail,Gurugram,Organic
9307,2025-11-27,Retail,Pune,Organic
9308,2025-03-02,Corporate,Mumbai,Email
9309,2025-11-18,Retail,Bengaluru,Email
9310,2025-07-22,Retail,Gurugram,Social
9311,2026-01-19,Retail,Delhi,Referral
9312,2026-02-26,Retail,Chennai,Email
9313,2025-07-17,Premium,Delhi,Paid Search
9314,2026-03-04,Retail,Chennai,Paid Search
9315,2025-02-23,Corporate,Pune,Social
9316,2025-02-22,Retail,Hyderabad,Email
9317,2026-04-27,Retail,Chennai,Referral
9318,2025-10-06,Premium,Bengaluru,Organic
9319,2025-08-07,Retail,Pune,Referral
9320,2025-03-17,Retail,Kolkata,Organic
9321,2025-05-21,Retail,Hyderabad,Organic
9322,2025-11-29,Retail,Delhi,Paid Search
9323,2026-02-03,Premium,Gurugram,Social
9324,2026-03-21,Retail,Pune,Organic
9325,2025-07-17,Retail,Hyderabad,Paid Search
9326,2025-08-09,Retail,Delhi,Referral
9327,2025-03-21,Retail,Delhi,Organic
9328,2025-02-10,Retail,Bengaluru,Referral
9329,2025-08-01,Corporate,Gurugram,Paid Search
9330,2025-10-08,Retail,Chennai,Social
9331,2025-02-20,Retail,Hyderabad,Organic
9332,2025-07-18,Retail,Kolkata,Email
9333,2025-11-08,Retail,Hyderabad,Email
9334,2026-01-29,Retail,Gurugram,Organic
9335,2026-04-01,Retail,Bengaluru,Social
9336,2025-06-15,Retail,Chennai,Referral
9337,2025-07-09,Retail,Hyderabad,Organic
9338,2026-03-01,Premium,Chennai,Social
9339,2025-12-03,Retail,Mumbai,Email
9340,2025-05-13,Retail,Gurugram,Paid Search
9341,2025-11-29,Retail,Bengaluru,Email
9342,2025-03-18,Retail,Pune,Organic
9343,2025-08-06,Retail,Chennai,Email
9344,2025-05-29,Retail,Chennai,Email
9345,2026-04-27,Retail,Pune,Organic
9346,2025-01-17,Retail,Kolkata,Paid Search
9347,2026-02-20,Retail,Gurugram,Social
9348,2025-05-17,Premium,Kolkata,Email
9349,2025-01-18,Corporate,Mumbai,Organic
9350,2025-11-17,Premium,Kolkata,Paid Search
9351,2025-11-25,Retail,Pune,Referral
9352,2025-03-11,Premium,Pune,Paid Search
9353,2025-01-19,Retail,Gurugram,Social
9354,2025-02-24,Retail,Pune,Social
9355,2025-07-18,Corporate,Kolkata,Email
9356,2025-03-06,Premium,Chennai,Organic
9357,2025-12-07,Retail,Delhi,Email
9358,2025-02-07,Corporate,Chennai,Social
9359,2026-01-18,Retail,Hyderabad,Email
9360,2026-03-01,Retail,Pune,Organic
9361,2025-12-14,Retail,Bengaluru,Social
9362,2026-04-03,Retail,Mumbai,Referral
9363,2026-04-01,Corporate,Chennai,Referral
9364,2025-01-23,Retail,Mumbai,Organic
9365,2025-06-15,Retail,Delhi,Paid Search
9366,2026-01-04,Premium,Hyderabad,Organic
9367,2025-06-14,Premium,Chennai,Organic
9368,2025-12-24,Premium,Mumbai,Social
9369,2026-01-11,Corporate,Bengaluru,Email
9370,2026-04-29,Premium,Hyderabad,Social
9371,2025-06-09,Retail,Gurugram,Organic
9372,2025-06-18,Retail,Mumbai,Organic
9373,2025-01-12,Corporate,Gurugram,Paid Search
9374,2025-05-19,Retail,Mumbai,Organic
9375,2025-05-17,Retail,Pune,Referral
9376,2025-08-08,Retail,Kolkata,Organic
9377,2025-07-24,Retail,Gurugram,Organic
9378,2026-02-20,Retail,Pune,Referral
9379,2026-01-11,Premium,Hyderabad,Organic
9380,2025-12-20,Retail,Kolkata,Paid Search
9381,2025-01-03,Retail,Gurugram,Paid Search
9382,2025-08-17,Retail,Delhi,Organic
9383,2025-12-20,Premium,Bengaluru,Social
9384,2025-04-29,Retail,Bengaluru,Paid Search
9385,2025-07-26,Retail,Kolkata,Social
9386,2025-12-19,Retail,Delhi,Organic
9387,2026-01-21,Retail,Mumbai,Paid Search
9388,2026-02-19,Retail,Delhi,Social
9389,2025-07-28,Retail,Gurugram,Organic
9390,2025-07-13,Retail,Delhi,Organic
9391,2025-07-05,Retail,Bengaluru,Organic
9392,2025-11-21,Retail,Pune,Organic
9393,2025-07-23,Retail,Bengaluru,Organic
9394,2025-07-14,Premium,Delhi,Email
9395,2025-03-23,Premium,Hyderabad,Paid Search
9396,2025-08-21,Retail,Kolkata,Paid Search
9397,2025-04-26,Retail,Bengaluru,Organic
9398,2025-09-12,Retail,Pune,Organic
9399,2026-03-08,Retail,Hyderabad,Referral
9400,2026-01-12,Premium,Mumbai,Referral
9401,2025-08-20,Retail,Delhi,Email
9402,2026-04-20,Retail,Kolkata,Organic
9403,2026-04-21,Premium,Gurugram,Organic
9404,2025-08-04,Premium,Pune,Referral
9405,2026-01-06,Corporate,Kolkata,Paid Search
9406,2025-06-16,Premium,Bengaluru,Organic
9407,2026-03-03,Retail,Gurugram,Paid Search
9408,2025-07-01,Retail,Pune,Organic
9409,2025-05-06,Retail,Kolkata,Referral
9410,2025-03-06,Retail,Chennai,Email
9411,2026-02-13,Retail,Gurugram,Social
9412,2025-05-25,Retail,Pune,Paid Search
9413,2026-01-30,Retail,Kolkata,Referral
9414,2025-02-11,Premium,Gurugram,Social
9415,2025-08-31,Retail,Kolkata,Referral
9416,2025-07-27,Retail,Bengaluru,Paid Search
9417,2025-08-01,Premium,Delhi,Email
9418,2025-03-23,Premium,Hyderabad,Organic
9419,2025-02-05,Retail,Chennai,Social
9420,2025-06-18,Retail,Kolkata,Referral
9421,2025-08-17,Corporate,Kolkata,Email
9422,2026-01-20,Retail,Chennai,Email
9423,2025-08-13,Retail,Pune,Paid Search
9424,2025-04-30,Corporate,Gurugram,Social
9425,2025-05-08,Retail,Mumbai,Organic
9426,2025-10-24,Retail,Kolkata,Social
9427,2025-07-31,Retail,Pune,Organic
9428,2026-03-14,Retail,Pune,Paid Search
9429,2025-08-02,Retail,Hyderabad,Email
9430,2025-10-02,Retail,Chennai,Referral
9431,2025-01-31,Retail,Gurugram,Paid Search
9432,2025-04-04,Retail,Hyderabad,Organic
9433,2026-02-17,Premium,Delhi,Paid Search
9434,2025-06-17,Premium,Mumbai,Organic
9435,2025-07-24,Retail,Mumbai,Organic
9436,2025-10-14,Premium,Hyderabad,Email
9437,2025-01-29,Retail,Delhi,Paid Search
9438,2025-09-03,Retail,Bengaluru,Organic
9439,2025-06-17,Retail,Chennai,Referral
9440,2025-03-14,Premium,Chennai,Organic
9441,2025-07-22,Retail,Chennai,Paid Search
9442,2025-08-05,Retail,Chennai,Organic
9443,2025-04-01,Retail,Delhi,Organic
9444,2025-09-21,Retail,Gurugram,Paid Search
9445,2025-12-28,Retail,Bengaluru,Referral
9446,2025-05-10,Retail,Delhi,Paid Search
9447,2026-04-14,Premium,Kolkata,Referral
9448,2025-10-25,Retail,Hyderabad,Email
9449,2026-01-10,Retail,Bengaluru,Referral
9450,2025-02-04,Premium,Hyderabad,Email
9451,2026-01-08,Premium,Pune,Email
9452,2025-06-13,Premium,Pune,Referral
9453,2025-12-11,Retail,Delhi,Organic
9454,2026-01-26,Retail,Delhi,Organic
9455,2025-05-02,Premium,Gurugram,Referral
9456,2025-05-06,Retail,Hyderabad,Referral
9457,2025-01-29,Retail,Gurugram,Referral
9458,2025-10-21,Retail,Chennai,Social
9459,2026-01-11,Retail,Chennai,Referral
9460,2025-07-18,Retail,Bengaluru,Social
9461,2025-03-20,Retail,Kolkata,Social
9462,2025-06-03,Retail,Chennai,Organic
9463,2025-07-15,Retail,Kolkata,Paid Search
9464,2026-03-21,Retail,Bengaluru,Organic
9465,2025-03-02,Premium,Pune,Organic
9466,2025-06-16,Retail,Bengaluru,Paid Search
9467,2025-11-06,Retail,Gurugram,Organic
9468,2025-04-25,Retail,Gurugram,Email
9469,2026-03-06,Retail,Bengaluru,Paid Search
9470,2026-03-18,Corporate,Delhi,Social
9471,2025-07-04,Retail,Mumbai,Organic
9472,2025-12-28,Retail,Bengaluru,Referral
9473,2026-01-02,Retail,Delhi,Paid Search
9474,2025-11-27,Retail,Gurugram,Social
9475,2025-04-01,Retail,Hyderabad,Social
9476,2025-01-25,Premium,Mumbai,Paid Search
9477,2025-06-18,Retail,Pune,Social
9478,2025-03-05,Premium,Hyderabad,Referral
9479,2025-05-22,Retail,Mumbai,Referral
9480,2025-11-06,Retail,Hyderabad,Paid Search
9481,2025-10-13,Premium,Pune,Email
9482,2025-04-12,Retail,Chennai,Paid Search
9483,2025-01-09,Premium,Mumbai,Organic
9484,2025-04-20,Retail,Pune,Paid Search
9485,2025-08-09,Retail,Kolkata,Paid Search
9486,2026-01-13,Retail,Chennai,Paid Search
9487,2025-06-27,Retail,Gurugram,Referral
9488,2025-05-19,Premium,Gurugram,Social
9489,2025-09-25,Retail,Hyderabad,Email
9490,2025-02-04,Retail,Hyderabad,Organic
9491,2025-04-20,Premium,Hyderabad,Social
9492,2025-01-18,Premium,Hyderabad,Organic
9493,2025-09-12,Premium,Mumbai,Paid Search
9494,2025-08-03,Premium,Gurugram,Paid Search
9495,2025-10-10,Retail,Pune,Social
9496,2025-10-27,Retail,Mumbai,Referral
9497,2025-07-11,Corporate,Gurugram,Organic
9498,2026-02-26,Retail,Gurugram,Organic
9499,2026-03-22,Retail,Pune,Paid Search
9500,2025-02-23,Premium,Gurugram,Organic
9501,2026-03-23,Retail,Gurugram,Social
9502,2025-04-06,Corporate,Gurugram,Paid Search
9503,2025-05-01,Retail,Gurugram,Referral
9504,2025-09-14,Premium,Delhi,Email
9505,2025-01-15,Retail,Delhi,Paid Search
9506,2025-06-26,Retail,Pune,Email
9507,2025-04-05,Premium,Chennai,Referral
9508,2025-08-23,Retail,Kolkata,Organic
9509,2026-01-31,Retail,Chennai,Referral
9510,2026-03-25,Corporate,Bengaluru,Paid Search
9511,2025-04-13,Corporate,Gurugram,Social
9512,2025-09-22,Corporate,Pune,Social
9513,2025-08-19,Retail,Chennai,Email
9514,2025-07-21,Retail,Bengaluru,Referral
9515,2025-11-03,Retail,Kolkata,Referral
9516,2026-04-25,Retail,Mumbai,Paid Search
9517,2025-07-16,Retail,Kolkata,Email
9518,2025-02-01,Retail,Kolkata,Social
9519,2026-03-21,Retail,Chennai,Referral
9520,2026-03-29,Retail,Gurugram,Email
9521,2025-06-06,Retail,Gurugram,Organic
9522,2025-09-01,Retail,Delhi,Paid Search
9523,2026-02-23,Retail,Mumbai,Referral
9524,2025-09-02,Premium,Delhi,Email
9525,2025-08-22,Corporate,Bengaluru,Referral
9526,2026-03-24,Retail,Pune,Paid Search
9527,2026-02-06,Corporate,Mumbai,Organic
9528,2025-09-04,Premium,Delhi,Paid Search
9529,2025-03-20,Retail,Chennai,Paid Search
9530,2025-08-01,Retail,Chennai,Email
9531,2025-11-25,Retail,Bengaluru,Social
9532,2025-05-13,Retail,Chennai,Paid Search
9533,2025-09-18,Retail,Pune,Paid Search
9534,2025-11-16,Retail,Hyderabad,Email
9535,2025-02-11,Premium,Delhi,Social
9536,2025-10-04,Retail,Kolkata,Organic
9537,2025-12-24,Retail,Pune,Paid Search
9538,2025-04-14,Corporate,Delhi,Paid Search
9539,2025-09-23,Corporate,Mumbai,Paid Search
9540,2025-12-11,Premium,Bengaluru,Referral
9541,2025-01-22,Premium,Mumbai,Organic
9542,2025-11-09,Corporate,Kolkata,Paid Search
9543,2025-05-06,Retail,Gurugram,Paid Search
9544,2025-07-12,Premium,Delhi,Paid Search
9545,2025-11-11,Retail,Mumbai,Social
9546,2025-01-03,Retail,Bengaluru,Social
9547,2025-01-09,Retail,Gurugram,Organic
9548,2025-08-05,Retail,Pune,Organic
9549,2026-04-06,Retail,Gurugram,Referral
9550,2025-01-03,Retail,Mumbai,Email
9551,2026-01-18,Retail,Delhi,Organic
9552,2025-02-06,Retail,Hyderabad,Organic
9553,2025-08-26,Retail,Kolkata,Email
9554,2025-07-28,Premium,Kolkata,Organic
9555,2025-08-16,Retail,Hyderabad,Email
9556,2025-02-09,Retail,Bengaluru,Referral
9557,2026-01-01,Retail,Delhi,Organic
9558,2025-05-14,Premium,Hyderabad,Organic
9559,2026-01-09,Retail,Pune,Email
9560,2025-11-14,Retail,Delhi,Organic
9561,2025-09-25,Retail,Gurugram,Paid Search
9562,2025-05-30,Corporate,Chennai,Organic
9563,2025-11-13,Corporate,Bengaluru,Social
9564,2026-04-29,Premium,Bengaluru,Referral
9565,2026-03-24,Premium,Bengaluru,Social
9566,2026-03-21,Retail,Kolkata,Organic
9567,2025-04-17,Retail,Chennai,Social
9568,2025-10-11,Retail,Delhi,Social
9569,2025-07-12,Retail,Bengaluru,Organic
9570,2026-04-14,Corporate,Kolkata,Referral
9571,2026-04-06,Corporate,Bengaluru,Social
9572,2026-02-25,Retail,Kolkata,Organic
9573,2025-03-20,Retail,Pune,Email
9574,2025-06-04,Retail,Kolkata,Paid Search
9575,2025-12-11,Retail,Pune,Organic
9576,2025-12-30,Retail,Chennai,Organic
9577,2025-06-19,Retail,Hyderabad,Paid Search
9578,2025-03-08,Retail,Mumbai,Paid Search
9579,2025-03-08,Retail,Gurugram,Organic
9580,2025-11-29,Retail,Hyderabad,Referral
9581,2025-08-09,Premium,Delhi,Social
9582,2025-08-27,Retail,Hyderabad,Organic
9583,2026-01-31,Retail,Hyderabad,Social
9584,2025-01-09,Retail,Mumbai,Referral
9585,2026-01-01,Premium,Gurugram,Paid Search
9586,2025-05-14,Retail,Hyderabad,Email
9587,2026-03-28,Premium,Bengaluru,Organic
9588,2026-04-09,Retail,Chennai,Organic
9589,2025-09-01,Retail,Chennai,Organic
9590,2025-06-03,Retail,Hyderabad,Paid Search
9591,2025-04-24,Corporate,Gurugram,Paid Search
9592,2025-03-30,Corporate,Gurugram,Organic
9593,2026-04-30,Premium,Hyderabad,Social
9594,2025-04-01,Premium,Chennai,Email
9595,2025-08-05,Retail,Delhi,Referral
9596,2025-08-21,Retail,Hyderabad,Social
9597,2025-11-26,Retail,Hyderabad,Social
9598,2026-02-13,Retail,Hyderabad,Referral
9599,2025-09-28,Retail,Kolkata,Paid Search
9600,2026-01-03,Premium,Pune,Paid Search
9601,2025-10-02,Premium,Hyderabad,Paid Search
9602,2025-07-31,Premium,Hyderabad,Organic
9603,2025-03-18,Retail,Pune,Social
9604,2025-04-12,Corporate,Mumbai,Paid Search
9605,2025-07-29,Premium,Mumbai,Organic
9606,2025-01-23,Premium,Pune,Organic
9607,2025-06-03,Retail,Bengaluru,Referral
9608,2025-08-13,Retail,Chennai,Organic
9609,2025-08-18,Premium,Gurugram,Paid Search
9610,2026-01-31,Corporate,Bengaluru,Organic
9611,2026-04-15,Retail,Pune,Organic
9612,2025-12-20,Retail,Bengaluru,Referral
9613,2025-02-08,Retail,Kolkata,Organic
9614,2025-07-18,Retail,Mumbai,Organic
9615,2025-12-21,Premium,Pune,Email
9616,2025-10-16,Retail,Bengaluru,Paid Search
9617,2025-08-11,Retail,Kolkata,Social
9618,2025-07-31,Premium,Mumbai,Social
9619,2025-07-16,Retail,Mumbai,Organic
9620,2025-10-08,Retail,Kolkata,Paid Search
9621,2025-03-28,Retail,Pune,Paid Search
9622,2025-09-08,Retail,Chennai,Organic
9623,2025-04-10,Corporate,Kolkata,Organic
9624,2025-11-27,Premium,Bengaluru,Social
9625,2026-02-24,Corporate,Mumbai,Organic
9626,2025-09-04,Retail,Gurugram,Organic
9627,2025-07-07,Premium,Delhi,Social
9628,2026-04-02,Retail,Chennai,Paid Search
9629,2025-11-16,Premium,Hyderabad,Social
9630,2025-07-27,Retail,Mumbai,Organic
9631,2025-01-14,Retail,Gurugram,Social
9632,2025-01-08,Retail,Kolkata,Referral
9633,2025-04-18,Premium,Mumbai,Paid Search
9634,2025-04-25,Premium,Kolkata,Referral
9635,2025-12-16,Retail,Kolkata,Paid Search
9636,2025-08-31,Retail,Pune,Organic
9637,2026-04-30,Premium,Gurugram,Paid Search
9638,2025-09-20,Retail,Mumbai,Paid Search
9639,2026-03-15,Retail,Delhi,Email
9640,2025-09-25,Premium,Kolkata,Paid Search
9641,2025-06-23,Retail,Bengaluru,Paid Search
9642,2025-12-13,Premium,Delhi,Email
9643,2025-08-06,Retail,Gurugram,Organic
9644,2025-05-14,Premium,Hyderabad,Social
9645,2025-08-18,Retail,Kolkata,Paid Search
9646,2025-11-19,Corporate,Kolkata,Email
9647,2025-07-02,Retail,Bengaluru,Organic
9648,2025-12-08,Premium,Kolkata,Referral
9649,2026-04-21,Premium,Hyderabad,Social
9650,2025-07-19,Retail,Chennai,Email
9651,2025-05-24,Retail,Bengaluru,Email
9652,2025-07-15,Retail,Delhi,Referral
9653,2026-02-11,Retail,Mumbai,Organic
9654,2025-03-28,Retail,Bengaluru,Paid Search
9655,2026-04-18,Retail,Pune,Email
9656,2025-07-20,Retail,Kolkata,Social
9657,2026-02-13,Corporate,Mumbai,Email
9658,2026-01-17,Retail,Chennai,Referral
9659,2026-01-16,Retail,Chennai,Paid Search
9660,2026-03-17,Retail,Kolkata,Organic
9661,2025-03-31,Retail,Kolkata,Paid Search
9662,2025-10-15,Retail,Delhi,Social
9663,2025-02-18,Premium,Mumbai,Paid Search
9664,2025-05-26,Retail,Gurugram,Organic
9665,2025-01-20,Retail,Chennai,Referral
9666,2025-11-27,Retail,Mumbai,Organic
9667,2025-10-22,Retail,Gurugram,Paid Search
9668,2025-12-25,Premium,Bengaluru,Paid Search
9669,2025-03-27,Retail,Bengaluru,Paid Search
9670,2025-06-11,Retail,Kolkata,Organic
9671,2025-11-25,Retail,Gurugram,Referral
9672,2026-02-05,Retail,Hyderabad,Referral
9673,2026-03-06,Retail,Chennai,Social
9674,2025-02-05,Retail,Chennai,Email
9675,2025-07-15,Corporate,Mumbai,Organic
9676,2025-01-06,Retail,Pune,Organic
9677,2026-02-01,Retail,Delhi,Organic
9678,2025-03-01,Premium,Kolkata,Referral
9679,2026-02-03,Retail,Kolkata,Organic
9680,2025-03-17,Retail,Mumbai,Email
9681,2025-01-08,Premium,Pune,Social
9682,2026-03-03,Premium,Delhi,Referral
9683,2025-08-01,Corporate,Delhi,Paid Search
9684,2025-07-26,Premium,Chennai,Referral
9685,2025-11-10,Retail,Kolkata,Paid Search
9686,2025-05-14,Corporate,Kolkata,Paid Search
9687,2025-12-02,Retail,Bengaluru,Referral
9688,2025-07-28,Retail,Gurugram,Organic
9689,2025-05-13,Premium,Pune,Email
9690,2025-07-11,Premium,Hyderabad,Referral
9691,2025-01-03,Premium,Bengaluru,Referral
9692,2025-05-27,Retail,Chennai,Organic
9693,2025-10-14,Premium,Bengaluru,Organic
9694,2025-03-08,Retail,Hyderabad,Organic
9695,2025-02-27,Premium,Hyderabad,Social
9696,2025-11-15,Premium,Bengaluru,Organic
9697,2025-07-27,Retail,Hyderabad,Email
9698,2025-03-08,Premium,Delhi,Email
9699,2025-12-29,Retail,Kolkata,Organic
9700,2026-01-12,Retail,Bengaluru,Referral
9701,2025-01-17,Corporate,Hyderabad,Organic
9702,2025-04-08,Retail,Mumbai,Paid Search
9703,2025-06-29,Retail,Pune,Organic
9704,2025-12-21,Retail,Bengaluru,Referral
9705,2025-02-05,Retail,Mumbai,Email
9706,2026-01-26,Retail,Bengaluru,Organic
9707,2025-06-04,Retail,Gurugram,Organic
9708,2025-03-02,Retail,Kolkata,Paid Search
9709,2026-02-23,Retail,Kolkata,Paid Search
9710,2025-02-12,Retail,Mumbai,Organic
9711,2025-03-04,Retail,Chennai,Referral
9712,2026-04-06,Retail,Kolkata,Email
9713,2025-09-09,Premium,Chennai,Paid Search
9714,2025-08-13,Retail,Kolkata,Email
9715,2025-11-30,Retail,Mumbai,Social
9716,2025-11-02,Retail,Hyderabad,Social
9717,2025-10-25,Retail,Bengaluru,Referral
9718,2025-01-12,Premium,Chennai,Paid Search
9719,2025-09-25,Retail,Mumbai,Paid Search
9720,2025-05-16,Retail,Bengaluru,Organic
9721,2026-01-27,Premium,Chennai,Referral
9722,2025-09-03,Retail,Delhi,Organic
9723,2025-03-02,Premium,Bengaluru,Organic
9724,2026-03-06,Retail,Chennai,Paid Search
9725,2025-05-18,Retail,Mumbai,Paid Search
9726,2025-05-12,Premium,Pune,Organic
9727,2026-03-31,Retail,Hyderabad,Organic
9728,2026-01-11,Retail,Hyderabad,Email
9729,2026-02-21,Corporate,Bengaluru,Social
9730,2025-11-18,Retail,Gurugram,Paid Search
9731,2026-03-18,Premium,Chennai,Referral
9732,2025-02-25,Retail,Chennai,Referral
9733,2025-10-18,Retail,Kolkata,Organic
9734,2025-05-23,Premium,Hyderabad,Social
9735,2025-07-13,Retail,Delhi,Paid Search
9736,2025-04-26,Retail,Delhi,Paid Search
9737,2025-04-10,Premium,Hyderabad,Referral
9738,2025-08-03,Retail,Gurugram,Organic
9739,2026-03-22,Retail,Hyderabad,Paid Search
9740,2025-11-05,Premium,Gurugram,Organic
9741,2025-06-19,Retail,Pune,Paid Search
9742,2025-07-30,Retail,Chennai,Organic
9743,2025-09-14,Premium,Delhi,Referral
9744,2025-04-29,Retail,Kolkata,Paid Search
9745,2025-09-10,Corporate,Gurugram,Organic
9746,2025-12-04,Premium,Pune,Referral
9747,2025-04-28,Retail,Gurugram,Organic
9748,2025-10-11,Retail,Mumbai,Social
9749,2025-12-10,Corporate,Hyderabad,Paid Search
9750,2025-09-09,Premium,Gurugram,Organic
9751,2025-05-22,Retail,Pune,Organic
9752,2025-09-26,Retail,Chennai,Organic
9753,2026-01-20,Retail,Hyderabad,Referral
9754,2025-04-18,Premium,Pune,Social
9755,2025-10-06,Corporate,Bengaluru,Organic
9756,2025-11-27,Premium,Chennai,Organic
9757,2025-06-05,Retail,Delhi,Email
9758,2025-07-07,Premium,Pune,Organic
9759,2026-03-08,Retail,Gurugram,Paid Search
9760,2025-06-26,Retail,Delhi,Social
9761,2025-10-18,Retail,Hyderabad,Organic
9762,2025-03-14,Retail,Chennai,Email
9763,2026-03-26,Retail,Delhi,Organic
9764,2025-10-17,Retail,Delhi,Referral
9765,2026-01-04,Retail,Mumbai,Paid Search
9766,2025-10-20,Premium,Mumbai,Organic
9767,2025-06-22,Retail,Gurugram,Paid Search
9768,2025-06-15,Retail,Mumbai,Email
9769,2025-12-07,Retail,Chennai,Paid Search
9770,2026-02-22,Retail,Bengaluru,Organic
9771,2025-03-03,Retail,Pune,Email
9772,2026-02-15,Premium,Gurugram,Organic
9773,2026-02-07,Retail,Kolkata,Organic
9774,2025-02-22,Retail,Delhi,Organic
9775,2025-02-22,Premium,Delhi,Referral
9776,2025-12-04,Retail,Bengaluru,Organic
9777,2026-02-13,Premium,Kolkata,Organic
9778,2025-07-11,Retail,Kolkata,Email
9779,2025-11-07,Premium,Pune,Social
9780,2026-04-30,Retail,Kolkata,Organic
9781,2025-06-06,Retail,Mumbai,Social
9782,2025-04-20,Retail,Chennai,Organic
9783,2026-04-26,Retail,Gurugram,Paid Search
9784,2025-05-17,Premium,Gurugram,Paid Search
9785,2025-08-18,Retail,Chennai,Social
9786,2025-08-03,Retail,Chennai,Referral
9787,2025-09-11,Premium,Mumbai,Paid Search
9788,2025-05-11,Premium,Chennai,Organic
9789,2025-11-26,Retail,Mumbai,Paid Search
9790,2025-12-02,Retail,Hyderabad,Referral
9791,2025-04-08,Premium,Delhi,Referral
9792,2025-08-22,Premium,Bengaluru,Referral
9793,2025-01-28,Premium,Delhi,Email
9794,2025-04-18,Premium,Hyderabad,Referral
9795,2026-04-24,Retail,Delhi,Email
9796,2025-09-03,Retail,Kolkata,Social
9797,2025-10-30,Retail,Chennai,Organic
9798,2026-03-08,Retail,Chennai,Social
9799,2025-12-13,Premium,Chennai,Organic
9800,2026-01-20,Retail,Kolkata,Organic
9801,2025-12-12,Retail,Chennai,Paid Search
9802,2025-08-30,Retail,Chennai,Paid Search
9803,2025-11-03,Retail,Mumbai,Social
9804,2025-05-20,Retail,Chennai,Paid Search
9805,2026-03-08,Retail,Hyderabad,Organic
9806,2025-03-29,Premium,Mumbai,Email
9807,2026-03-05,Retail,Hyderabad,Social
9808,2026-03-03,Retail,Bengaluru,Organic
9809,2025-03-11,Retail,Mumbai,Organic
9810,2025-12-11,Retail,Pune,Organic
9811,2026-04-25,Corporate,Gurugram,Email
9812,2025-10-05,Retail,Delhi,Organic
9813,2025-06-15,Premium,Mumbai,Email
9814,2026-03-03,Retail,Gurugram,Organic
9815,2025-09-06,Retail,Chennai,Referral
9816,2025-03-01,Retail,Mumbai,Organic
9817,2025-05-01,Premium,Bengaluru,Paid Search
9818,2025-11-28,Corporate,Delhi,Paid Search
9819,2025-08-09,Retail,Kolkata,Paid Search
9820,2025-04-16,Retail,Chennai,Email
9821,2026-01-23,Retail,Mumbai,Referral
9822,2025-02-28,Retail,Mumbai,Organic
9823,2025-04-17,Retail,Chennai,Referral
9824,2025-08-14,Premium,Pune,Organic
9825,2025-01-20,Retail,Chennai,Email
9826,2025-07-07,Premium,Mumbai,Paid Search
9827,2026-03-18,Premium,Gurugram,Organic
9828,2026-04-02,Retail,Mumbai,Organic
9829,2026-02-27,Retail,Mumbai,Organic
9830,2025-06-07,Premium,Chennai,Email
9831,2025-02-01,Retail,Pune,Paid Search
9832,2026-01-31,Retail,Hyderabad,Organic
9833,2025-07-01,Premium,Chennai,Referral
9834,2025-12-30,Retail,Pune,Organic
9835,2025-02-27,Premium,Hyderabad,Organic
9836,2025-11-20,Retail,Mumbai,Social
9837,2025-10-12,Retail,Chennai,Organic
9838,2026-03-23,Retail,Pune,Referral
9839,2025-02-19,Retail,Gurugram,Social
9840,2025-07-17,Retail,Hyderabad,Organic
9841,2026-04-26,Retail,Bengaluru,Paid Search
9842,2025-07-08,Retail,Delhi,Organic
9843,2025-11-16,Retail,Bengaluru,Paid Search
9844,2025-03-20,Retail,Chennai,Social
9845,2025-12-20,Retail,Bengaluru,Referral
9846,2025-05-14,Retail,Pune,Paid Search
9847,2025-10-05,Retail,Mumbai,Referral
9848,2026-03-03,Retail,Gurugram,Organic
9849,2025-11-17,Retail,Gurugram,Email
9850,2025-08-19,Retail,Kolkata,Organic
9851,2025-04-03,Retail,Chennai,Referral
9852,2025-06-15,Premium,Pune,Paid Search
9853,2026-02-16,Retail,Delhi,Organic
9854,2025-04-15,Retail,Delhi,Paid Search
9855,2025-11-15,Premium,Hyderabad,Email
9856,2025-08-24,Retail,Kolkata,Referral
9857,2025-06-05,Retail,Mumbai,Referral
9858,2025-12-14,Retail,Pune,Paid Search
9859,2025-06-25,Retail,Gurugram,Social
9860,2025-05-20,Retail,Kolkata,Organic
9861,2025-09-14,Retail,Pune,Social
9862,2026-01-03,Retail,Pune,Organic
9863,2026-02-24,Retail,Delhi,Referral
9864,2025-11-02,Retail,Delhi,Social
9865,2025-11-18,Retail,Bengaluru,Paid Search
9866,2026-01-17,Retail,Kolkata,Social
9867,2025-05-11,Retail,Delhi,Paid Search
9868,2025-05-02,Retail,Kolkata,Organic
9869,2025-08-23,Retail,Bengaluru,Organic
9870,2025-11-03,Retail,Delhi,Organic
9871,2025-11-10,Retail,Delhi,Organic
9872,2025-03-16,Corporate,Chennai,Social
9873,2026-01-14,Premium,Delhi,Referral
9874,2025-06-26,Retail,Pune,Paid Search
9875,2026-03-02,Retail,Gurugram,Email
9876,2025-12-18,Retail,Pune,Email
9877,2026-04-22,Corporate,Bengaluru,Organic
9878,2025-11-03,Retail,Gurugram,Paid Search
9879,2025-09-13,Retail,Delhi,Email
9880,2025-04-02,Premium,Mumbai,Organic
9881,2025-07-13,Retail,Mumbai,Paid Search
9882,2026-02-21,Premium,Delhi,Email
9883,2025-07-05,Retail,Gurugram,Referral
9884,2025-01-26,Retail,Mumbai,Referral
9885,2025-04-29,Premium,Delhi,Email
9886,2025-10-16,Retail,Gurugram,Organic
9887,2025-11-02,Retail,Gurugram,Social
9888,2026-04-23,Premium,Mumbai,Referral
9889,2026-03-29,Premium,Hyderabad,Organic
9890,2025-09-15,Retail,Chennai,Organic
9891,2025-09-26,Corporate,Hyderabad,Organic
9892,2026-01-24,Retail,Kolkata,Referral
9893,2025-01-24,Retail,Mumbai,Social
9894,2025-10-16,Premium,Kolkata,Email
9895,2025-08-18,Retail,Pune,Paid Search
9896,2026-01-15,Premium,Delhi,Social
9897,2026-01-24,Retail,Pune,Organic
9898,2025-11-14,Retail,Delhi,Email
9899,2025-11-15,Retail,Kolkata,Social
9900,2025-12-02,Retail,Gurugram,Referral
9901,2025-10-09,Premium,Mumbai,Organic
9902,2025-04-21,Retail,Pune,Organic
9903,2025-05-18,Retail,Bengaluru,Organic
9904,2025-12-26,Retail,Delhi,Referral
9905,2025-10-27,Retail,Chennai,Organic
9906,2025-04-26,Retail,Delhi,Referral
9907,2026-03-02,Retail,Delhi,Organic
9908,2026-04-21,Retail,Kolkata,Paid Search
9909,2025-10-31,Retail,Bengaluru,Organic
9910,2025-04-21,Retail,Gurugram,Organic
9911,2026-04-01,Retail,Pune,Paid Search
9912,2025-04-25,Retail,Pune,Paid Search
9913,2025-07-29,Retail,Hyderabad,Paid Search
9914,2026-02-21,Retail,Bengaluru,Social
9915,2025-09-10,Retail,Mumbai,Paid Search
9916,2025-04-28,Retail,Chennai,Social
9917,2025-02-08,Premium,Pune,Social
9918,2025-06-25,Retail,Delhi,Organic
9919,2025-11-22,Premium,Bengaluru,Paid Search
9920,2025-12-13,Retail,Gurugram,Organic
9921,2025-04-19,Retail,Hyderabad,Organic
9922,2025-03-18,Premium,Bengaluru,Organic
9923,2025-12-07,Retail,Mumbai,Social
9924,2025-03-19,Retail,Mumbai,Organic
9925,2025-02-01,Retail,Kolkata,Email
9926,2025-08-24,Retail,Bengaluru,Referral
9927,2025-10-04,Retail,Bengaluru,Organic
9928,2025-04-29,Premium,Delhi,Social
9929,2025-04-13,Retail,Gurugram,Organic
9930,2025-04-25,Retail,Hyderabad,Organic
9931,2025-06-16,Retail,Chennai,Email
9932,2025-01-05,Retail,Chennai,Paid Search
9933,2025-01-06,Premium,Bengaluru,Organic
9934,2025-06-29,Retail,Hyderabad,Email
9935,2025-01-10,Premium,Delhi,Email
9936,2025-06-04,Retail,Chennai,Paid Search
9937,2025-10-09,Retail,Chennai,Social
9938,2025-01-16,Retail,Mumbai,Referral
9939,2025-10-27,Premium,Mumbai,Referral
9940,2025-10-29,Retail,Hyderabad,Paid Search
9941,2025-10-06,Retail,Chennai,Referral
9942,2025-10-31,Premium,Pune,Paid Search
9943,2026-01-28,Retail,Delhi,Organic
9944,2025-02-04,Retail,Pune,Organic
9945,2025-03-23,Premium,Chennai,Paid Search
9946,2025-06-03,Retail,Mumbai,Organic
9947,2025-11-30,Retail,Hyderabad,Organic
9948,2026-02-28,Retail,Kolkata,Paid Search
9949,2026-03-22,Premium,Bengaluru,Email
9950,2025-10-10,Retail,Delhi,Organic
9951,2025-07-18,Premium,Gurugram,Organic
9952,2025-07-19,Premium,Delhi,Referral
9953,2025-01-30,Retail,Delhi,Paid Search
9954,2025-08-14,Retail,Mumbai,Referral
9955,2025-09-06,Premium,Kolkata,Paid Search
9956,2025-04-12,Retail,Chennai,Social
9957,2026-01-08,Retail,Mumbai,Organic
9958,2026-01-29,Retail,Delhi,Paid Search
9959,2025-05-27,Premium,Gurugram,Social
9960,2026-03-20,Retail,Delhi,Organic
9961,2025-02-21,Retail,Gurugram,Organic
9962,2026-03-18,Retail,Hyderabad,Paid Search
9963,2026-01-08,Retail,Mumbai,Social
9964,2025-04-19,Corporate,Bengaluru,Paid Search
9965,2025-11-12,Retail,Bengaluru,Referral
9966,2025-05-31,Premium,Mumbai,Referral
9967,2026-01-23,Premium,Hyderabad,Organic
9968,2025-03-19,Retail,Chennai,Email
9969,2025-04-29,Premium,Hyderabad,Referral
9970,2025-05-29,Corporate,Chennai,Organic
9971,2025-04-07,Premium,Gurugram,Paid Search
9972,2025-06-11,Premium,Delhi,Paid Search
9973,2025-10-20,Retail,Chennai,Email
9974,2025-11-04,Premium,Mumbai,Paid Search
9975,2025-09-26,Retail,Delhi,Paid Search
9976,2025-04-02,Premium,Bengaluru,Email
9977,2025-04-09,Retail,Hyderabad,Social
9978,2026-03-22,Retail,Gurugram,Organic
9979,2025-05-02,Premium,Bengaluru,Social
9980,2025-02-20,Retail,Kolkata,Referral
9981,2025-08-09,Retail,Gurugram,Paid Search
9982,2025-01-04,Premium,Bengaluru,Paid Search
9983,2025-06-16,Corporate,Mumbai,Social
9984,2026-02-19,Retail,Gurugram,Paid Search
9985,2025-05-10,Premium,Hyderabad,Email
9986,2025-12-08,Premium,Hyderabad,Paid Search
9987,2025-08-26,Premium,Chennai,Social
9988,2025-06-22,Retail,Hyderabad,Referral
9989,2025-11-17,Retail,Pune,Organic
9990,2025-10-16,Premium,Gurugram,Organic
9991,2025-06-04,Premium,Delhi,Email
9992,2025-04-19,Retail,Chennai,Referral
9993,2026-03-21,Retail,Hyderabad,Paid Search
9994,2025-03-23,Retail,Pune,Organic
9995,2026-04-11,Premium,Gurugram,Organic
9996,2025-08-17,Premium,Pune,Organic
9997,2026-04-29,Retail,Hyderabad,Paid Search
9998,2025-06-21,Retail,Gurugram,Social
9999,2025-10-02,Retail,Pune,Organic
10000,2025-10-26,Premium,Mumbai,Social
