customer_id,customer_segment,recency_days,frequency,monetary,recency_quartile,frequency_quartile,monetary_quartile,customer_tier
7076,Corporate,90,14,472490.24,4,4,4,Champions
7004,Corporate,90,17,322170.08,4,4,4,Champions
5068,Corporate,289,16,317006.34,1,4,4,At-Risk High-Value
3517,Corporate,90,9,298543.57,4,4,4,Champions
7429,Corporate,90,18,293068.47,3,4,4,Loyal Customers
4049,Corporate,90,9,289415.55,4,4,4,Champions
7620,Corporate,90,11,286158.0,4,4,4,Champions
7914,Corporate,90,15,284988.83,4,4,4,Champions
9675,Corporate,90,14,278796.14,4,4,4,Champions
9818,Corporate,90,8,275543.69,4,4,4,Champions
2879,Corporate,90,12,274476.98,4,4,4,Champions
46,Corporate,90,16,270264.77,4,4,4,Champions
7659,Corporate,247,12,268481.95,2,4,4,At-Risk High-Value
5481,Corporate,90,17,266230.45,4,4,4,Champions
5896,Corporate,90,12,261165.39,4,4,4,Champions
2673,Corporate,90,8,256079.05,4,4,4,Champions
2601,Corporate,90,19,254687.0,3,4,4,Loyal Customers
6733,Corporate,90,10,252812.85,4,4,4,Champions
6684,Corporate,90,10,249741.88,4,4,4,Champions
8618,Corporate,90,14,247456.88,4,4,4,Champions
7289,Corporate,90,13,242219.27,4,4,4,Champions
7672,Corporate,90,11,241174.46,4,4,4,Champions
9421,Corporate,272,15,239650.7,2,4,4,At-Risk High-Value
7367,Corporate,90,13,237843.11,4,4,4,Champions
4926,Corporate,231,11,234294.9,2,4,4,At-Risk High-Value
1469,Corporate,90,16,233506.12,3,4,4,Loyal Customers
8109,Premium,90,15,231460.35,4,4,4,Champions
3267,Corporate,90,13,230644.19,4,4,4,Champions
8739,Corporate,141,11,230237.25,3,4,4,Loyal Customers
9625,Corporate,90,10,230206.36,4,4,4,Champions
2664,Corporate,90,13,228784.85,4,4,4,Champions
7277,Corporate,90,15,228700.69,4,4,4,Champions
6004,Corporate,245,12,227695.45,2,4,4,At-Risk High-Value
5707,Corporate,175,13,227571.84,2,4,4,At-Risk High-Value
7118,Premium,90,5,227302.07,3,3,4,Loyal Customers
7633,Corporate,106,12,225966.73,3,4,4,Loyal Customers
4100,Corporate,90,18,224463.17,3,4,4,Loyal Customers
6041,Corporate,90,16,223671.65,4,4,4,Champions
3324,Corporate,266,12,223383.19,2,4,4,At-Risk High-Value
5873,Premium,159,12,223111.28,2,4,4,At-Risk High-Value
4668,Corporate,393,15,222381.71,1,4,4,At-Risk High-Value
4708,Corporate,90,9,221219.3,4,4,4,Champions
7282,Corporate,441,14,220968.56,1,4,4,At-Risk High-Value
4202,Corporate,90,9,220354.21,4,4,4,Champions
5942,Corporate,294,8,220020.0,1,4,4,At-Risk High-Value
1930,Corporate,90,11,218870.93,4,4,4,Champions
8624,Corporate,90,10,214671.51,4,4,4,Champions
4539,Premium,90,11,214059.87,4,4,4,Champions
5416,Corporate,152,12,214019.84,2,4,4,At-Risk High-Value
2440,Premium,90,14,212533.86,4,4,4,Champions
336,Premium,90,11,212529.06,4,4,4,Champions
2831,Corporate,90,10,207944.26,4,4,4,Champions
9882,Premium,90,5,207590.06,3,3,4,Loyal Customers
2570,Corporate,90,12,207578.71,4,4,4,Champions
8037,Corporate,90,13,207448.13,4,4,4,Champions
3079,Corporate,249,11,207323.56,2,4,4,At-Risk High-Value
603,Premium,90,8,206614.38,4,4,4,Champions
1981,Corporate,90,14,205700.73,4,4,4,Champions
8573,Corporate,90,10,205465.76,4,4,4,Champions
1347,Corporate,90,15,204385.04,4,4,4,Champions
3936,Corporate,90,11,204368.25,4,4,4,Champions
4298,Corporate,90,12,203186.9,4,4,4,Champions
50,Corporate,90,11,202648.25,4,4,4,Champions
9369,Corporate,90,17,202282.05,4,4,4,Champions
3417,Corporate,90,4,201142.9,4,2,4,New / Promising
6743,Corporate,292,9,201048.87,1,4,4,At-Risk High-Value
6900,Corporate,90,9,200966.73,4,4,4,Champions
8041,Corporate,90,8,200410.95,4,4,4,Champions
8949,Corporate,90,11,200069.76,4,4,4,Champions
7807,Corporate,406,11,199433.01,1,4,4,At-Risk High-Value
7055,Corporate,90,8,198848.9,4,4,4,Champions
1305,Premium,90,10,198519.61,4,4,4,Champions
5035,Corporate,261,12,197610.03,2,4,4,At-Risk High-Value
5098,Corporate,238,11,195662.37,2,4,4,At-Risk High-Value
7625,Corporate,90,11,195582.29,4,4,4,Champions
8966,Corporate,90,9,195472.72,4,4,4,Champions
1373,Corporate,90,14,195054.35,4,4,4,Champions
7738,Corporate,90,12,194984.85,4,4,4,Champions
7239,Corporate,335,14,193530.0,1,4,4,At-Risk High-Value
3279,Corporate,90,14,192284.63,4,4,4,Champions
7359,Corporate,90,13,192241.52,4,4,4,Champions
2507,Corporate,90,13,191995.94,4,4,4,Champions
1473,Corporate,125,11,191415.75,3,4,4,Loyal Customers
4109,Premium,90,9,191141.55,4,4,4,Champions
9581,Premium,90,11,190408.78,4,4,4,Champions
6164,Corporate,303,14,190327.39,1,4,4,At-Risk High-Value
9009,Corporate,453,15,190070.17,1,4,4,At-Risk High-Value
3673,Corporate,90,13,190035.31,4,4,4,Champions
1595,Corporate,160,13,189367.18,2,4,4,At-Risk High-Value
8243,Corporate,90,15,187514.28,4,4,4,Champions
1160,Corporate,90,16,187506.61,4,4,4,Champions
8290,Corporate,90,6,187340.94,3,3,4,Loyal Customers
8246,Corporate,90,9,186993.39,4,4,4,Champions
5726,Corporate,122,12,186756.74,3,4,4,Loyal Customers
6720,Corporate,90,8,184970.94,4,4,4,Champions
3514,Corporate,511,12,184925.73,1,4,4,At-Risk High-Value
2983,Corporate,90,8,183978.26,4,4,4,Champions
6174,Corporate,204,13,183492.89,2,4,4,At-Risk High-Value
4232,Premium,90,14,181269.05,4,4,4,Champions
7160,Corporate,340,6,180380.07,1,3,4,At-Risk High-Value
4659,Corporate,116,11,180298.55,3,4,4,Loyal Customers
9150,Premium,90,13,179963.48,4,4,4,Champions
2327,Corporate,153,9,179526.62,2,4,4,At-Risk High-Value
4227,Corporate,300,7,179159.1,1,4,4,At-Risk High-Value
9571,Corporate,90,14,178944.28,4,4,4,Champions
3156,Corporate,90,12,178562.88,4,4,4,Champions
7980,Premium,90,12,178245.51,4,4,4,Champions
3534,Corporate,90,12,178076.45,4,4,4,Champions
213,Corporate,90,10,177961.99,4,4,4,Champions
6232,Corporate,90,11,177068.91,4,4,4,Champions
9593,Premium,90,14,176373.88,4,4,4,Champions
6780,Corporate,90,8,175572.04,4,4,4,Champions
3544,Corporate,90,12,175313.31,4,4,4,Champions
8104,Premium,90,7,175110.51,4,4,4,Champions
5101,Corporate,90,9,174369.97,4,4,4,Champions
4870,Corporate,90,7,173493.23,4,4,4,Champions
529,Corporate,90,8,173473.24,4,4,4,Champions
7906,Premium,90,9,173233.75,4,4,4,Champions
7009,Premium,90,13,173140.67,4,4,4,Champions
5520,Corporate,90,10,172824.59,4,4,4,Champions
8307,Corporate,307,10,172645.29,1,4,4,At-Risk High-Value
4273,Corporate,90,16,172546.49,4,4,4,Champions
9502,Corporate,90,10,171942.54,4,4,4,Champions
8670,Premium,112,17,171805.34,3,4,4,Loyal Customers
1822,Corporate,90,12,171723.75,4,4,4,Champions
2204,Corporate,161,8,171440.9,2,4,4,At-Risk High-Value
6813,Corporate,121,6,171177.39,3,3,4,Loyal Customers
3264,Corporate,90,11,170362.79,4,4,4,Champions
4986,Corporate,204,9,170135.11,2,4,4,At-Risk High-Value
3891,Premium,90,9,169900.05,4,4,4,Champions
5955,Corporate,90,11,169225.91,4,4,4,Champions
9349,Corporate,279,12,169140.42,2,4,4,At-Risk High-Value
7465,Premium,90,10,168949.21,4,4,4,Champions
307,Corporate,309,10,168872.12,1,4,4,At-Risk High-Value
9107,Premium,90,15,168817.97,4,4,4,Champions
5674,Premium,90,8,167953.93,4,4,4,Champions
6452,Corporate,90,12,167937.07,4,4,4,Champions
3048,Corporate,147,10,167088.04,2,4,4,At-Risk High-Value
9749,Corporate,90,13,166910.77,4,4,4,Champions
8608,Corporate,138,9,166492.06,3,4,4,Loyal Customers
5489,Corporate,90,10,166356.12,4,4,4,Champions
9226,Corporate,90,15,166301.25,4,4,4,Champions
4465,Corporate,145,10,165977.93,2,4,4,At-Risk High-Value
364,Premium,116,14,165807.58,3,4,4,Loyal Customers
7416,Corporate,90,12,164861.48,4,4,4,Champions
3087,Corporate,197,8,164382.48,2,4,4,At-Risk High-Value
6415,Corporate,264,11,164082.91,2,4,4,At-Risk High-Value
9655,Retail,90,13,163969.84,4,4,4,Champions
1840,Premium,97,7,163921.13,3,4,4,Loyal Customers
4370,Premium,275,11,163852.97,2,4,4,At-Risk High-Value
4541,Corporate,90,11,163509.39,4,4,4,Champions
3222,Premium,90,11,163315.28,4,4,4,Champions
3424,Corporate,90,11,163158.39,4,4,4,Champions
8283,Corporate,506,15,162577.2,1,4,4,At-Risk High-Value
999,Premium,90,12,162457.06,4,4,4,Champions
718,Corporate,90,9,162105.43,4,4,4,Champions
6287,Corporate,99,11,162025.54,3,4,4,Loyal Customers
418,Corporate,439,8,161907.58,1,4,4,At-Risk High-Value
9604,Corporate,202,6,161424.58,2,3,4,At-Risk High-Value
2353,Corporate,200,10,161393.93,2,4,4,At-Risk High-Value
3630,Premium,90,9,161082.36,4,4,4,Champions
7229,Premium,90,7,160948.91,4,4,4,Champions
283,Corporate,161,10,160658.41,2,4,4,At-Risk High-Value
2427,Corporate,414,11,160605.0,1,4,4,At-Risk High-Value
7523,Corporate,119,14,160453.95,3,4,4,Loyal Customers
4751,Corporate,151,9,160403.06,2,4,4,At-Risk High-Value
556,Premium,90,7,160398.53,4,4,4,Champions
3812,Corporate,90,11,159808.27,4,4,4,Champions
782,Corporate,97,12,159488.33,3,4,4,Loyal Customers
8676,Corporate,381,10,159225.8,1,4,4,At-Risk High-Value
8663,Corporate,90,10,158858.97,4,4,4,Champions
6498,Corporate,90,12,158735.61,4,4,4,Champions
8915,Corporate,90,12,158342.27,4,4,4,Champions
1285,Premium,102,10,157494.51,3,4,4,Loyal Customers
4216,Premium,90,11,157353.76,4,4,4,Champions
9889,Premium,90,7,157042.22,4,4,4,Champions
9686,Corporate,90,12,156686.17,4,4,4,Champions
4900,Corporate,90,13,155969.18,4,4,4,Champions
89,Corporate,90,14,155519.78,4,4,4,Champions
7731,Corporate,286,6,155233.42,1,3,4,At-Risk High-Value
6465,Premium,144,9,155195.54,2,4,4,At-Risk High-Value
6304,Premium,111,7,155101.64,3,4,4,Loyal Customers
6366,Corporate,90,9,154959.43,4,4,4,Champions
486,Premium,235,9,154903.97,2,4,4,At-Risk High-Value
9540,Premium,90,7,154667.68,4,4,4,Champions
8978,Corporate,90,10,154636.26,4,4,4,Champions
1507,Corporate,90,8,154600.72,4,4,4,Champions
9826,Premium,90,7,154480.97,4,4,4,Champions
1332,Corporate,90,13,154444.74,4,4,4,Champions
2544,Corporate,90,8,154402.29,4,4,4,Champions
6184,Premium,90,10,154363.09,4,4,4,Champions
6179,Corporate,90,10,154314.86,4,4,4,Champions
5619,Corporate,90,9,153978.27,4,4,4,Champions
6963,Premium,90,10,153661.13,4,4,4,Champions
2671,Corporate,90,12,153621.08,4,4,4,Champions
95,Corporate,90,7,153523.74,4,4,4,Champions
6075,Corporate,90,15,152982.2,4,4,4,Champions
2947,Corporate,90,11,152912.68,4,4,4,Champions
5785,Corporate,217,8,152833.57,2,4,4,At-Risk High-Value
7365,Corporate,90,6,152664.66,3,3,4,Loyal Customers
3310,Corporate,90,14,152574.23,4,4,4,Champions
360,Premium,90,10,152421.7,4,4,4,Champions
2285,Corporate,90,9,151851.66,4,4,4,Champions
3237,Corporate,90,12,151692.76,4,4,4,Champions
2880,Corporate,90,8,151390.06,4,4,4,Champions
6288,Corporate,106,16,151116.44,3,4,4,Loyal Customers
4611,Corporate,102,14,151038.43,3,4,4,Loyal Customers
3523,Corporate,90,12,150522.65,4,4,4,Champions
847,Corporate,504,9,150422.8,1,4,4,At-Risk High-Value
2994,Premium,90,11,150276.64,4,4,4,Champions
6821,Premium,90,8,150209.99,4,4,4,Champions
8064,Corporate,90,13,149538.25,4,4,4,Champions
884,Corporate,500,11,149517.32,1,4,4,At-Risk High-Value
5541,Corporate,130,12,149432.24,3,4,4,Loyal Customers
1615,Corporate,90,11,149141.3,4,4,4,Champions
4377,Corporate,423,13,149095.02,1,4,4,At-Risk High-Value
9093,Corporate,90,10,148516.45,4,4,4,Champions
4184,Corporate,90,8,148236.31,4,4,4,Champions
5464,Premium,91,9,148123.41,3,4,4,Loyal Customers
2786,Corporate,254,10,148107.9,2,4,4,At-Risk High-Value
1897,Corporate,90,10,148075.66,4,4,4,Champions
8578,Corporate,90,10,147865.12,4,4,4,Champions
5963,Corporate,90,10,147808.62,4,4,4,Champions
5015,Corporate,90,7,147790.85,4,4,4,Champions
5344,Corporate,90,8,147783.8,4,4,4,Champions
6022,Corporate,188,10,147757.15,2,4,4,At-Risk High-Value
8924,Corporate,90,9,147480.14,4,4,4,Champions
3080,Corporate,90,10,147452.15,4,4,4,Champions
4374,Corporate,90,11,147043.73,4,4,4,Champions
5734,Corporate,255,6,147003.25,2,3,4,At-Risk High-Value
5910,Corporate,271,9,146784.02,2,4,4,At-Risk High-Value
4281,Corporate,90,10,146769.0,4,4,4,Champions
6487,Corporate,90,10,146585.47,4,4,4,Champions
9610,Corporate,123,11,146314.78,3,4,4,Loyal Customers
7342,Corporate,90,7,145909.58,4,4,4,Champions
577,Corporate,90,8,145840.94,4,4,4,Champions
5461,Corporate,90,10,145610.4,4,4,4,Champions
8586,Corporate,244,11,144880.27,2,4,4,At-Risk High-Value
8887,Corporate,90,12,144780.49,4,4,4,Champions
3487,Corporate,90,11,144667.9,4,4,4,Champions
7843,Corporate,90,10,144576.15,4,4,4,Champions
5690,Corporate,413,11,144568.44,1,4,4,At-Risk High-Value
3810,Premium,90,10,144544.58,4,4,4,Champions
6512,Corporate,90,9,144421.03,4,4,4,Champions
5167,Premium,90,13,144395.38,4,4,4,Champions
6238,Premium,419,9,144015.19,1,4,4,At-Risk High-Value
5608,Corporate,90,11,143508.51,4,4,4,Champions
8558,Corporate,373,7,143387.68,1,4,4,At-Risk High-Value
9811,Corporate,90,9,143327.32,4,4,4,Champions
8285,Corporate,90,8,143175.64,4,4,4,Champions
4722,Corporate,90,9,143031.46,4,4,4,Champions
1922,Premium,90,10,143014.14,4,4,4,Champions
6884,Corporate,90,8,142649.17,4,4,4,Champions
2240,Premium,90,11,142630.74,4,4,4,Champions
2198,Premium,100,10,142591.31,3,4,4,Loyal Customers
3273,Corporate,90,8,142509.84,4,4,4,Champions
830,Premium,223,10,142284.41,2,4,4,At-Risk High-Value
6735,Premium,361,12,142236.98,1,4,4,At-Risk High-Value
2492,Corporate,90,14,142167.87,4,4,4,Champions
9368,Premium,90,10,142156.11,4,4,4,Champions
1974,Corporate,90,12,142091.44,4,4,4,Champions
2016,Corporate,341,10,142060.84,1,4,4,At-Risk High-Value
3677,Premium,90,15,141909.32,4,4,4,Champions
9888,Premium,90,10,141763.26,4,4,4,Champions
2022,Corporate,254,10,141760.86,2,4,4,At-Risk High-Value
3653,Corporate,206,15,141630.15,2,4,4,At-Risk High-Value
9405,Corporate,90,10,141462.47,4,4,4,Champions
4669,Corporate,90,8,141398.15,4,4,4,Champions
8118,Corporate,90,9,141331.28,4,4,4,Champions
6586,Corporate,90,10,141324.77,4,4,4,Champions
9562,Corporate,396,9,141307.02,1,4,4,At-Risk High-Value
6989,Corporate,92,9,141235.89,3,4,4,Loyal Customers
4384,Corporate,90,12,141160.89,4,4,4,Champions
2167,Premium,238,10,140929.49,2,4,4,At-Risk High-Value
9305,Corporate,285,10,140841.88,1,4,4,At-Risk High-Value
3359,Premium,333,8,140649.16,1,4,4,At-Risk High-Value
1414,Corporate,90,12,140401.64,4,4,4,Champions
2536,Corporate,90,8,140387.32,4,4,4,Champions
2960,Corporate,312,12,140142.12,1,4,4,At-Risk High-Value
8771,Corporate,90,13,140064.02,4,4,4,Champions
7564,Corporate,90,9,140049.81,4,4,4,Champions
7303,Premium,90,11,139922.38,4,4,4,Champions
6302,Corporate,173,13,139845.26,2,4,4,At-Risk High-Value
7736,Corporate,157,9,139767.23,2,4,4,At-Risk High-Value
7578,Corporate,90,15,139608.03,4,4,4,Champions
803,Premium,209,6,139495.02,2,3,4,At-Risk High-Value
9105,Premium,188,14,139474.09,2,4,4,At-Risk High-Value
911,Corporate,90,11,139187.02,4,4,4,Champions
9565,Premium,90,12,139180.54,4,4,4,Champions
3451,Corporate,254,9,138955.38,2,4,4,At-Risk High-Value
8247,Corporate,354,8,138914.01,1,4,4,At-Risk High-Value
5020,Premium,90,10,138654.3,4,4,4,Champions
9717,Retail,90,9,138549.81,4,4,4,Champions
4126,Corporate,90,10,138526.94,4,4,4,Champions
1424,Premium,90,10,138269.11,4,4,4,Champions
6715,Premium,90,13,138169.18,4,4,4,Champions
9642,Premium,115,7,137930.87,3,4,4,Loyal Customers
4815,Corporate,90,12,137679.69,4,4,4,Champions
7922,Corporate,332,14,137477.71,1,4,4,At-Risk High-Value
9525,Corporate,125,9,137224.06,3,4,4,Loyal Customers
5108,Corporate,90,9,137182.46,4,4,4,Champions
4442,Corporate,163,10,137044.58,2,4,4,At-Risk High-Value
1137,Corporate,90,10,137036.79,4,4,4,Champions
4240,Corporate,127,6,137022.15,3,3,4,Loyal Customers
7886,Premium,90,7,136756.2,3,4,4,Loyal Customers
2681,Corporate,326,7,136612.9,1,4,4,At-Risk High-Value
565,Corporate,90,8,136553.15,4,4,4,Champions
5493,Corporate,433,12,136414.75,1,4,4,At-Risk High-Value
9510,Corporate,90,11,136249.55,4,4,4,Champions
3828,Corporate,99,9,136236.08,3,4,4,Loyal Customers
4780,Premium,318,11,136157.4,1,4,4,At-Risk High-Value
690,Premium,90,8,136072.04,4,4,4,Champions
3753,Premium,90,7,135828.44,3,3,4,Loyal Customers
8152,Premium,90,8,135534.86,4,4,4,Champions
4308,Corporate,90,9,135203.93,4,4,4,Champions
3109,Retail,90,8,134898.25,4,4,4,Champions
2592,Premium,90,8,134788.59,4,4,4,Champions
764,Corporate,90,8,134730.51,4,4,4,Champions
2051,Corporate,90,7,134584.51,3,3,4,Loyal Customers
9308,Corporate,206,10,134430.45,2,4,4,At-Risk High-Value
3457,Corporate,149,9,133918.71,2,4,4,At-Risk High-Value
5985,Premium,199,12,133815.15,2,4,4,At-Risk High-Value
6273,Corporate,90,7,133800.54,3,3,4,Loyal Customers
5678,Premium,223,10,133716.13,2,4,4,At-Risk High-Value
7787,Premium,90,10,133621.27,4,4,4,Champions
9132,Corporate,90,7,133548.23,3,3,4,Loyal Customers
7569,Corporate,90,7,133391.86,3,3,4,Loyal Customers
85,Corporate,90,8,133191.01,4,4,4,Champions
5613,Premium,90,10,132977.19,4,4,4,Champions
5338,Corporate,267,9,132908.86,2,4,4,At-Risk High-Value
5968,Corporate,90,12,132849.66,4,4,4,Champions
2825,Corporate,90,9,132825.92,4,4,4,Champions
5551,Corporate,90,12,132677.55,4,4,4,Champions
3454,Corporate,90,12,132376.49,4,4,4,Champions
5821,Corporate,90,9,132365.78,4,4,4,Champions
8579,Premium,90,11,132345.51,4,4,4,Champions
9301,Corporate,386,9,132150.1,1,4,4,At-Risk High-Value
6517,Corporate,406,12,131998.58,1,4,4,At-Risk High-Value
1982,Corporate,195,11,131877.22,2,4,4,At-Risk High-Value
6638,Premium,182,15,131873.78,2,4,4,At-Risk High-Value
6136,Corporate,184,12,131338.48,2,4,4,At-Risk High-Value
8278,Corporate,90,7,131251.37,3,3,4,Loyal Customers
6539,Premium,90,6,131187.67,3,3,4,Loyal Customers
8376,Premium,424,6,130995.74,1,3,4,At-Risk High-Value
2407,Corporate,288,14,130811.31,1,4,4,At-Risk High-Value
2911,Corporate,245,8,130758.36,2,4,4,At-Risk High-Value
9585,Premium,90,8,130573.62,4,4,4,Champions
3009,Premium,90,11,130265.17,4,4,4,Champions
356,Corporate,90,12,130218.87,4,4,4,Champions
9192,Premium,100,10,129985.6,3,4,4,Loyal Customers
2651,Premium,90,12,129783.32,4,4,4,Champions
8985,Corporate,201,7,129724.26,2,3,4,At-Risk High-Value
6400,Corporate,127,10,129506.63,3,4,4,Loyal Customers
2976,Premium,90,6,129481.62,3,3,4,Loyal Customers
1292,Corporate,90,7,129379.58,3,3,4,Loyal Customers
7681,Corporate,90,6,129215.92,3,3,4,Loyal Customers
6954,Corporate,90,8,129173.39,4,4,4,Champions
6757,Corporate,90,9,129107.82,4,4,4,Champions
8493,Premium,248,12,128654.08,2,4,4,At-Risk High-Value
4367,Premium,90,8,128598.5,4,4,4,Champions
754,Premium,90,8,128501.84,4,4,4,Champions
1248,Corporate,264,15,128415.13,2,4,4,At-Risk High-Value
4672,Corporate,90,11,127940.2,4,4,4,Champions
3779,Premium,90,5,127756.09,3,3,4,Loyal Customers
3045,Corporate,277,11,127571.94,2,4,4,At-Risk High-Value
2984,Corporate,90,7,127552.17,3,3,4,Loyal Customers
3801,Retail,90,11,127477.24,4,4,4,Champions
223,Retail,90,8,127457.43,4,4,4,Champions
1652,Corporate,216,11,127441.78,2,4,4,At-Risk High-Value
8364,Corporate,290,11,127402.25,1,4,4,At-Risk High-Value
749,Corporate,115,8,127237.81,3,4,4,Loyal Customers
5084,Corporate,90,11,127020.38,4,4,4,Champions
1044,Corporate,90,8,126946.77,4,4,4,Champions
6957,Premium,260,10,126937.14,2,4,4,At-Risk High-Value
3783,Corporate,267,11,126855.97,2,4,4,At-Risk High-Value
6003,Premium,90,5,126581.01,3,3,4,Loyal Customers
4211,Corporate,209,11,126575.32,2,4,4,At-Risk High-Value
2465,Corporate,90,11,126572.88,4,4,4,Champions
2196,Corporate,90,13,126510.26,4,4,4,Champions
6094,Retail,90,9,126438.61,4,4,4,Champions
4585,Premium,90,12,126380.06,4,4,4,Champions
8355,Premium,90,11,126279.69,4,4,4,Champions
1580,Corporate,246,8,126231.93,2,4,4,At-Risk High-Value
2080,Corporate,90,8,126219.93,4,4,4,Champions
1703,Corporate,247,10,126143.63,2,4,4,At-Risk High-Value
4667,Corporate,231,6,125970.31,2,3,4,At-Risk High-Value
6350,Corporate,90,7,125761.95,3,3,4,Loyal Customers
7855,Corporate,90,11,125745.16,4,4,4,Champions
1095,Corporate,152,12,125498.79,2,4,4,At-Risk High-Value
161,Corporate,90,10,125469.75,4,4,4,Champions
2783,Retail,90,7,125326.25,4,4,4,Champions
9745,Corporate,90,11,125193.07,4,4,4,Champions
2271,Premium,90,9,125143.38,4,4,4,Champions
1485,Corporate,90,12,124904.64,4,4,4,Champions
6134,Corporate,90,11,124887.36,4,4,4,Champions
4111,Corporate,484,11,124826.0,1,4,4,At-Risk High-Value
3620,Premium,473,14,124787.25,1,4,4,At-Risk High-Value
2919,Corporate,90,6,124503.48,3,3,4,Loyal Customers
1407,Corporate,159,10,124292.79,2,4,4,At-Risk High-Value
4015,Corporate,90,5,124149.33,3,3,4,Loyal Customers
9710,Retail,307,8,123855.13,1,4,4,At-Risk High-Value
4132,Premium,90,8,123830.62,4,4,4,Champions
4414,Corporate,90,10,123309.63,4,4,4,Champions
5875,Corporate,90,10,123236.82,4,4,4,Champions
8746,Premium,125,6,123125.2,3,3,4,Loyal Customers
3652,Corporate,113,6,123017.14,3,3,4,Loyal Customers
3008,Premium,90,9,123014.96,4,4,4,Champions
6015,Corporate,276,15,122968.73,2,4,4,At-Risk High-Value
6388,Premium,141,10,122943.83,3,4,4,Loyal Customers
114,Corporate,90,8,122899.33,4,4,4,Champions
6811,Corporate,129,14,122880.22,3,4,4,Loyal Customers
9835,Premium,204,11,122855.11,2,4,4,At-Risk High-Value
1313,Corporate,90,7,122558.82,4,4,4,Champions
2606,Corporate,90,8,122550.48,4,4,4,Champions
4445,Premium,90,11,122469.53,4,4,4,Champions
4022,Corporate,232,10,122447.48,2,4,4,At-Risk High-Value
7043,Corporate,90,8,122431.6,4,4,4,Champions
6299,Premium,272,9,122410.31,2,4,4,At-Risk High-Value
7852,Corporate,90,10,122394.06,4,4,4,Champions
9159,Premium,90,9,122372.28,4,4,4,Champions
1839,Corporate,367,10,122124.82,1,4,4,At-Risk High-Value
5300,Corporate,90,11,122104.11,4,4,4,Champions
3224,Corporate,90,8,121991.34,4,4,4,Champions
1893,Retail,90,7,121954.88,4,4,4,Champions
3431,Retail,90,11,121845.27,4,4,4,Champions
8021,Premium,195,14,121649.86,2,4,4,At-Risk High-Value
2230,Corporate,90,10,121569.83,4,4,4,Champions
2892,Premium,90,9,121429.95,4,4,4,Champions
4683,Corporate,90,8,121187.06,4,4,4,Champions
864,Premium,90,11,121146.52,4,4,4,Champions
6046,Premium,284,10,121116.07,2,4,4,At-Risk High-Value
4362,Retail,90,7,121010.96,4,4,4,Champions
1820,Corporate,113,9,120695.46,3,4,4,Loyal Customers
1029,Corporate,90,14,120557.12,4,4,4,Champions
9470,Corporate,90,7,120530.56,4,4,4,Champions
6165,Premium,118,11,120483.21,3,4,4,Loyal Customers
1955,Premium,90,11,120230.72,4,4,4,Champions
5480,Premium,102,12,120180.28,3,4,4,Loyal Customers
427,Corporate,90,7,120149.46,4,4,4,Champions
473,Corporate,90,7,120114.24,4,4,4,Champions
2576,Corporate,137,12,120048.13,3,4,4,Loyal Customers
9646,Corporate,253,10,119966.84,2,4,4,At-Risk High-Value
8554,Corporate,90,8,119573.95,4,4,4,Champions
2756,Premium,90,10,119461.96,4,4,4,Champions
1658,Corporate,90,11,119352.38,4,4,4,Champions
8757,Corporate,90,11,119317.46,4,4,4,Champions
3567,Premium,122,11,119279.13,3,4,4,Loyal Customers
1808,Corporate,90,11,119276.43,4,4,4,Champions
6930,Premium,90,13,119268.04,4,4,4,Champions
5916,Corporate,186,9,118952.0,2,4,4,At-Risk High-Value
9539,Corporate,90,8,118848.57,4,4,4,Champions
5401,Corporate,90,8,118844.41,4,4,4,Champions
4623,Corporate,90,8,118823.29,4,4,4,Champions
3999,Corporate,90,10,118822.23,4,4,4,Champions
9379,Premium,141,11,118820.68,2,4,4,At-Risk High-Value
711,Premium,134,9,118661.76,3,4,4,Loyal Customers
8701,Premium,90,6,118601.86,3,3,4,Loyal Customers
343,Premium,90,9,118491.76,4,4,4,Champions
5662,Premium,396,8,118215.8,1,4,4,At-Risk High-Value
8040,Corporate,90,9,118175.77,4,4,4,Champions
4176,Corporate,90,11,117993.64,4,4,4,Champions
2611,Premium,90,9,117884.92,4,4,4,Champions
1251,Premium,181,9,117843.06,2,4,4,At-Risk High-Value
2139,Premium,90,12,117565.03,4,4,4,Champions
2607,Premium,289,10,117535.71,1,4,4,At-Risk High-Value
9273,Premium,90,9,117390.06,4,4,4,Champions
1107,Corporate,161,10,117385.35,2,4,4,At-Risk High-Value
9833,Premium,131,8,117218.79,3,4,4,Loyal Customers
281,Corporate,415,6,117175.72,1,3,4,At-Risk High-Value
3724,Premium,90,7,116999.4,4,4,4,Champions
6650,Premium,90,8,116693.08,4,4,4,Champions
8447,Corporate,127,5,116627.96,3,2,4,New / Promising
1450,Premium,357,6,116474.38,1,3,4,At-Risk High-Value
7380,Retail,121,8,116427.18,3,4,4,Loyal Customers
9813,Premium,413,8,116413.48,1,4,4,At-Risk High-Value
2744,Premium,90,5,116397.7,3,2,4,New / Promising
851,Corporate,99,12,116282.77,3,4,4,Loyal Customers
3387,Corporate,90,8,116275.42,4,4,4,Champions
9208,Corporate,90,13,116223.66,4,4,4,Champions
8879,Premium,211,7,116212.58,2,4,4,At-Risk High-Value
8013,Corporate,470,10,116116.35,1,4,4,At-Risk High-Value
5957,Corporate,336,11,116062.31,1,4,4,At-Risk High-Value
1133,Premium,90,12,116045.12,4,4,4,Champions
2662,Corporate,90,11,116042.77,4,4,4,Champions
2678,Corporate,90,10,115942.51,4,4,4,Champions
331,Premium,90,10,115915.69,4,4,4,Champions
7974,Premium,139,12,115652.89,3,4,4,Loyal Customers
1255,Premium,90,10,115407.25,4,4,4,Champions
130,Corporate,90,10,115307.06,4,4,4,Champions
6028,Premium,90,9,115181.72,4,4,4,Champions
2068,Corporate,90,9,115141.1,4,4,4,Champions
7311,Premium,90,9,115003.51,4,4,4,Champions
891,Corporate,499,11,114944.89,1,4,4,At-Risk High-Value
3663,Corporate,90,7,114915.6,4,4,4,Champions
3405,Corporate,210,8,114884.68,2,4,4,At-Risk High-Value
1381,Premium,90,9,114755.15,4,4,4,Champions
8595,Premium,309,13,114618.62,1,4,4,At-Risk High-Value
5534,Premium,168,9,114605.02,2,4,4,At-Risk High-Value
6678,Corporate,186,9,114438.09,2,4,4,At-Risk High-Value
781,Corporate,153,7,114400.89,2,4,4,At-Risk High-Value
9367,Premium,176,11,114361.49,2,4,4,At-Risk High-Value
2632,Premium,193,8,114316.58,2,4,4,At-Risk High-Value
1288,Corporate,214,6,114281.83,2,3,4,At-Risk High-Value
5495,Premium,90,8,114170.4,4,4,4,Champions
9099,Corporate,351,8,114112.39,1,4,4,At-Risk High-Value
8531,Premium,90,10,113906.76,4,4,4,Champions
2528,Premium,90,10,113746.87,4,4,4,Champions
3905,Corporate,155,8,113726.89,2,4,4,At-Risk High-Value
4175,Premium,90,13,113342.63,4,4,4,Champions
3317,Premium,93,10,113315.31,3,4,4,Loyal Customers
5227,Premium,343,11,113274.37,1,4,4,At-Risk High-Value
5546,Premium,90,8,113208.99,4,4,4,Champions
5779,Premium,90,8,113158.18,4,4,4,Champions
7122,Premium,234,7,113075.69,2,4,4,At-Risk High-Value
7516,Premium,90,9,113067.73,4,4,4,Champions
9657,Corporate,90,7,112812.36,4,4,4,Champions
7412,Premium,197,11,112729.74,2,4,4,At-Risk High-Value
3337,Premium,90,9,112674.73,4,4,4,Champions
5225,Premium,142,5,112520.83,2,2,4,At-Risk High-Value
4920,Premium,232,6,112447.34,2,3,4,At-Risk High-Value
6085,Retail,90,10,112438.46,4,4,4,Champions
1378,Premium,90,10,112408.47,4,4,4,Champions
8633,Corporate,90,10,112351.59,4,4,4,Champions
6150,Retail,90,5,112307.61,3,2,4,New / Promising
3192,Premium,90,8,112278.08,4,4,4,Champions
1505,Premium,90,8,112272.99,4,4,4,Champions
8672,Corporate,512,7,112255.43,1,4,4,At-Risk High-Value
4221,Corporate,177,9,112151.83,2,4,4,At-Risk High-Value
4864,Corporate,90,10,112075.2,4,4,4,Champions
3820,Premium,90,9,111998.27,4,4,4,Champions
3186,Corporate,90,10,111947.56,4,4,4,Champions
5191,Corporate,90,8,111771.75,4,4,4,Champions
4493,Premium,181,11,111722.44,2,4,4,At-Risk High-Value
6572,Corporate,90,5,111718.65,3,2,4,New / Promising
8726,Corporate,90,8,111710.81,4,4,4,Champions
1914,Premium,90,7,111360.54,4,4,4,Champions
5066,Corporate,158,9,111308.26,2,4,4,At-Risk High-Value
2686,Premium,254,8,111302.73,2,4,4,At-Risk High-Value
6685,Premium,90,9,111186.28,4,4,4,Champions
1885,Corporate,270,6,111181.67,2,3,4,At-Risk High-Value
423,Premium,90,10,111126.25,4,4,4,Champions
2627,Corporate,90,10,110840.67,4,4,4,Champions
5350,Premium,90,12,110619.39,4,4,4,Champions
4056,Corporate,369,9,110465.35,1,4,4,At-Risk High-Value
8147,Corporate,90,10,110458.8,4,4,4,Champions
5146,Corporate,90,7,110138.59,4,4,4,Champions
5160,Premium,90,9,110085.76,4,4,4,Champions
5588,Corporate,90,7,110084.6,4,4,4,Champions
9983,Corporate,353,6,109920.92,1,3,4,At-Risk High-Value
3113,Corporate,469,6,109845.25,1,3,4,At-Risk High-Value
9140,Premium,90,6,109743.14,3,3,4,Loyal Customers
4264,Premium,169,6,109631.35,2,3,4,At-Risk High-Value
2005,Premium,166,8,109591.51,2,4,4,At-Risk High-Value
7288,Premium,436,10,109442.94,1,4,4,At-Risk High-Value
5342,Corporate,159,11,109405.89,2,4,4,At-Risk High-Value
365,Premium,313,8,109398.49,1,4,4,At-Risk High-Value
739,Premium,138,9,109385.87,3,4,4,Loyal Customers
8045,Corporate,343,11,109238.06,1,4,4,At-Risk High-Value
4840,Corporate,90,7,109066.67,4,4,4,Champions
4492,Corporate,479,12,109040.39,1,4,4,At-Risk High-Value
9358,Corporate,116,9,108869.44,3,4,4,Loyal Customers
5032,Premium,90,12,108839.43,4,4,4,Champions
877,Retail,90,4,108761.02,4,2,4,New / Promising
3714,Premium,344,9,108721.98,1,4,4,At-Risk High-Value
8276,Corporate,90,6,108712.1,3,3,4,Loyal Customers
2345,Retail,90,5,108612.48,3,2,4,New / Promising
9366,Premium,90,14,108602.08,4,4,4,Champions
7918,Premium,536,12,108494.62,1,4,4,At-Risk High-Value
75,Corporate,185,8,108281.78,2,4,4,At-Risk High-Value
2286,Premium,90,10,108274.8,4,4,4,Champions
5907,Retail,90,9,108253.62,4,4,4,Champions
3768,Corporate,90,10,108217.11,4,4,4,Champions
7058,Premium,90,10,107900.94,4,4,4,Champions
8431,Corporate,339,9,107887.77,1,4,4,At-Risk High-Value
9979,Premium,90,12,107656.55,4,4,4,Champions
2612,Premium,90,7,107607.64,4,4,4,Champions
5474,Premium,114,10,107503.34,3,4,4,Loyal Customers
736,Corporate,90,7,107489.48,4,4,4,Champions
232,Premium,90,8,107422.59,4,4,4,Champions
8324,Corporate,90,9,107359.34,4,4,4,Champions
8180,Corporate,280,9,107339.11,2,4,4,At-Risk High-Value
3690,Premium,90,8,107300.01,4,4,4,Champions
5236,Retail,90,7,107056.19,4,4,4,Champions
509,Premium,90,10,107020.41,4,4,4,Champions
3233,Corporate,90,8,106996.02,4,4,4,Champions
8896,Premium,90,9,106986.74,4,4,4,Champions
7735,Premium,90,13,106965.13,4,4,4,Champions
3485,Premium,90,10,106949.08,4,4,4,Champions
9695,Premium,121,7,106735.89,3,4,4,Loyal Customers
8935,Premium,204,10,106382.95,2,4,4,At-Risk High-Value
3002,Premium,90,8,106370.93,4,4,4,Champions
6349,Retail,220,6,106369.79,2,3,4,At-Risk High-Value
9668,Premium,90,11,106231.14,4,4,4,Champions
5330,Premium,90,10,106192.58,4,4,4,Champions
9504,Premium,90,7,106120.45,4,4,4,Champions
2680,Corporate,90,5,106089.31,3,2,4,New / Promising
5392,Corporate,299,8,105913.22,1,4,4,At-Risk High-Value
3502,Premium,90,6,105819.52,3,3,4,Loyal Customers
5810,Corporate,90,7,105741.41,4,4,4,Champions
6913,Corporate,90,10,105721.4,4,4,4,Champions
6524,Retail,90,8,105708.88,4,4,4,Champions
429,Corporate,230,14,105591.35,2,4,4,At-Risk High-Value
7808,Corporate,90,7,105587.05,4,4,4,Champions
7809,Corporate,345,7,105342.92,1,4,4,At-Risk High-Value
9594,Premium,433,7,105252.89,1,4,4,At-Risk High-Value
5152,Premium,90,10,105225.06,4,4,4,Champions
65,Corporate,93,7,105212.51,3,4,4,Loyal Customers
2667,Premium,90,12,105148.93,4,4,4,Champions
2605,Premium,162,8,105094.03,2,4,4,At-Risk High-Value
9877,Corporate,90,10,105065.74,4,4,4,Champions
1177,Premium,422,10,105039.7,1,4,4,At-Risk High-Value
2081,Premium,150,7,104895.7,2,4,4,At-Risk High-Value
9028,Premium,423,8,104892.73,1,4,4,At-Risk High-Value
9048,Corporate,90,9,104891.38,4,4,4,Champions
5883,Premium,90,6,104789.1,3,3,4,Loyal Customers
7959,Corporate,90,9,104683.2,4,4,4,Champions
6906,Premium,226,9,104674.22,2,4,4,At-Risk High-Value
8611,Premium,176,10,104646.3,2,4,4,At-Risk High-Value
9045,Premium,90,10,104547.99,4,4,4,Champions
6601,Premium,336,9,104532.51,1,4,4,At-Risk High-Value
9919,Premium,193,9,104432.26,2,4,4,At-Risk High-Value
3235,Premium,90,10,104420.65,4,4,4,Champions
1716,Premium,90,6,104410.59,3,3,4,Loyal Customers
4847,Premium,90,8,104335.33,4,4,4,Champions
1712,Premium,90,10,104315.14,4,4,4,Champions
1103,Premium,90,9,104124.28,4,4,4,Champions
3171,Corporate,90,7,104077.16,4,4,4,Champions
7413,Premium,103,4,103945.99,3,2,4,New / Promising
4703,Corporate,153,6,103812.3,2,3,4,At-Risk High-Value
5228,Retail,172,4,103680.79,2,2,4,At-Risk High-Value
5544,Premium,90,8,103668.49,4,4,4,Champions
2852,Premium,219,8,103535.87,2,4,4,At-Risk High-Value
788,Premium,90,8,103292.53,4,4,4,Champions
9974,Premium,90,6,103205.22,3,3,4,Loyal Customers
2318,Corporate,248,5,103165.16,2,2,4,At-Risk High-Value
1076,Retail,283,5,103160.49,2,2,4,At-Risk High-Value
5314,Corporate,327,6,103117.82,1,3,4,At-Risk High-Value
4037,Premium,130,6,103117.65,3,3,4,Loyal Customers
8651,Premium,90,10,102888.55,4,4,4,Champions
2246,Corporate,179,11,102810.35,2,4,4,At-Risk High-Value
2370,Corporate,165,13,102748.85,2,4,4,At-Risk High-Value
5862,Premium,215,10,102653.87,2,4,4,At-Risk High-Value
5620,Premium,466,13,102595.62,1,4,4,At-Risk High-Value
9527,Corporate,90,6,102526.03,3,3,4,Loyal Customers
6692,Premium,90,10,102480.83,4,4,4,Champions
3065,Corporate,90,7,102407.19,4,4,4,Champions
390,Corporate,311,6,102314.68,1,3,4,At-Risk High-Value
3604,Corporate,90,13,102297.56,4,4,4,Champions
5173,Premium,90,10,102261.74,4,4,4,Champions
5319,Corporate,90,8,102254.92,4,4,4,Champions
4650,Retail,181,9,102232.4,2,4,4,At-Risk High-Value
7068,Corporate,348,8,102212.47,1,4,4,At-Risk High-Value
439,Corporate,385,8,102084.1,1,4,4,At-Risk High-Value
4261,Corporate,90,9,102059.57,4,4,4,Champions
7592,Premium,90,11,101938.35,4,4,4,Champions
5609,Corporate,113,7,101929.67,3,4,4,Loyal Customers
5114,Premium,146,10,101820.33,2,4,4,At-Risk High-Value
84,Retail,90,11,101776.04,4,4,4,Champions
931,Corporate,90,8,101771.04,4,4,4,Champions
9044,Premium,252,9,101747.75,2,4,4,At-Risk High-Value
1793,Premium,136,7,101726.53,3,4,4,Loyal Customers
4234,Premium,254,10,101677.08,2,4,4,At-Risk High-Value
7344,Premium,90,8,101636.13,4,4,4,Champions
8668,Corporate,90,9,101610.32,4,4,4,Champions
7168,Corporate,90,11,101608.12,4,4,4,Champions
7257,Premium,90,6,101580.15,3,3,4,Loyal Customers
4629,Corporate,90,10,101444.62,4,4,4,Champions
453,Premium,333,11,101400.76,1,4,4,At-Risk High-Value
8657,Corporate,177,9,101269.38,2,4,4,At-Risk High-Value
6568,Premium,471,11,101070.38,1,4,4,At-Risk High-Value
5990,Premium,95,7,100920.26,3,4,4,Loyal Customers
3563,Premium,369,12,100645.39,1,4,4,At-Risk High-Value
9276,Premium,90,8,100562.94,4,4,4,Champions
352,Premium,241,7,100535.43,2,4,4,At-Risk High-Value
5361,Premium,143,9,100495.87,2,4,4,At-Risk High-Value
9067,Corporate,131,11,100457.86,3,4,4,Loyal Customers
7740,Premium,121,8,100373.85,3,4,4,Loyal Customers
7101,Retail,90,11,100322.4,4,4,4,Champions
3988,Corporate,183,9,100294.64,2,4,4,At-Risk High-Value
9497,Corporate,101,11,100252.33,3,4,4,Loyal Customers
9256,Corporate,280,7,100251.78,2,4,4,At-Risk High-Value
4935,Premium,145,10,100156.76,2,4,4,At-Risk High-Value
9693,Premium,288,9,100108.8,1,4,4,At-Risk High-Value
7158,Premium,90,9,100081.36,4,4,4,Champions
6766,Retail,98,14,100050.4,3,4,4,Loyal Customers
516,Corporate,202,6,99899.36,2,3,4,At-Risk High-Value
5215,Premium,90,10,99826.13,4,4,4,Champions
3896,Retail,90,6,99818.3,3,3,4,Loyal Customers
3070,Corporate,220,11,99774.72,2,4,4,At-Risk High-Value
2899,Corporate,167,10,99678.09,2,4,4,At-Risk High-Value
5745,Premium,227,9,99662.09,2,4,4,At-Risk High-Value
5933,Premium,114,7,99581.54,3,4,4,Loyal Customers
7085,Premium,135,9,99525.82,3,4,4,Loyal Customers
8009,Premium,188,12,99448.15,2,4,4,At-Risk High-Value
7997,Premium,90,9,99405.38,4,4,4,Champions
1389,Corporate,144,9,99343.44,2,4,4,At-Risk High-Value
5456,Premium,479,11,99341.48,1,4,4,At-Risk High-Value
7623,Premium,90,10,99322.71,4,4,4,Champions
8955,Corporate,90,9,99213.76,4,4,4,Champions
5027,Corporate,95,9,99146.05,3,4,4,Loyal Customers
7320,Premium,359,7,99146.04,1,4,4,At-Risk High-Value
6172,Premium,391,6,99120.2,1,3,4,At-Risk High-Value
1736,Corporate,90,10,99075.14,4,4,4,Champions
2126,Corporate,285,9,99032.7,1,4,4,At-Risk High-Value
4119,Retail,90,6,99023.53,3,3,4,Loyal Customers
4673,Corporate,472,8,98852.17,1,4,4,At-Risk High-Value
2146,Premium,90,7,98808.25,4,4,4,Champions
2908,Premium,90,6,98793.17,3,3,4,Loyal Customers
5324,Retail,90,14,98756.27,4,4,4,Champions
1687,Corporate,90,9,98713.16,4,4,4,Champions
1843,Premium,90,8,98656.85,4,4,4,Champions
4251,Retail,90,8,98554.29,4,4,4,Champions
8870,Premium,90,10,98551.31,4,4,4,Champions
9787,Premium,324,8,98457.86,1,4,4,At-Risk High-Value
9047,Corporate,90,10,98425.98,4,4,4,Champions
3439,Corporate,123,10,98391.93,3,4,4,Loyal Customers
1353,Premium,95,6,98068.92,3,3,4,Loyal Customers
351,Premium,97,10,98038.19,3,4,4,Loyal Customers
8542,Corporate,90,6,98027.21,3,3,4,Loyal Customers
6395,Premium,90,9,97962.84,4,4,4,Champions
1851,Corporate,298,11,97947.65,1,4,4,At-Risk High-Value
6071,Corporate,183,10,97944.8,2,4,4,At-Risk High-Value
5563,Premium,90,10,97825.89,4,4,4,Champions
5644,Corporate,90,8,97784.07,4,4,4,Champions
5840,Premium,181,8,97778.4,2,4,4,At-Risk High-Value
3668,Retail,228,6,97650.26,2,3,4,At-Risk High-Value
4622,Premium,90,9,97578.18,4,4,4,Champions
3441,Premium,90,6,97532.94,3,3,4,Loyal Customers
3052,Premium,278,8,97515.11,2,4,4,At-Risk High-Value
7904,Corporate,90,9,97506.82,4,4,4,Champions
208,Corporate,90,9,97505.38,4,4,4,Champions
6245,Premium,90,8,97404.08,4,4,4,Champions
3123,Premium,90,9,97389.4,4,4,4,Champions
8836,Premium,478,8,97308.5,1,4,4,At-Risk High-Value
7113,Premium,90,6,97159.75,3,3,4,Loyal Customers
5436,Corporate,90,7,96991.2,4,4,4,Champions
3242,Corporate,164,9,96989.51,2,4,4,At-Risk High-Value
7964,Premium,90,10,96949.37,4,4,4,Champions
8983,Premium,90,8,96946.03,4,4,4,Champions
5663,Corporate,90,6,96933.73,3,3,4,Loyal Customers
5854,Premium,90,11,96852.35,4,4,4,Champions
8516,Premium,95,7,96738.22,3,4,4,Loyal Customers
4206,Premium,90,6,96732.58,3,3,4,Loyal Customers
9086,Retail,90,8,96668.52,4,4,4,Champions
1682,Premium,202,9,96628.86,2,4,4,At-Risk High-Value
4948,Retail,90,10,96620.44,4,4,4,Champions
1635,Premium,92,10,96601.14,3,4,4,Loyal Customers
1754,Premium,236,10,96580.16,2,4,4,At-Risk High-Value
8971,Premium,90,11,96579.58,4,4,4,Champions
2469,Premium,156,9,96371.18,2,4,4,At-Risk High-Value
2588,Corporate,390,9,96365.61,1,4,4,At-Risk High-Value
1246,Retail,90,5,96231.67,3,2,4,New / Promising
4162,Premium,90,14,96183.97,4,4,4,Champions
497,Corporate,90,9,96159.67,4,4,4,Champions
2183,Retail,90,7,96113.48,4,4,4,Champions
6168,Premium,90,8,95964.87,4,4,4,Champions
1200,Corporate,90,11,95918.49,4,4,4,Champions
8125,Corporate,120,9,95690.59,3,4,4,Loyal Customers
5512,Premium,192,11,95644.35,2,4,4,At-Risk High-Value
3910,Retail,152,3,95579.49,2,2,4,At-Risk High-Value
547,Corporate,90,11,95527.59,4,4,4,Champions
5260,Premium,369,11,95457.75,1,4,4,At-Risk High-Value
4934,Retail,90,10,95432.01,4,4,4,Champions
9076,Retail,90,11,95345.91,4,4,4,Champions
8953,Premium,385,9,95326.19,1,4,4,At-Risk High-Value
2,Retail,90,7,95297.33,4,4,4,Champions
2362,Premium,90,10,95248.49,4,4,4,Champions
9592,Corporate,294,8,95201.58,1,4,4,At-Risk High-Value
6996,Premium,90,6,95082.65,3,3,4,Loyal Customers
193,Retail,90,4,95030.9,3,2,4,New / Promising
8816,Corporate,90,7,94994.07,4,4,4,Champions
5370,Corporate,90,5,94923.96,3,2,4,New / Promising
1993,Premium,264,7,94843.35,2,4,4,At-Risk High-Value
4542,Corporate,90,6,94841.28,3,3,4,Loyal Customers
8338,Premium,90,8,94824.48,4,4,4,Champions
1915,Premium,384,11,94810.94,1,4,4,At-Risk High-Value
6030,Corporate,134,7,94735.97,3,4,4,Loyal Customers
8555,Corporate,90,8,94728.93,4,4,4,Champions
9891,Corporate,90,7,94713.16,4,4,4,Champions
6803,Premium,90,10,94693.0,4,4,4,Champions
1699,Premium,344,10,94680.74,1,4,4,At-Risk High-Value
6919,Corporate,299,10,94660.73,1,4,4,At-Risk High-Value
9023,Premium,90,10,94494.7,4,4,4,Champions
6641,Premium,337,5,94483.04,1,2,4,At-Risk High-Value
3621,Corporate,90,6,94424.99,3,3,4,Loyal Customers
6058,Retail,90,7,94254.13,4,4,4,Champions
4454,Retail,90,7,94226.47,4,4,4,Champions
5699,Premium,90,9,94153.8,4,4,4,Champions
8979,Corporate,208,6,94138.3,2,3,4,At-Risk High-Value
5029,Premium,140,7,94098.93,3,4,4,Loyal Customers
7764,Premium,90,7,93961.41,4,4,4,Champions
1551,Premium,154,12,93927.87,2,4,4,At-Risk High-Value
5998,Premium,90,6,93864.47,3,3,4,Loyal Customers
6024,Premium,90,8,93831.03,4,4,4,Champions
4932,Retail,90,9,93752.4,4,4,4,Champions
2174,Retail,90,4,93671.56,3,2,4,New / Promising
3053,Premium,90,6,93627.7,3,3,4,Loyal Customers
6604,Corporate,145,6,93587.31,2,3,4,At-Risk High-Value
6750,Premium,144,9,93515.08,2,4,4,At-Risk High-Value
1400,Premium,90,6,93496.5,3,3,4,Loyal Customers
9607,Retail,93,10,93456.87,3,4,4,Loyal Customers
8182,Corporate,508,8,93450.57,1,4,4,At-Risk High-Value
2258,Premium,90,10,93325.36,4,4,4,Champions
7602,Premium,90,9,93278.38,4,4,4,Champions
4496,Retail,90,8,93218.89,4,4,4,Champions
168,Premium,206,7,93152.61,2,4,4,At-Risk High-Value
5799,Corporate,90,9,93150.07,4,4,4,Champions
196,Corporate,413,8,93117.55,1,4,4,At-Risk High-Value
5024,Corporate,90,9,93107.7,4,4,4,Champions
9512,Corporate,182,7,93086.67,2,4,4,At-Risk High-Value
3492,Corporate,168,8,93044.66,2,4,4,At-Risk High-Value
7086,Premium,90,4,93041.12,3,2,4,New / Promising
7782,Premium,294,11,93017.84,1,4,4,At-Risk High-Value
4730,Corporate,124,6,92999.29,3,3,4,Loyal Customers
917,Premium,90,9,92931.48,4,4,4,Champions
4106,Premium,196,9,92793.52,2,4,4,At-Risk High-Value
5252,Corporate,90,12,92754.83,4,4,4,Champions
4218,Corporate,90,8,92722.22,4,4,4,Champions
2455,Corporate,90,10,92634.09,4,4,4,Champions
5277,Premium,374,10,92585.82,1,4,4,At-Risk High-Value
3509,Corporate,494,10,92532.27,1,4,4,At-Risk High-Value
9616,Retail,90,4,92520.98,3,2,4,New / Promising
579,Premium,90,9,92517.45,4,4,4,Champions
3864,Retail,90,8,92506.06,4,4,4,Champions
9464,Retail,90,8,92467.93,4,4,4,Champions
1671,Retail,90,12,92462.68,4,4,4,Champions
7987,Premium,90,7,92459.19,4,4,4,Champions
1564,Corporate,114,7,92427.43,3,4,4,Loyal Customers
4489,Corporate,90,7,92397.32,4,4,4,Champions
14,Premium,90,7,92344.54,4,4,4,Champions
5527,Corporate,90,5,92334.83,3,2,4,New / Promising
3882,Corporate,90,5,92322.35,3,3,4,Loyal Customers
2728,Retail,217,9,92258.5,2,4,4,At-Risk High-Value
6916,Premium,90,11,92250.08,4,4,4,Champions
2620,Premium,90,11,92189.94,4,4,4,Champions
4478,Premium,90,7,92144.11,4,4,4,Champions
4773,Premium,193,9,92107.88,2,4,4,At-Risk High-Value
1481,Premium,327,9,91957.6,1,4,4,At-Risk High-Value
7013,Premium,90,5,91910.07,3,3,4,Loyal Customers
8480,Corporate,103,7,91884.75,3,4,4,Loyal Customers
8658,Retail,175,9,91802.79,2,4,4,At-Risk High-Value
5595,Premium,90,7,91795.46,4,4,4,Champions
1559,Premium,90,9,91706.25,4,4,4,Champions
7183,Corporate,294,9,91705.25,1,4,4,At-Risk High-Value
4877,Premium,258,5,91689.95,2,3,4,At-Risk High-Value
6580,Retail,90,8,91636.13,4,4,4,Champions
8627,Premium,168,8,91627.7,2,4,4,At-Risk High-Value
9880,Premium,107,7,91557.09,3,4,4,Loyal Customers
1521,Corporate,90,7,91556.38,4,4,4,Champions
4277,Premium,467,10,91536.92,1,4,4,At-Risk High-Value
6252,Premium,374,10,91473.49,1,4,4,At-Risk High-Value
2123,Corporate,90,7,91332.47,4,4,4,Champions
5675,Corporate,287,6,91298.94,1,3,4,At-Risk High-Value
3228,Retail,90,5,91285.85,3,3,4,Loyal Customers
9756,Premium,223,8,91284.87,2,4,4,At-Risk High-Value
9985,Premium,204,8,91264.9,2,4,4,At-Risk High-Value
5305,Premium,394,4,91253.43,1,2,4,At-Risk High-Value
7745,Premium,178,5,91207.86,2,3,4,At-Risk High-Value
1946,Premium,119,13,91179.05,3,4,4,Loyal Customers
3831,Retail,90,6,91134.68,3,3,4,Loyal Customers
7536,Corporate,90,9,91124.57,4,4,4,Champions
6760,Retail,114,7,91123.79,3,4,4,Loyal Customers
105,Premium,90,6,91063.28,3,3,4,Loyal Customers
8454,Retail,254,8,90874.07,2,4,4,At-Risk High-Value
3593,Premium,90,9,90806.17,4,4,4,Champions
4343,Premium,90,7,90776.5,4,4,4,Champions
3210,Corporate,192,7,90775.91,2,4,4,At-Risk High-Value
7125,Corporate,90,10,90704.94,4,4,4,Champions
898,Premium,220,10,90693.29,2,4,4,At-Risk High-Value
7414,Corporate,90,8,90583.44,4,4,4,Champions
8413,Premium,90,6,90511.47,3,3,4,Loyal Customers
3944,Premium,90,9,90467.62,4,4,4,Champions
8823,Retail,90,3,90421.95,4,1,4,New / Promising
9164,Premium,90,9,90357.36,4,4,4,Champions
2541,Corporate,332,14,90319.19,1,4,4,At-Risk High-Value
7017,Corporate,281,8,90259.69,2,4,4,At-Risk High-Value
3489,Premium,117,10,90206.98,3,4,4,Loyal Customers
5400,Premium,90,6,90176.92,3,3,4,Loyal Customers
1805,Premium,486,9,90095.3,1,4,4,At-Risk High-Value
9967,Premium,90,7,90090.97,4,4,4,Champions
4599,Premium,90,7,90068.4,4,4,4,Champions
7036,Premium,258,9,90025.99,2,4,4,At-Risk High-Value
4209,Retail,148,5,89956.66,2,3,4,At-Risk High-Value
4728,Retail,90,8,89849.58,4,4,4,Champions
8965,Premium,90,8,89829.82,4,4,4,Champions
3927,Premium,143,6,89822.86,2,3,4,At-Risk High-Value
7355,Retail,90,8,89811.15,4,4,4,Champions
7406,Premium,90,7,89799.46,4,4,4,Champions
6915,Corporate,128,8,89692.65,3,4,4,Loyal Customers
4964,Corporate,298,6,89653.81,1,3,4,At-Risk High-Value
6804,Premium,90,10,89652.97,4,4,4,Champions
6717,Retail,101,11,89628.18,3,4,4,Loyal Customers
3422,Premium,90,8,89599.69,4,4,4,Champions
347,Premium,90,8,89599.01,4,4,4,Champions
6562,Retail,193,4,89590.62,2,2,4,At-Risk High-Value
6324,Premium,90,12,89504.86,4,4,4,Champions
3826,Premium,90,10,89452.9,4,4,4,Champions
8002,Premium,122,7,89451.82,3,4,4,Loyal Customers
9740,Premium,90,11,89414.24,4,4,4,Champions
4535,Premium,506,13,89374.62,1,4,4,At-Risk High-Value
4481,Corporate,154,7,89339.97,2,4,4,At-Risk High-Value
8136,Corporate,90,8,89332.73,4,4,4,Champions
8632,Premium,90,11,89312.6,4,4,4,Champions
8121,Retail,310,10,89160.38,1,4,4,At-Risk High-Value
8613,Retail,231,5,88991.42,2,3,4,At-Risk High-Value
7078,Corporate,161,11,88980.23,2,4,4,At-Risk High-Value
9618,Premium,333,12,88979.97,1,4,4,At-Risk High-Value
6329,Premium,318,13,88950.99,1,4,4,At-Risk High-Value
3558,Premium,111,6,88918.4,3,3,4,Loyal Customers
3292,Corporate,90,7,88897.54,4,4,4,Champions
7788,Premium,187,3,88880.82,2,1,4,At-Risk High-Value
297,Corporate,113,6,88826.34,3,3,4,Loyal Customers
9591,Corporate,171,7,88800.88,2,4,4,At-Risk High-Value
1790,Premium,185,6,88765.05,2,3,4,At-Risk High-Value
9053,Corporate,153,10,88750.32,2,4,4,At-Risk High-Value
838,Retail,142,7,88585.83,2,4,4,At-Risk High-Value
116,Corporate,90,6,88584.77,3,3,4,Loyal Customers
9682,Premium,93,5,88506.2,3,3,4,Loyal Customers
5274,Retail,92,12,88491.53,3,4,4,Loyal Customers
3401,Retail,90,5,88449.71,4,3,4,Champions
6000,Premium,535,12,88358.12,1,4,4,At-Risk High-Value
395,Retail,90,7,88350.35,4,4,4,Champions
7378,Premium,214,5,88294.82,2,3,4,At-Risk High-Value
8792,Premium,303,7,88217.77,1,4,4,At-Risk High-Value
5592,Premium,231,11,88165.1,2,4,4,At-Risk High-Value
5008,Corporate,90,5,88155.26,4,3,4,Champions
8304,Premium,90,6,88122.54,3,3,4,Loyal Customers
4888,Premium,90,7,88092.93,4,4,4,Champions
2771,Retail,90,9,87999.37,4,4,4,Champions
1352,Premium,90,9,87996.15,4,4,4,Champions
9207,Premium,90,14,87987.63,4,4,4,Champions
8862,Premium,142,6,87911.66,2,3,4,At-Risk High-Value
981,Retail,90,10,87829.9,4,4,4,Champions
4333,Retail,90,4,87807.25,3,2,4,New / Promising
4467,Retail,96,3,87786.38,3,1,4,New / Promising
2622,Premium,90,12,87713.54,4,4,4,Champions
2364,Premium,309,10,87701.53,1,4,4,At-Risk High-Value
9335,Retail,90,5,87650.57,4,3,4,Champions
6819,Retail,90,11,87631.8,4,4,4,Champions
2350,Retail,270,7,87593.62,2,4,4,At-Risk High-Value
6086,Corporate,90,5,87590.81,4,3,4,Champions
2762,Corporate,90,9,87515.46,4,4,4,Champions
8821,Corporate,90,10,87419.52,4,4,4,Champions
8933,Retail,90,9,87305.81,4,4,4,Champions
9014,Corporate,150,9,87255.99,2,4,4,At-Risk High-Value
3116,Corporate,337,9,87228.45,1,4,4,At-Risk High-Value
1769,Premium,283,6,87178.92,2,3,4,At-Risk High-Value
6161,Retail,152,6,87138.92,2,3,4,At-Risk High-Value
4678,Premium,90,8,87088.83,4,4,4,Champions
7456,Premium,455,11,87084.69,1,4,4,At-Risk High-Value
4476,Corporate,160,7,87051.72,2,4,4,At-Risk High-Value
6417,Premium,184,9,87033.22,2,4,4,At-Risk High-Value
7461,Premium,90,9,87027.89,4,4,4,Champions
6924,Premium,90,8,86958.37,4,4,4,Champions
5898,Premium,90,9,86953.38,4,4,4,Champions
2149,Premium,90,7,86946.54,4,4,4,Champions
3991,Premium,90,11,86818.5,4,4,4,Champions
7170,Retail,90,8,86806.04,4,4,4,Champions
485,Premium,90,11,86796.31,4,4,4,Champions
9283,Premium,275,5,86781.42,2,3,4,At-Risk High-Value
3377,Premium,331,5,86780.38,1,3,4,At-Risk High-Value
5633,Corporate,90,9,86777.37,4,4,4,Champions
40,Premium,90,9,86729.07,4,4,4,Champions
750,Corporate,291,7,86698.02,1,4,4,At-Risk High-Value
6661,Premium,112,10,86689.96,3,4,4,Loyal Customers
3464,Premium,314,11,86649.21,1,4,4,At-Risk High-Value
2517,Premium,90,8,86632.02,4,4,4,Champions
447,Premium,98,15,86615.9,3,4,4,Loyal Customers
3362,Premium,93,8,86505.15,3,4,4,Loyal Customers
2446,Retail,90,9,86487.64,4,4,4,Champions
5598,Retail,90,9,86482.36,4,4,4,Champions
4887,Premium,90,8,86442.43,4,4,4,Champions
7862,Premium,251,7,86427.17,2,4,4,At-Risk High-Value
6541,Premium,90,8,86333.75,4,4,4,Champions
5787,Premium,90,10,86268.07,4,4,4,Champions
7232,Corporate,90,5,86254.62,4,3,4,Champions
4146,Premium,441,7,86236.09,1,4,4,At-Risk High-Value
6434,Premium,328,6,86235.25,1,3,4,At-Risk High-Value
4620,Premium,90,7,86233.27,4,4,4,Champions
2829,Premium,90,5,86211.32,4,3,4,Champions
4263,Premium,119,10,86204.68,3,4,4,Loyal Customers
2819,Corporate,264,11,86196.92,2,4,4,At-Risk High-Value
2002,Premium,431,8,86167.18,1,4,4,At-Risk High-Value
1343,Premium,302,7,86124.21,1,4,4,At-Risk High-Value
4020,Premium,235,7,86038.78,2,4,4,At-Risk High-Value
4426,Premium,90,11,86012.07,4,4,4,Champions
5553,Corporate,242,9,86000.04,2,4,4,At-Risk High-Value
6558,Corporate,90,6,85990.92,3,3,4,Loyal Customers
628,Premium,321,10,85990.52,1,4,4,At-Risk High-Value
5581,Premium,246,9,85932.53,2,4,4,At-Risk High-Value
9750,Premium,90,7,85915.31,4,4,4,Champions
2399,Corporate,457,8,85910.55,1,4,4,At-Risk High-Value
7081,Premium,301,5,85904.19,1,3,4,At-Risk High-Value
3259,Premium,213,10,85850.84,2,4,4,At-Risk High-Value
5061,Premium,90,7,85809.4,4,4,4,Champions
4301,Premium,373,9,85794.13,1,4,4,At-Risk High-Value
3028,Premium,90,5,85767.79,4,3,4,Champions
5648,Premium,90,6,85717.98,3,3,4,Loyal Customers
8463,Retail,221,2,85681.79,2,1,4,At-Risk High-Value
3345,Premium,90,8,85651.58,4,4,4,Champions
9872,Corporate,213,10,85576.45,2,4,4,At-Risk High-Value
611,Retail,90,15,85449.26,4,4,4,Champions
6598,Retail,90,11,85379.88,4,4,4,Champions
6393,Premium,398,13,85371.28,1,4,4,At-Risk High-Value
5142,Premium,299,7,85345.73,1,4,4,At-Risk High-Value
7621,Premium,90,9,85283.44,4,4,4,Champions
9971,Premium,240,7,85278.59,2,4,4,At-Risk High-Value
264,Premium,90,8,85225.32,4,4,4,Champions
7351,Premium,90,10,85218.78,4,4,4,Champions
6702,Premium,486,8,85175.89,1,4,4,At-Risk High-Value
6864,Premium,90,7,85174.91,4,4,4,Champions
1080,Premium,90,7,85102.34,4,4,4,Champions
1543,Corporate,447,9,85076.73,1,4,4,At-Risk High-Value
9356,Premium,391,9,85038.72,1,4,4,At-Risk High-Value
7780,Premium,184,6,85017.78,2,3,4,At-Risk High-Value
1834,Corporate,178,9,84982.16,2,4,4,At-Risk High-Value
5169,Premium,245,7,84959.3,2,4,4,At-Risk High-Value
8952,Premium,169,8,84958.08,2,4,4,At-Risk High-Value
9758,Premium,90,8,84928.78,4,4,4,Champions
763,Premium,90,9,84826.28,4,4,4,Champions
9237,Corporate,90,9,84819.57,4,4,4,Champions
1850,Corporate,120,10,84811.19,3,4,4,Loyal Customers
7837,Corporate,366,7,84749.23,1,4,4,At-Risk High-Value
9138,Corporate,109,9,84738.95,3,4,4,Loyal Customers
3908,Premium,90,5,84726.82,4,3,4,Champions
3791,Premium,167,11,84721.24,2,4,4,At-Risk High-Value
8709,Corporate,280,6,84711.1,2,3,4,At-Risk High-Value
8913,Premium,90,12,84707.52,4,4,4,Champions
7494,Premium,422,7,84611.27,1,4,4,At-Risk High-Value
3011,Corporate,330,8,84601.3,1,4,4,At-Risk High-Value
8725,Premium,125,8,84579.89,3,4,4,Loyal Customers
3435,Premium,353,9,84568.78,1,4,4,At-Risk High-Value
9398,Retail,90,9,84524.34,4,4,4,Champions
6073,Premium,125,9,84499.14,3,4,4,Loyal Customers
1045,Retail,90,10,84467.04,4,4,4,Champions
8049,Corporate,90,8,84460.17,4,4,4,Champions
7063,Premium,90,7,84442.34,4,4,4,Champions
5786,Premium,284,9,84340.59,2,4,4,At-Risk High-Value
4387,Premium,146,11,84334.59,2,4,4,At-Risk High-Value
3416,Premium,189,9,84320.51,2,4,4,At-Risk High-Value
9731,Premium,90,9,84298.74,4,4,4,Champions
762,Premium,90,8,84186.69,4,4,4,Champions
8525,Retail,90,10,84054.73,4,4,4,Champions
2012,Corporate,90,6,84053.74,3,3,4,Loyal Customers
1244,Premium,116,9,84042.79,3,4,4,Loyal Customers
2325,Premium,134,7,83984.07,3,4,4,Loyal Customers
9781,Retail,152,6,83979.16,2,3,4,At-Risk High-Value
7643,Retail,90,8,83961.32,4,4,4,Champions
8988,Corporate,158,6,83920.25,2,3,4,At-Risk High-Value
4088,Premium,90,8,83912.56,4,4,4,Champions
2774,Corporate,90,8,83886.5,4,4,4,Champions
7947,Retail,90,8,83774.11,4,4,4,Champions
4183,Retail,312,9,83770.6,1,4,4,At-Risk High-Value
6154,Premium,90,5,83740.41,4,3,4,Champions
4270,Premium,90,6,83601.97,3,3,4,Loyal Customers
4790,Premium,158,4,83550.83,2,2,4,At-Risk High-Value
8062,Corporate,248,8,83448.1,2,4,4,At-Risk High-Value
5036,Corporate,314,7,83408.12,1,4,4,At-Risk High-Value
4499,Corporate,141,9,83395.0,3,4,4,Loyal Customers
9542,Corporate,90,7,83384.64,4,4,4,Champions
9008,Corporate,294,7,83295.23,1,4,4,At-Risk High-Value
7482,Retail,90,7,83191.17,4,4,4,Champions
8352,Premium,90,5,83140.12,4,3,4,Champions
303,Premium,531,6,83127.15,1,3,4,At-Risk High-Value
1853,Premium,159,10,83126.73,2,4,4,At-Risk High-Value
4906,Premium,200,7,83124.06,2,4,4,At-Risk High-Value
3157,Premium,206,5,83107.41,2,3,4,At-Risk High-Value
9355,Corporate,90,8,83100.42,4,4,4,Champions
9627,Premium,166,7,83091.78,2,4,4,At-Risk High-Value
8547,Corporate,233,8,83091.15,2,4,4,At-Risk High-Value
5759,Corporate,90,5,82998.12,4,3,4,Champions
770,Premium,90,10,82967.76,4,4,4,Champions
745,Retail,90,6,82935.45,3,3,4,Loyal Customers
3202,Corporate,90,8,82915.15,4,4,4,Champions
3212,Corporate,213,7,82877.01,2,4,4,At-Risk High-Value
9042,Premium,422,9,82755.81,1,4,4,At-Risk High-Value
215,Retail,157,9,82735.86,2,4,4,At-Risk High-Value
5131,Premium,90,8,82715.94,4,4,4,Champions
4154,Corporate,90,9,82656.73,4,4,4,Champions
6951,Premium,241,6,82655.71,2,3,4,At-Risk High-Value
6187,Corporate,169,6,82593.22,2,3,4,At-Risk High-Value
9786,Retail,90,6,82582.32,3,3,4,Loyal Customers
5540,Corporate,90,6,82567.68,3,3,4,Loyal Customers
9563,Corporate,90,8,82566.46,4,4,4,Champions
5940,Premium,305,10,82557.31,1,4,4,At-Risk High-Value
6133,Retail,90,10,82509.45,4,4,4,Champions
8959,Premium,109,12,82408.31,3,4,4,Loyal Customers
5102,Premium,90,11,82408.0,4,4,4,Champions
4266,Premium,90,8,82393.38,4,4,4,Champions
9942,Premium,181,9,82361.97,2,4,4,At-Risk High-Value
9481,Premium,204,9,82330.72,2,4,4,At-Risk High-Value
4749,Premium,90,8,82321.1,4,4,4,Champions
6290,Retail,90,9,82298.37,4,4,4,Champions
4662,Premium,240,6,82279.12,2,3,4,At-Risk High-Value
9260,Premium,90,8,82259.02,4,4,4,Champions
2917,Premium,188,6,82250.02,2,3,4,At-Risk High-Value
8660,Retail,133,6,82216.68,3,3,4,Loyal Customers
1611,Premium,90,6,82146.85,3,3,4,Loyal Customers
6377,Premium,397,8,82100.8,1,4,4,At-Risk High-Value
8367,Retail,169,8,82040.22,2,4,4,At-Risk High-Value
5014,Retail,90,7,82018.52,4,4,4,Champions
2372,Premium,90,10,81925.02,4,4,4,Champions
3108,Premium,340,3,81896.29,1,1,4,At-Risk High-Value
5791,Corporate,159,5,81876.04,2,3,4,At-Risk High-Value
1358,Corporate,322,10,81836.87,1,4,4,At-Risk High-Value
4685,Retail,168,6,81777.81,2,3,4,At-Risk High-Value
8963,Premium,90,2,81770.66,4,1,4,New / Promising
3429,Corporate,90,8,81741.91,4,4,4,Champions
1297,Premium,332,11,81739.95,1,4,4,At-Risk High-Value
3963,Premium,93,8,81698.2,3,4,4,Loyal Customers
2275,Premium,275,4,81690.29,2,2,4,At-Risk High-Value
586,Corporate,90,5,81509.82,4,3,4,Champions
5441,Retail,209,10,81442.45,2,4,4,At-Risk High-Value
8802,Premium,90,4,81435.2,3,2,4,New / Promising
8874,Premium,90,5,81417.89,4,3,4,Champions
6125,Corporate,145,7,81414.12,2,4,4,At-Risk High-Value
535,Premium,90,5,81407.34,4,3,4,Champions
1533,Premium,90,10,81387.27,4,4,4,Champions
5704,Retail,175,7,81274.13,2,4,4,At-Risk High-Value
7275,Premium,238,9,81199.28,2,4,4,At-Risk High-Value
5533,Retail,297,6,81139.65,1,3,4,At-Risk High-Value
3055,Corporate,90,8,81110.71,4,4,4,Champions
8114,Retail,223,5,81092.75,2,3,4,At-Risk High-Value
97,Retail,317,5,81075.2,1,3,4,At-Risk High-Value
5727,Premium,90,10,81064.32,4,4,4,Champions
2383,Corporate,90,9,81039.34,4,4,4,Champions
5718,Premium,183,7,81038.79,2,4,4,At-Risk High-Value
9006,Premium,90,6,80995.33,3,3,4,Loyal Customers
118,Premium,133,9,80975.08,3,4,4,Loyal Customers
3954,Corporate,203,8,80952.93,2,4,4,At-Risk High-Value
4186,Corporate,90,8,80908.68,4,4,4,Champions
1171,Corporate,90,10,80842.7,4,4,4,Champions
4779,Retail,197,3,80817.48,2,1,4,At-Risk High-Value
8217,Corporate,201,6,80809.44,2,3,4,At-Risk High-Value
4828,Retail,90,9,80719.04,4,4,4,Champions
2148,Premium,90,8,80644.95,4,4,4,Champions
9190,Premium,391,10,80617.08,1,4,4,At-Risk High-Value
7186,Retail,90,9,80610.9,4,4,4,Champions
1642,Premium,263,13,80593.16,2,4,4,At-Risk High-Value
9634,Premium,335,11,80541.79,1,4,4,At-Risk High-Value
455,Corporate,90,6,80453.59,3,3,4,Loyal Customers
7885,Premium,90,5,80451.53,4,3,4,Champions
5267,Retail,90,6,80432.06,3,3,4,Loyal Customers
8085,Retail,90,7,80284.31,4,4,4,Champions
4713,Premium,90,7,80258.8,4,4,4,Champions
5947,Corporate,405,4,80252.49,1,2,4,At-Risk High-Value
8893,Premium,90,5,80230.42,4,3,4,Champions
9689,Premium,387,6,80226.65,1,3,4,At-Risk High-Value
5284,Corporate,90,8,80151.27,4,4,4,Champions
2493,Premium,90,10,80121.05,4,4,4,Champions
146,Premium,90,8,80102.79,4,4,4,Champions
2142,Premium,90,10,80055.5,4,4,4,Champions
8430,Corporate,306,6,80049.54,1,3,4,At-Risk High-Value
9373,Corporate,90,6,80037.56,3,3,4,Loyal Customers
1588,Corporate,195,8,80024.04,2,4,4,At-Risk High-Value
5224,Premium,90,9,79987.1,4,4,4,Champions
1907,Premium,240,8,79957.85,2,4,4,At-Risk High-Value
3168,Corporate,416,11,79894.34,1,4,4,At-Risk High-Value
6303,Corporate,90,9,79823.48,4,4,4,Champions
8730,Premium,90,8,79803.12,4,4,4,Champions
8598,Premium,90,9,79800.33,4,4,4,Champions
4651,Premium,90,8,79786.33,4,4,4,Champions
944,Premium,184,11,79751.82,2,4,4,At-Risk High-Value
869,Retail,124,8,79734.74,3,4,4,Loyal Customers
8942,Retail,90,6,79726.51,3,3,4,Loyal Customers
8052,Premium,90,9,79725.75,4,4,4,Champions
787,Premium,450,9,79598.4,1,4,4,At-Risk High-Value
1477,Premium,200,6,79597.2,2,3,4,At-Risk High-Value
4212,Retail,90,6,79593.57,3,3,4,Loyal Customers
2551,Premium,90,9,79576.47,4,4,4,Champions
2769,Corporate,97,8,79567.77,3,4,4,Loyal Customers
7734,Premium,124,8,79560.47,3,4,4,Loyal Customers
9224,Corporate,148,10,79552.26,2,4,4,At-Risk High-Value
6228,Premium,90,6,79424.21,3,3,4,Loyal Customers
8078,Premium,90,8,79385.23,4,4,4,Champions
2638,Corporate,90,6,79376.53,3,3,4,Loyal Customers
6339,Retail,202,7,79331.74,2,4,4,At-Risk High-Value
6861,Corporate,90,9,79272.91,4,4,4,Champions
8351,Premium,102,10,79240.98,3,4,4,Loyal Customers
6157,Premium,350,8,79231.66,1,4,4,At-Risk High-Value
144,Corporate,178,5,79213.72,2,3,4,At-Risk High-Value
8961,Corporate,306,9,79169.42,1,4,4,At-Risk High-Value
8747,Premium,271,12,79141.25,2,4,4,At-Risk High-Value
9098,Retail,213,7,79098.42,2,4,4,At-Risk High-Value
1774,Corporate,234,8,79097.4,2,4,4,At-Risk High-Value
2021,Corporate,122,8,79086.9,3,4,4,Loyal Customers
7278,Retail,90,6,79051.54,3,3,4,Loyal Customers
9326,Retail,327,6,78979.06,1,3,4,At-Risk High-Value
8249,Premium,90,5,78914.52,4,3,4,Champions
3301,Premium,90,8,78908.4,4,4,4,Champions
8724,Premium,90,6,78842.7,3,3,4,Loyal Customers
1025,Premium,90,7,78737.55,4,4,4,Champions
9824,Premium,90,9,78725.35,4,4,4,Champions
7438,Retail,90,7,78717.94,4,4,4,Champions
6810,Premium,90,8,78661.99,4,4,4,Champions
4666,Premium,90,4,78618.92,3,2,4,New / Promising
9976,Premium,484,10,78605.99,1,4,4,At-Risk High-Value
6005,Premium,170,6,78603.29,2,3,4,At-Risk High-Value
7479,Corporate,90,8,78597.28,4,4,4,Champions
140,Premium,133,8,78578.61,3,4,4,Loyal Customers
9217,Premium,90,9,78533.03,4,4,4,Champions
4054,Premium,90,6,78527.45,3,3,4,Loyal Customers
7518,Retail,90,5,78490.53,4,3,4,Champions
975,Corporate,385,9,78480.86,1,4,4,At-Risk High-Value
810,Premium,90,11,78471.13,4,4,4,Champions
1936,Premium,107,7,78468.45,3,4,4,Loyal Customers
5977,Retail,97,5,78416.78,3,3,4,Loyal Customers
6973,Corporate,90,9,78370.74,4,4,4,Champions
3973,Premium,134,8,78337.0,3,4,4,Loyal Customers
5443,Corporate,90,7,78336.67,4,4,4,Champions
7865,Retail,141,9,78329.2,3,4,4,Loyal Customers
1283,Retail,330,7,78298.58,1,4,4,At-Risk High-Value
1621,Premium,446,12,78233.62,1,4,4,At-Risk High-Value
5253,Premium,90,10,78204.28,4,4,4,Champions
5385,Premium,198,9,78188.61,2,4,4,At-Risk High-Value
2978,Corporate,90,6,78154.46,3,3,4,Loyal Customers
7801,Corporate,199,5,78095.31,2,3,4,At-Risk High-Value
4084,Retail,177,7,78059.78,2,4,4,At-Risk High-Value
8501,Premium,415,6,78045.99,1,3,4,At-Risk High-Value
7902,Premium,369,7,78042.56,1,4,4,At-Risk High-Value
9772,Premium,90,4,77999.53,3,2,4,New / Promising
5262,Corporate,90,8,77921.26,4,4,4,Champions
8449,Premium,90,7,77914.69,4,4,4,Champions
7851,Premium,250,11,77854.03,2,4,4,At-Risk High-Value
2378,Corporate,90,11,77836.25,4,4,4,Champions
5788,Retail,90,5,77812.71,4,3,4,Champions
366,Corporate,90,10,77777.06,4,4,4,Champions
9511,Corporate,128,6,77769.71,3,3,4,Loyal Customers
1340,Premium,134,8,77720.71,3,4,4,Loyal Customers
699,Premium,282,12,77669.4,2,4,4,At-Risk High-Value
113,Premium,90,7,77653.77,4,4,4,Champions
9447,Premium,90,11,77606.21,4,4,4,Champions
5880,Premium,541,7,77560.11,1,4,4,At-Risk High-Value
2212,Premium,160,4,77452.45,2,2,4,At-Risk High-Value
3510,Premium,256,8,77443.26,2,4,4,At-Risk High-Value
2603,Retail,90,6,77439.28,3,3,4,Loyal Customers
8929,Premium,90,4,77403.96,3,2,4,New / Promising
1570,Premium,99,8,77388.52,3,4,4,Loyal Customers
9170,Premium,115,4,77363.92,3,2,4,New / Promising
3608,Premium,90,8,77361.91,4,4,4,Champions
5578,Retail,90,8,77358.45,4,4,4,Champions
7889,Premium,90,3,77324.89,4,1,4,New / Promising
2889,Premium,448,10,77306.53,1,4,4,At-Risk High-Value
9906,Retail,102,10,77285.43,3,4,4,Loyal Customers
6433,Premium,202,10,77220.66,2,4,4,At-Risk High-Value
7014,Retail,90,8,77197.98,4,4,4,Champions
5009,Retail,90,10,77100.79,4,4,4,Champions
9968,Retail,265,4,77045.35,2,2,4,At-Risk High-Value
1290,Premium,90,8,77034.39,4,4,4,Champions
8120,Retail,90,7,77019.88,4,4,4,Champions
6697,Premium,90,8,77017.13,4,4,4,Champions
5049,Corporate,90,13,77006.48,4,4,4,Champions
5952,Corporate,90,10,76946.5,4,4,4,Champions
3902,Premium,90,8,76944.24,4,4,4,Champions
6330,Corporate,90,10,76827.47,4,4,4,Champions
9795,Retail,90,8,76798.29,4,4,4,Champions
5134,Premium,282,12,76794.44,2,4,4,At-Risk High-Value
4670,Premium,217,6,76759.55,2,3,4,At-Risk High-Value
1022,Premium,256,9,76741.9,2,4,4,At-Risk High-Value
5095,Premium,275,11,76613.03,2,4,4,At-Risk High-Value
2057,Premium,218,9,76608.48,2,4,4,At-Risk High-Value
7486,Retail,90,8,76588.78,4,4,4,Champions
6419,Premium,90,8,76554.49,4,4,4,Champions
1268,Premium,90,9,76553.14,4,4,4,Champions
8155,Premium,116,11,76432.9,3,4,4,Loyal Customers
7985,Retail,90,8,76408.75,4,4,4,Champions
4000,Retail,90,10,76380.51,4,4,4,Champions
3394,Premium,493,7,76379.04,1,4,4,At-Risk High-Value
8734,Premium,264,10,76364.74,2,4,4,At-Risk High-Value
2034,Retail,221,8,76362.68,2,4,4,At-Risk High-Value
6084,Premium,90,8,76317.2,4,4,4,Champions
7042,Premium,90,9,76315.09,4,4,4,Champions
5995,Premium,276,8,76295.14,2,4,4,At-Risk High-Value
4265,Retail,90,7,76238.15,4,4,4,Champions
7011,Corporate,461,6,76179.69,1,3,4,At-Risk High-Value
530,Premium,90,7,76131.5,4,4,4,Champions
5575,Premium,90,5,76125.43,4,3,4,Champions
2641,Retail,90,11,76103.37,4,4,4,Champions
3094,Corporate,438,8,76082.49,1,4,4,At-Risk High-Value
4309,Retail,90,11,75996.76,4,4,4,Champions
3877,Premium,90,7,75962.55,4,4,4,Champions
7822,Retail,90,8,75948.96,4,4,4,Champions
3700,Retail,90,5,75887.55,4,3,4,Champions
7417,Premium,91,7,75887.08,3,4,4,Loyal Customers
2573,Retail,90,6,75783.52,3,3,4,Loyal Customers
8867,Retail,383,6,75732.54,1,3,4,At-Risk High-Value
5060,Corporate,90,5,75704.89,4,3,4,Champions
1888,Retail,375,6,75698.87,1,3,4,At-Risk High-Value
2663,Retail,270,6,75696.11,2,3,4,At-Risk High-Value
2658,Premium,90,10,75687.93,4,4,4,Champions
712,Retail,211,4,75644.13,2,2,4,At-Risk High-Value
3269,Premium,167,7,75627.91,2,4,4,At-Risk High-Value
704,Premium,218,4,75610.89,2,2,4,At-Risk High-Value
7751,Premium,113,7,75583.04,3,4,4,Loyal Customers
1150,Premium,102,10,75553.1,3,4,4,Loyal Customers
2336,Premium,90,5,75493.69,4,3,4,Champions
5237,Premium,90,10,75480.31,4,4,4,Champions
3500,Retail,95,5,75478.45,3,3,4,Loyal Customers
368,Premium,265,7,75396.65,2,4,4,At-Risk High-Value
1024,Premium,90,10,75364.7,4,4,4,Champions
7661,Corporate,90,7,75344.2,4,4,4,Champions
274,Premium,90,6,75296.91,3,3,4,Loyal Customers
9814,Retail,90,10,75212.66,4,4,4,Champions
9678,Premium,310,8,75174.46,1,4,4,At-Risk High-Value
155,Retail,90,6,75153.38,3,3,4,Loyal Customers
35,Retail,90,8,75120.72,4,4,4,Champions
5293,Premium,110,6,75086.64,3,3,4,Loyal Customers
670,Premium,242,5,75060.48,2,3,4,At-Risk High-Value
9160,Corporate,208,10,75049.39,2,4,4,At-Risk High-Value
8192,Corporate,280,6,75045.79,2,3,4,At-Risk High-Value
5602,Premium,90,9,74991.66,4,4,4,Champions
5643,Premium,90,8,74968.31,4,4,4,Champions
9163,Premium,90,7,74950.62,4,4,4,Champions
8048,Retail,90,11,74949.01,4,4,4,Champions
1011,Premium,214,8,74935.93,2,4,4,At-Risk High-Value
1470,Premium,491,10,74930.33,1,4,4,At-Risk High-Value
9528,Premium,275,7,74928.44,2,4,4,At-Risk High-Value
4517,Premium,90,7,74866.69,4,4,4,Champions
4438,Premium,90,5,74857.38,4,3,4,Champions
4632,Corporate,152,10,74820.13,2,4,4,At-Risk High-Value
993,Corporate,275,9,74816.73,2,4,4,At-Risk High-Value
9359,Retail,90,7,74765.99,4,4,4,Champions
425,Corporate,90,8,74750.88,4,4,4,Champions
4306,Retail,90,8,74733.34,4,4,4,Champions
5103,Corporate,241,6,74708.3,2,3,4,At-Risk High-Value
5384,Premium,365,10,74616.94,1,4,4,At-Risk High-Value
2497,Retail,191,8,74602.59,2,4,4,At-Risk High-Value
6505,Premium,92,11,74596.45,3,4,4,Loyal Customers
7984,Retail,117,6,74589.84,3,3,4,Loyal Customers
4226,Premium,158,6,74586.65,2,3,4,At-Risk High-Value
7671,Retail,270,5,74559.06,2,3,4,At-Risk High-Value
173,Premium,143,8,74555.53,2,4,4,At-Risk High-Value
2442,Premium,361,8,74551.55,1,4,4,At-Risk High-Value
4142,Corporate,90,11,74540.83,4,4,4,Champions
6718,Premium,187,10,74531.77,2,4,4,At-Risk High-Value
5794,Corporate,90,10,74515.44,4,4,4,Champions
1009,Premium,90,5,74488.32,3,3,4,Loyal Customers
1187,Premium,204,5,74484.73,2,3,4,At-Risk High-Value
7489,Premium,332,8,74455.85,1,4,4,At-Risk High-Value
2280,Premium,90,8,74437.51,4,4,4,Champions
231,Premium,118,5,74395.34,3,3,4,Loyal Customers
5244,Retail,90,9,74366.84,4,4,4,Champions
4833,Premium,90,8,74310.26,4,4,4,Champions
6625,Premium,90,11,74285.84,4,4,4,Champions
8964,Retail,90,8,74236.12,4,4,4,Champions
2007,Premium,246,9,74228.3,2,4,4,At-Risk High-Value
2319,Retail,90,6,74176.15,3,3,4,Loyal Customers
876,Retail,161,6,74122.4,2,3,4,At-Risk High-Value
5611,Retail,415,6,74110.53,1,3,4,At-Risk High-Value
1276,Premium,90,5,74105.73,3,3,4,Loyal Customers
9722,Retail,90,7,74102.4,4,4,4,Champions
1222,Retail,90,5,74091.15,3,3,4,Loyal Customers
9713,Premium,90,10,74077.52,4,4,4,Champions
2718,Premium,90,7,74073.47,4,4,4,Champions
2067,Premium,164,5,74020.46,2,3,4,At-Risk High-Value
4810,Premium,129,8,74001.13,3,4,4,Loyal Customers
3670,Premium,206,8,73983.74,2,4,4,At-Risk High-Value
4797,Retail,90,6,73978.3,3,3,4,Loyal Customers
1546,Premium,90,8,73943.28,4,4,4,Champions
2506,Premium,206,8,73911.71,2,4,4,At-Risk High-Value
7727,Premium,547,7,73907.84,1,4,4,At-Risk High-Value
3889,Premium,190,10,73900.89,2,4,4,At-Risk High-Value
5658,Premium,90,7,73892.5,4,4,4,Champions
2566,Premium,90,8,73886.1,4,4,4,Champions
9274,Corporate,353,9,73881.27,1,4,4,At-Risk High-Value
973,Retail,345,11,73858.54,1,4,4,At-Risk High-Value
2538,Premium,90,11,73843.79,4,4,4,Champions
7651,Retail,237,6,73824.77,2,3,4,At-Risk High-Value
4008,Retail,90,7,73797.69,4,4,4,Champions
9185,Corporate,90,9,73712.97,4,4,4,Champions
1144,Retail,90,7,73638.32,4,4,4,Champions
3549,Premium,197,9,73611.84,2,4,4,At-Risk High-Value
1026,Premium,218,9,73603.06,2,4,4,At-Risk High-Value
6838,Corporate,90,10,73546.36,4,4,4,Champions
1066,Premium,162,5,73529.9,2,3,4,At-Risk High-Value
4228,Premium,90,9,73528.01,4,4,4,Champions
8546,Premium,97,6,73488.73,3,3,4,Loyal Customers
6420,Corporate,378,6,73478.49,1,3,4,At-Risk High-Value
6862,Corporate,192,6,73433.88,2,3,4,At-Risk High-Value
1541,Premium,100,8,73432.5,3,4,4,Loyal Customers
5956,Corporate,139,6,73386.91,3,3,4,Loyal Customers
1842,Corporate,476,8,73346.02,1,4,4,At-Risk High-Value
6427,Premium,90,7,73294.19,4,4,4,Champions
9972,Premium,331,7,73217.29,1,4,4,At-Risk High-Value
2288,Retail,181,8,73213.99,2,4,4,At-Risk High-Value
5911,Premium,334,4,73206.1,1,2,4,At-Risk High-Value
9541,Premium,90,12,73195.35,4,4,4,Champions
110,Premium,90,9,73035.92,4,4,4,Champions
480,Corporate,304,7,73014.82,1,4,4,At-Risk High-Value
9452,Premium,90,9,72945.93,4,4,4,Champions
3402,Retail,90,9,72929.93,4,4,4,Champions
3266,Corporate,181,8,72868.88,2,4,4,At-Risk High-Value
3282,Retail,90,12,72865.32,4,4,4,Champions
7434,Corporate,99,10,72826.88,3,4,4,Loyal Customers
6398,Premium,322,11,72802.43,1,4,4,At-Risk High-Value
2807,Premium,267,5,72782.29,2,3,4,At-Risk High-Value
2158,Corporate,90,7,72644.28,4,4,4,Champions
4461,Premium,335,11,72616.1,1,4,4,At-Risk High-Value
2776,Retail,274,8,72606.58,2,4,4,At-Risk High-Value
2878,Premium,90,8,72606.17,4,4,4,Champions
7464,Retail,90,6,72583.5,3,3,4,Loyal Customers
5864,Retail,316,7,72545.65,1,4,4,At-Risk High-Value
8132,Premium,122,6,72528.68,3,3,4,Loyal Customers
1540,Premium,158,11,72522.87,2,4,4,At-Risk High-Value
6637,Premium,263,9,72518.08,2,4,4,At-Risk High-Value
5140,Retail,90,6,72472.73,3,3,4,Loyal Customers
4397,Retail,146,6,72464.29,2,3,4,At-Risk High-Value
8255,Premium,90,6,72416.49,3,3,4,Loyal Customers
7966,Premium,90,4,72282.57,3,2,4,New / Promising
3,Premium,90,8,72281.08,4,4,4,Champions
415,Premium,542,9,72256.02,1,4,4,At-Risk High-Value
8458,Premium,195,7,72231.62,2,4,4,At-Risk High-Value
8671,Premium,90,8,72231.16,4,4,4,Champions
1247,Corporate,131,8,72175.4,3,4,4,Loyal Customers
5857,Retail,236,3,72158.75,2,1,4,At-Risk High-Value
1504,Premium,236,8,72081.16,2,4,4,At-Risk High-Value
9640,Premium,311,8,72054.51,1,4,4,At-Risk High-Value
3814,Corporate,184,7,72042.33,2,4,4,At-Risk High-Value
2491,Corporate,361,6,71989.22,1,3,4,At-Risk High-Value
3060,Premium,259,7,71977.43,2,4,4,At-Risk High-Value
4832,Retail,524,11,71964.2,1,4,4,At-Risk High-Value
3978,Premium,90,9,71876.02,4,4,4,Champions
2593,Premium,239,7,71869.37,2,4,4,At-Risk High-Value
9148,Premium,260,2,71864.65,2,1,4,At-Risk High-Value
5682,Premium,90,7,71834.97,4,4,4,Champions
1486,Premium,90,5,71827.59,3,3,4,Loyal Customers
4053,Premium,92,6,71739.97,3,3,4,Loyal Customers
4490,Premium,148,6,71737.18,2,3,4,At-Risk High-Value
3427,Premium,343,7,71667.65,1,4,4,At-Risk High-Value
3498,Premium,315,8,71645.68,1,4,4,At-Risk High-Value
3547,Premium,90,5,71642.13,3,3,4,Loyal Customers
6087,Premium,90,11,71640.88,4,4,4,Champions
1900,Corporate,170,9,71630.06,2,4,4,At-Risk High-Value
4957,Premium,406,7,71591.89,1,4,4,At-Risk High-Value
7508,Retail,90,6,71585.86,3,3,4,Loyal Customers
8931,Premium,90,8,71583.75,4,4,4,Champions
638,Premium,404,6,71579.11,1,3,4,At-Risk High-Value
8417,Premium,254,9,71537.87,2,4,4,At-Risk High-Value
2594,Premium,411,5,71537.09,1,3,4,At-Risk High-Value
8508,Premium,90,9,71515.28,4,4,4,Champions
8291,Premium,221,8,71357.4,2,4,4,At-Risk High-Value
6742,Retail,90,6,71346.8,3,3,4,Loyal Customers
7260,Premium,105,12,71330.3,3,4,4,Loyal Customers
1514,Premium,90,12,71329.11,4,4,4,Champions
3624,Retail,90,7,71322.32,4,4,4,Champions
8329,Retail,310,7,71258.38,1,4,4,At-Risk High-Value
9145,Retail,118,11,71234.2,3,4,4,Loyal Customers
3229,Corporate,170,8,71188.88,2,4,4,At-Risk High-Value
2317,Premium,506,8,71172.07,1,4,4,At-Risk High-Value
3834,Retail,90,10,71156.8,4,4,4,Champions
5059,Premium,162,6,71153.36,2,3,4,At-Risk High-Value
9609,Premium,142,5,71152.24,2,3,4,At-Risk High-Value
6066,Retail,291,7,71097.5,1,4,4,At-Risk High-Value
4885,Retail,548,8,71092.17,1,4,4,At-Risk High-Value
7723,Retail,90,7,71085.93,4,4,4,Champions
2265,Retail,229,7,71050.32,2,4,4,At-Risk High-Value
6816,Premium,395,10,71049.99,1,4,4,At-Risk High-Value
1013,Retail,194,9,71044.83,2,4,4,At-Risk High-Value
2798,Premium,90,7,71033.52,4,4,4,Champions
554,Retail,90,11,71027.96,4,4,4,Champions
4359,Retail,190,5,70944.16,2,3,4,At-Risk High-Value
6291,Premium,199,5,70903.29,2,3,4,At-Risk High-Value
2165,Corporate,90,8,70881.51,4,4,4,Champions
3684,Premium,230,9,70860.82,2,4,4,At-Risk High-Value
7818,Premium,90,12,70846.48,4,4,4,Champions
55,Premium,90,7,70765.5,4,4,4,Champions
1950,Premium,218,6,70739.01,2,3,4,At-Risk High-Value
7394,Retail,90,8,70736.88,4,4,4,Champions
806,Premium,158,6,70727.33,2,3,4,At-Risk High-Value
2038,Premium,90,6,70719.94,3,3,4,Loyal Customers
3664,Corporate,90,5,70711.88,3,3,4,Loyal Customers
6272,Retail,90,7,70671.54,4,4,4,Champions
8686,Retail,209,7,70639.24,2,4,4,At-Risk High-Value
3263,Premium,90,9,70613.89,4,4,4,Champions
7176,Retail,90,8,70591.7,4,4,4,Champions
979,Retail,90,8,70582.96,4,4,4,Champions
377,Retail,167,4,70563.94,2,2,4,At-Risk High-Value
6067,Premium,292,7,70536.56,1,4,4,At-Risk High-Value
9684,Premium,141,5,70476.42,3,3,4,Loyal Customers
5564,Retail,90,9,70467.86,4,4,4,Champions
1493,Premium,314,12,70434.21,1,4,4,At-Risk High-Value
6105,Premium,90,6,70373.73,3,3,4,Loyal Customers
5104,Premium,90,7,70358.85,4,4,4,Champions
3827,Premium,90,8,70349.69,4,4,4,Champions
8043,Retail,90,10,70343.57,4,4,4,Champions
2668,Retail,90,5,70322.47,3,3,4,Loyal Customers
4586,Premium,90,6,70308.82,3,3,4,Loyal Customers
689,Premium,90,7,70292.24,4,4,4,Champions
6360,Retail,171,8,70270.86,2,4,4,At-Risk High-Value
2950,Premium,90,10,70266.72,4,4,4,Champions
2461,Retail,90,7,70262.83,4,4,4,Champions
4125,Premium,90,8,70260.52,4,4,4,Champions
597,Premium,239,4,70228.21,2,2,4,At-Risk High-Value
8500,Premium,90,4,70216.77,3,2,4,New / Promising
6474,Retail,90,10,70157.78,4,4,4,Champions
9062,Retail,90,5,70137.21,3,3,4,Loyal Customers
4351,Premium,90,9,70106.3,4,4,4,Champions
3114,Premium,90,9,70041.83,4,4,4,Champions
4415,Premium,90,7,69946.45,4,4,4,Champions
649,Retail,90,6,69937.6,3,3,4,Loyal Customers
6311,Retail,90,5,69920.2,3,3,4,Loyal Customers
9363,Corporate,90,7,69898.6,4,4,4,Champions
6385,Retail,197,7,69895.03,2,4,4,At-Risk High-Value
6555,Premium,90,6,69877.63,3,3,4,Loyal Customers
3774,Premium,452,7,69873.69,1,4,4,At-Risk High-Value
256,Premium,330,8,69837.9,1,4,4,At-Risk High-Value
1758,Premium,90,9,69804.25,4,4,4,Champions
9199,Corporate,292,8,69771.48,1,4,4,At-Risk High-Value
4758,Retail,212,7,69752.87,2,4,4,At-Risk High-Value
2719,Premium,90,6,69733.52,3,3,4,Loyal Customers
6167,Retail,90,10,69721.17,4,4,4,Champions
2261,Premium,90,11,69706.03,4,4,4,Champions
7755,Corporate,388,10,69705.8,1,4,4,At-Risk High-Value
2197,Retail,212,7,69686.7,2,4,4,At-Risk High-Value
4898,Premium,218,10,69682.59,2,4,4,At-Risk High-Value
5801,Retail,218,9,69613.31,2,4,4,At-Risk High-Value
793,Retail,90,7,69601.24,4,4,4,Champions
5824,Retail,111,6,69581.69,3,3,4,Loyal Customers
9229,Premium,90,6,69517.6,3,3,4,Loyal Customers
5181,Premium,90,7,69505.94,4,4,4,Champions
9908,Retail,90,11,69494.21,4,4,4,Champions
7265,Premium,125,9,69473.82,3,4,4,Loyal Customers
32,Premium,408,4,69436.84,1,2,4,At-Risk High-Value
8540,Premium,130,5,69365.65,3,3,4,Loyal Customers
5336,Corporate,558,10,69363.12,1,4,4,At-Risk High-Value
6494,Retail,185,7,69321.62,2,4,4,At-Risk High-Value
2813,Premium,158,7,69314.97,2,4,4,At-Risk High-Value
532,Premium,112,13,69230.52,3,4,4,Loyal Customers
2173,Premium,90,11,69228.86,4,4,4,Champions
7696,Premium,90,7,69158.77,4,4,4,Champions
2753,Premium,120,4,69157.57,3,2,4,New / Promising
9071,Premium,342,7,69087.37,1,4,4,At-Risk High-Value
8113,Retail,501,7,69081.93,1,4,4,At-Risk High-Value
5407,Premium,162,10,69064.12,2,4,4,At-Risk High-Value
9245,Retail,211,9,69055.75,2,4,4,At-Risk High-Value
5002,Premium,431,11,69046.07,1,4,4,At-Risk High-Value
6940,Premium,90,7,68898.79,4,4,4,Champions
6809,Retail,344,7,68891.7,1,4,4,At-Risk High-Value
8470,Retail,198,8,68889.94,2,4,4,At-Risk High-Value
9317,Retail,90,7,68886.9,4,4,4,Champions
9002,Premium,536,9,68877.7,1,4,4,At-Risk High-Value
856,Premium,90,8,68828.45,4,4,4,Champions
2992,Corporate,115,7,68795.19,3,4,4,Loyal Customers
1443,Premium,127,10,68793.23,3,4,4,Loyal Customers
9488,Premium,405,7,68778.78,1,4,4,At-Risk High-Value
6159,Retail,90,7,68769.79,4,4,4,Champions
1296,Premium,90,9,68746.33,4,4,4,Champions
5683,Premium,90,7,68725.56,4,4,4,Champions
1633,Premium,341,5,68677.36,1,2,4,At-Risk High-Value
3125,Corporate,309,6,68638.82,1,3,4,At-Risk High-Value
9628,Retail,90,6,68440.12,3,3,4,Loyal Customers
651,Premium,176,7,68432.5,2,4,4,At-Risk High-Value
7202,Premium,421,6,68418.33,1,3,4,At-Risk High-Value
1458,Premium,144,7,68377.72,2,4,4,At-Risk High-Value
226,Retail,269,6,68377.72,2,3,4,At-Risk High-Value
5946,Corporate,165,6,68329.76,2,3,4,At-Risk High-Value
2075,Premium,90,10,68228.23,4,4,4,Champions
612,Premium,90,7,68221.48,4,4,4,Champions
9255,Premium,90,5,68215.77,3,2,4,New / Promising
6781,Retail,90,6,68182.69,3,3,4,Loyal Customers
9299,Retail,90,6,68172.89,3,3,4,Loyal Customers
4399,Premium,398,10,68143.91,1,4,4,At-Risk High-Value
9986,Premium,90,8,68058.85,4,4,4,Champions
3824,Premium,190,12,68048.49,2,4,4,At-Risk High-Value
8198,Premium,90,8,68018.78,4,4,4,Champions
8522,Premium,90,6,67995.25,3,3,4,Loyal Customers
2195,Premium,90,9,67979.81,4,4,4,Champions
6849,Retail,249,7,67965.34,2,4,4,At-Risk High-Value
3100,Corporate,161,9,67951.19,2,4,4,At-Risk High-Value
6033,Corporate,90,6,67940.07,3,3,4,Loyal Customers
1281,Premium,90,5,67913.84,3,2,4,New / Promising
1828,Premium,90,7,67873.97,4,4,4,Champions
2482,Premium,90,4,67835.69,3,2,4,New / Promising
9401,Retail,90,9,67821.27,4,4,4,Champions
245,Retail,196,4,67816.19,2,2,4,At-Risk High-Value
5333,Retail,173,9,67812.33,2,4,4,At-Risk High-Value
8435,Premium,112,6,67761.41,3,3,4,Loyal Customers
1501,Premium,90,10,67760.45,4,4,4,Champions
6959,Premium,105,6,67707.93,3,3,4,Loyal Customers
3012,Premium,90,6,67699.93,3,3,4,Loyal Customers
9251,Premium,90,8,67687.77,4,4,4,Champions
1114,Corporate,371,6,67671.82,1,3,4,At-Risk High-Value
9938,Retail,180,7,67649.72,2,4,4,At-Risk High-Value
6170,Premium,151,8,67606.6,2,4,4,At-Risk High-Value
355,Premium,90,9,67604.64,4,4,4,Champions
6010,Premium,507,7,67595.23,1,4,4,At-Risk High-Value
9360,Retail,90,5,67555.51,3,2,4,New / Promising
7908,Premium,90,4,67516.94,3,2,4,New / Promising
5975,Retail,90,9,67513.96,4,4,4,Champions
8510,Premium,90,5,67488.71,3,2,4,New / Promising
5269,Premium,90,5,67483.79,3,2,4,New / Promising
8081,Retail,90,6,67456.85,3,3,4,Loyal Customers
6080,Premium,90,6,67410.53,3,3,4,Loyal Customers
8644,Retail,103,9,67367.14,3,4,4,Loyal Customers
9679,Retail,90,7,67328.54,4,4,4,Champions
1106,Corporate,100,5,67240.43,3,2,4,New / Promising
74,Retail,118,5,67233.65,3,2,4,New / Promising
9649,Premium,102,10,67167.95,3,4,4,Loyal Customers
3445,Premium,90,4,67157.47,3,2,4,New / Promising
6143,Premium,98,7,67137.1,3,4,4,Loyal Customers
4882,Retail,90,7,67112.62,4,4,4,Champions
7175,Corporate,268,4,67105.28,2,2,4,At-Risk High-Value
8211,Premium,90,4,67083.84,3,2,4,New / Promising
7020,Retail,239,6,67056.47,2,3,4,At-Risk High-Value
293,Premium,90,6,67047.64,3,3,4,Loyal Customers
8759,Retail,459,4,67023.11,1,2,4,At-Risk High-Value
4420,Corporate,238,10,66972.41,2,4,4,At-Risk High-Value
4080,Retail,90,6,66965.49,3,3,4,Loyal Customers
713,Corporate,90,8,66947.45,4,4,4,Champions
3976,Retail,90,7,66931.31,4,4,4,Champions
2247,Premium,90,8,66916.49,4,4,4,Champions
490,Premium,90,5,66914.56,3,2,4,New / Promising
7099,Premium,371,9,66911.02,1,4,4,At-Risk High-Value
4843,Retail,90,6,66880.7,3,3,4,Loyal Customers
380,Premium,191,11,66853.73,2,4,4,At-Risk High-Value
3618,Retail,98,6,66849.25,3,3,4,Loyal Customers
8943,Premium,90,7,66843.71,4,4,4,Champions
5870,Corporate,90,6,66803.37,3,3,4,Loyal Customers
3289,Retail,321,6,66793.87,1,3,4,At-Risk High-Value
6587,Premium,173,5,66789.43,2,2,4,At-Risk High-Value
2468,Retail,90,7,66714.76,4,4,4,Champions
5577,Premium,209,8,66712.47,2,4,4,At-Risk High-Value
4824,Retail,90,8,66690.07,4,4,4,Champions
1241,Retail,90,8,66645.63,4,4,4,Champions
5688,Premium,233,11,66644.62,2,4,4,At-Risk High-Value
715,Retail,90,8,66611.85,4,4,4,Champions
8736,Premium,211,8,66585.2,2,4,4,At-Risk High-Value
1589,Premium,90,8,66554.83,4,4,4,Champions
7405,Corporate,357,9,66531.16,1,4,4,At-Risk High-Value
2725,Premium,90,9,66521.94,4,4,4,Champions
1837,Retail,90,10,66504.8,4,4,4,Champions
1678,Premium,90,9,66423.21,4,4,4,Champions
8756,Premium,90,13,66409.57,4,4,4,Champions
784,Premium,197,6,66409.1,2,3,4,At-Risk High-Value
4732,Retail,184,11,66336.24,2,4,4,At-Risk High-Value
9726,Premium,180,12,66315.01,2,4,4,At-Risk High-Value
339,Premium,90,8,66302.78,4,4,4,Champions
4739,Retail,333,6,66259.54,1,3,4,At-Risk High-Value
8941,Premium,438,10,66257.45,1,4,4,At-Risk High-Value
5156,Retail,90,9,66230.94,4,4,4,Champions
757,Retail,90,6,66197.33,3,3,4,Loyal Customers
9195,Premium,93,10,66178.5,3,4,4,Loyal Customers
5861,Retail,113,4,66094.2,3,2,4,New / Promising
5404,Retail,90,5,66090.32,3,2,4,New / Promising
2780,Premium,331,6,66080.91,1,3,4,At-Risk High-Value
7162,Retail,90,6,66059.38,3,3,4,Loyal Customers
8506,Retail,264,5,66054.69,2,2,4,At-Risk High-Value
8703,Retail,90,5,66052.9,3,2,4,New / Promising
7242,Retail,90,6,66035.23,3,3,4,Loyal Customers
4903,Premium,90,6,65980.42,3,3,4,Loyal Customers
3000,Corporate,145,7,65941.23,2,4,4,At-Risk High-Value
1825,Retail,90,7,65876.75,4,4,4,Champions
6784,Retail,168,6,65836.01,2,3,4,At-Risk High-Value
541,Corporate,124,6,65807.03,3,3,4,Loyal Customers
2386,Premium,151,5,65776.88,2,2,4,At-Risk High-Value
6571,Premium,90,8,65770.36,4,4,4,Champions
9394,Premium,268,5,65767.59,2,2,4,At-Risk High-Value
820,Retail,90,7,65749.89,4,4,4,Champions
6216,Retail,90,7,65725.06,4,4,4,Champions
2395,Premium,276,4,65710.96,2,2,4,At-Risk High-Value
4208,Retail,90,6,65709.42,3,3,4,Loyal Customers
7018,Premium,90,8,65691.65,4,4,4,Champions
8427,Corporate,90,7,65684.91,4,4,4,Champions
697,Retail,90,7,65681.88,4,4,4,Champions
4977,Premium,90,7,65680.49,4,4,4,Champions
8753,Premium,286,5,65659.13,1,2,4,At-Risk High-Value
2862,Retail,90,7,65642.98,4,4,4,Champions
2743,Premium,152,9,65640.76,2,4,4,At-Risk High-Value
2082,Premium,348,9,65621.24,1,4,4,At-Risk High-Value
4016,Premium,199,7,65561.13,2,4,4,At-Risk High-Value
1714,Retail,90,8,65535.74,4,4,4,Champions
5315,Premium,377,9,65531.25,1,4,4,At-Risk High-Value
4024,Retail,207,8,65496.7,2,4,4,At-Risk High-Value
1824,Retail,124,8,65492.13,3,4,4,Loyal Customers
4258,Premium,213,7,65484.75,2,4,4,At-Risk High-Value
986,Retail,90,7,65480.75,4,4,4,Champions
6082,Retail,90,6,65478.9,3,3,4,Loyal Customers
9361,Retail,90,8,65474.5,4,4,4,Champions
5287,Premium,354,8,65461.03,1,4,4,At-Risk High-Value
4033,Retail,90,7,65448.15,4,4,4,Champions
6848,Retail,169,7,65444.87,2,4,4,At-Risk High-Value
3274,Premium,205,8,65438.81,2,4,4,At-Risk High-Value
4911,Retail,90,9,65432.33,4,4,4,Champions
7866,Premium,286,4,65426.59,1,2,4,At-Risk High-Value
7021,Retail,236,5,65389.79,2,2,4,At-Risk High-Value
5440,Retail,251,10,65377.37,2,4,4,At-Risk High-Value
7936,Retail,302,5,65337.9,1,2,4,At-Risk High-Value
2003,Retail,90,4,65283.86,3,2,4,New / Promising
2684,Premium,90,10,65277.85,4,4,4,Champions
9827,Premium,90,9,65275.44,4,4,4,Champions
7390,Premium,90,6,65215.44,3,3,4,Loyal Customers
1126,Retail,90,8,65210.75,4,4,4,Champions
6297,Premium,333,7,65205.85,1,4,4,At-Risk High-Value
8422,Premium,90,6,65202.01,3,3,4,Loyal Customers
3985,Retail,90,5,65188.03,3,2,4,New / Promising
3785,Premium,90,7,65128.39,4,4,4,Champions
8303,Corporate,90,7,65021.82,4,4,4,Champions
5945,Corporate,90,9,65017.15,4,4,4,Champions
4973,Corporate,90,5,64992.11,3,2,4,New / Promising
2558,Retail,90,8,64977.99,4,4,4,Champions
9970,Corporate,427,9,64974.09,1,4,4,At-Risk High-Value
4787,Retail,90,6,64889.92,3,3,4,Loyal Customers
8084,Retail,90,6,64823.24,3,3,4,Loyal Customers
9587,Premium,90,8,64788.85,4,4,4,Champions
7231,Retail,90,9,64689.39,4,4,4,Champions
442,Premium,90,12,64626.39,4,4,4,Champions
7597,Corporate,243,7,64615.32,2,4,4,At-Risk High-Value
3023,Corporate,210,7,64573.8,2,4,4,At-Risk High-Value
5797,Retail,90,7,64562.59,4,4,4,Champions
5137,Premium,103,6,64509.12,3,3,4,Loyal Customers
7134,Premium,90,11,64499.17,4,4,4,Champions
2464,Premium,152,6,64489.36,2,3,4,At-Risk High-Value
7360,Corporate,373,7,64473.51,1,4,4,At-Risk High-Value
3711,Premium,90,6,64462.19,3,3,4,Loyal Customers
6911,Premium,90,7,64442.6,4,4,4,Champions
5,Retail,175,6,64440.7,2,3,4,At-Risk High-Value
4653,Retail,105,3,64402.03,3,2,4,New / Promising
8873,Premium,90,6,64393.96,3,3,4,Loyal Customers
943,Retail,90,6,64369.69,3,3,4,Loyal Customers
8706,Premium,90,5,64336.69,3,2,4,New / Promising
5741,Corporate,90,9,64329.7,4,4,4,Champions
4061,Premium,505,13,64263.46,1,4,4,At-Risk High-Value
4460,Corporate,90,7,64258.27,4,4,4,Champions
6459,Premium,90,7,64252.71,4,4,4,Champions
6699,Premium,90,12,64238.46,4,4,4,Champions
3490,Premium,201,10,64204.31,2,4,4,At-Risk High-Value
2129,Premium,90,7,64197.07,4,4,4,Champions
9309,Retail,96,7,64180.37,3,4,4,Loyal Customers
789,Premium,197,6,64140.4,2,3,4,At-Risk High-Value
3071,Retail,90,3,64113.04,4,2,4,New / Promising
9975,Retail,90,5,64056.55,3,2,4,New / Promising
7858,Retail,200,7,64029.23,2,4,4,At-Risk High-Value
8513,Premium,90,6,64011.86,3,3,4,Loyal Customers
9088,Retail,90,5,64006.42,3,2,4,New / Promising
7297,Corporate,166,7,63991.27,2,4,4,At-Risk High-Value
3825,Premium,90,10,63966.68,4,4,4,Champions
3132,Premium,90,4,63919.84,3,2,4,New / Promising
743,Premium,90,6,63901.1,3,3,4,Loyal Customers
1898,Retail,90,10,63885.34,4,4,4,Champions
2856,Premium,90,7,63879.93,4,4,4,Champions
5802,Retail,90,6,63839.78,3,3,4,Loyal Customers
1261,Premium,97,7,63836.82,3,4,4,Loyal Customers
4645,Premium,480,5,63822.18,1,2,4,At-Risk High-Value
7366,Premium,90,6,63784.66,3,3,4,Loyal Customers
6814,Corporate,165,5,63766.94,2,2,4,At-Risk High-Value
8800,Retail,191,6,63749.59,2,3,4,At-Risk High-Value
7934,Premium,125,7,63749.58,3,4,4,Loyal Customers
8713,Corporate,90,4,63740.67,3,2,4,New / Promising
8333,Retail,90,5,63730.25,3,2,4,New / Promising
3272,Retail,131,6,63718.7,3,3,4,Loyal Customers
1060,Premium,367,7,63691.75,1,4,4,At-Risk High-Value
7693,Corporate,280,5,63689.42,2,2,4,At-Risk High-Value
726,Premium,297,9,63661.09,1,4,4,At-Risk High-Value
1659,Premium,90,6,63650.85,3,3,4,Loyal Customers
6285,Premium,90,14,63648.13,4,4,4,Champions
3845,Premium,90,4,63621.68,3,2,4,New / Promising
8116,Premium,90,4,63600.13,3,2,4,New / Promising
879,Premium,90,7,63594.35,4,4,4,Champions
7376,Retail,90,9,63560.85,4,4,4,Champions
9622,Retail,90,10,63532.86,4,4,4,Champions
6791,Premium,90,6,63477.63,3,3,4,Loyal Customers
4255,Premium,310,6,63477.02,1,3,4,At-Risk High-Value
8099,Premium,334,8,63469.18,1,4,4,At-Risk High-Value
673,Retail,141,8,63460.63,2,4,4,At-Risk High-Value
9636,Retail,90,8,63441.06,4,4,4,Champions
1752,Retail,90,6,63388.68,3,3,4,Loyal Customers
9000,Retail,90,10,63385.66,4,4,4,Champions
8393,Premium,90,6,63357.19,3,3,4,Loyal Customers
9198,Retail,254,5,63316.46,2,2,4,At-Risk High-Value
722,Retail,90,9,63313.17,4,4,4,Champions
7664,Premium,90,9,63305.59,4,4,4,Champions
3418,Premium,90,6,63302.81,3,3,4,Loyal Customers
6141,Retail,400,6,63290.65,1,3,4,At-Risk High-Value
5452,Premium,90,7,63226.77,4,4,4,Champions
1581,Premium,90,9,63203.76,4,4,4,Champions
9755,Corporate,111,7,63180.04,3,4,4,Loyal Customers
6937,Premium,131,8,63162.39,3,4,4,Loyal Customers
2812,Retail,163,8,63124.84,2,4,4,At-Risk High-Value
8744,Premium,366,6,63095.44,1,3,4,At-Risk High-Value
8620,Premium,204,9,63071.42,2,4,4,At-Risk High-Value
7008,Premium,90,6,63070.72,3,3,4,Loyal Customers
1341,Premium,209,7,63052.22,2,4,4,At-Risk High-Value
7756,Premium,90,4,63041.84,3,2,4,New / Promising
2308,Premium,119,7,63009.13,3,4,4,Loyal Customers
9939,Premium,190,6,63003.12,2,3,4,At-Risk High-Value
1304,Retail,90,10,62985.95,4,4,4,Champions
7501,Premium,90,3,62980.31,4,2,4,New / Promising
2277,Retail,344,8,62946.05,1,4,4,At-Risk High-Value
7039,Premium,184,10,62934.19,2,4,4,At-Risk High-Value
8230,Premium,206,7,62925.51,2,4,4,At-Risk High-Value
3268,Retail,90,4,62901.05,3,2,4,New / Promising
8183,Retail,90,8,62881.04,4,4,4,Champions
8559,Premium,90,5,62877.17,3,3,4,Loyal Customers
9238,Retail,90,7,62876.49,4,4,4,Champions
7107,Retail,429,4,62860.83,1,2,4,At-Risk High-Value
7310,Retail,95,8,62858.94,3,4,4,Loyal Customers
3726,Corporate,90,7,62849.67,4,4,4,Champions
6583,Retail,90,3,62824.72,4,2,4,New / Promising
3054,Premium,90,6,62808.48,3,3,4,Loyal Customers
5091,Retail,90,6,62756.64,3,3,4,Loyal Customers
3353,Premium,209,8,62750.85,2,4,4,At-Risk High-Value
2609,Retail,90,6,62749.88,3,3,4,Loyal Customers
5251,Premium,90,7,62671.97,4,4,4,Champions
1079,Retail,90,4,62657.51,3,2,4,New / Promising
4453,Premium,90,6,62634.63,3,3,4,Loyal Customers
6841,Premium,162,6,62627.96,2,3,4,At-Risk High-Value
7182,Premium,90,8,62601.97,4,4,4,Champions
7874,Premium,139,6,62593.53,3,3,4,Loyal Customers
2030,Premium,237,5,62579.27,2,3,4,At-Risk High-Value
4759,Retail,90,5,62577.05,3,3,4,Loyal Customers
4869,Retail,90,5,62569.86,3,3,4,Loyal Customers
9231,Corporate,90,6,62569.85,3,3,4,Loyal Customers
9788,Premium,218,9,62560.07,2,4,4,At-Risk High-Value
6346,Retail,90,11,62558.85,4,4,4,Champions
2779,Retail,309,5,62542.15,1,3,4,At-Risk High-Value
4545,Retail,343,8,62509.49,1,4,4,At-Risk High-Value
6847,Premium,433,11,62504.57,1,4,4,At-Risk High-Value
1992,Retail,90,8,62484.69,4,4,4,Champions
9631,Retail,410,8,62471.15,1,4,4,At-Risk High-Value
5742,Premium,90,9,62416.95,4,4,4,Champions
798,Premium,90,7,62406.44,4,4,4,Champions
8450,Retail,90,8,62371.75,4,4,4,Champions
2733,Retail,90,7,62339.33,4,4,4,Champions
9103,Premium,90,8,62332.48,4,4,4,Champions
3850,Corporate,91,8,62316.2,3,4,4,Loyal Customers
9570,Corporate,90,6,62315.39,3,3,4,Loyal Customers
9507,Premium,454,8,62294.08,1,4,4,At-Risk High-Value
8423,Corporate,214,9,62263.0,2,4,4,At-Risk High-Value
6470,Premium,99,8,62250.39,3,4,4,Loyal Customers
7319,Retail,90,8,62241.45,4,4,4,Champions
3468,Retail,374,5,62203.08,1,3,4,At-Risk High-Value
3713,Premium,90,4,62164.41,3,2,4,New / Promising
6672,Retail,232,7,62154.49,2,4,4,At-Risk High-Value
7172,Premium,90,8,62154.35,4,4,4,Champions
7783,Retail,90,5,62133.49,3,3,4,Loyal Customers
786,Premium,90,8,62121.02,4,4,4,Champions
2393,Retail,190,6,62116.85,2,3,4,At-Risk High-Value
7950,Premium,477,5,62112.52,1,3,4,At-Risk High-Value
4971,Premium,90,10,62100.12,4,4,4,Champions
4562,Retail,170,6,62093.46,2,3,4,At-Risk High-Value
4772,Premium,90,5,62089.74,3,3,4,Loyal Customers
8782,Corporate,327,3,62088.95,1,1,4,At-Risk High-Value
37,Premium,171,5,62077.1,2,3,4,At-Risk High-Value
3572,Corporate,90,8,62067.68,4,4,4,Champions
1739,Premium,454,11,62030.8,1,4,4,At-Risk High-Value
6595,Retail,90,8,62022.8,4,4,4,Champions
6413,Premium,291,8,62020.09,1,4,4,At-Risk High-Value
925,Retail,90,9,62009.84,4,4,4,Champions
162,Corporate,90,8,61937.48,4,4,4,Champions
5439,Premium,148,6,61931.37,2,3,4,At-Risk High-Value
6698,Retail,103,2,61914.98,3,1,4,New / Promising
7442,Retail,240,8,61897.5,2,4,4,At-Risk High-Value
7555,Corporate,196,5,61868.7,2,3,4,At-Risk High-Value
4048,Retail,448,1,61857.32,1,1,4,At-Risk High-Value
9449,Retail,90,7,61857.27,4,4,4,Champions
8940,Premium,90,9,61806.69,4,4,4,Champions
1483,Premium,90,4,61761.89,3,2,4,New / Promising
1632,Retail,90,7,61743.91,4,4,4,Champions
8589,Retail,293,7,61740.2,1,4,4,At-Risk High-Value
5357,Retail,166,7,61727.67,2,4,4,At-Risk High-Value
1176,Corporate,135,7,61707.15,3,4,4,Loyal Customers
1269,Retail,90,6,61640.6,3,3,4,Loyal Customers
6740,Premium,90,11,61638.66,4,4,4,Champions
5492,Retail,90,11,61626.21,4,4,4,Champions
5099,Retail,90,5,61613.23,3,3,4,Loyal Customers
6729,Premium,293,8,61601.36,1,4,4,At-Risk High-Value
4457,Retail,90,5,61591.22,3,3,4,Loyal Customers
5216,Retail,409,7,61583.13,1,4,4,At-Risk High-Value
5458,Retail,184,9,61576.09,2,4,4,At-Risk High-Value
5725,Corporate,324,5,61571.59,1,3,4,At-Risk High-Value
1266,Premium,379,6,61560.91,1,3,4,At-Risk High-Value
8375,Corporate,90,7,61523.64,4,4,4,Champions
1921,Premium,90,10,61510.72,4,4,4,Champions
6239,Premium,90,6,61505.97,3,3,4,Loyal Customers
3757,Retail,90,8,61471.77,4,4,4,Champions
6643,Retail,90,7,61446.04,4,4,4,Champions
7236,Premium,195,6,61413.67,2,3,4,At-Risk High-Value
1724,Retail,90,7,61305.45,4,4,4,Champions
5196,Corporate,114,7,61302.46,3,4,4,Loyal Customers
2572,Corporate,90,7,61279.99,4,4,4,Champions
4357,Corporate,90,6,61231.41,3,3,4,Loyal Customers
135,Premium,90,5,61227.48,3,3,4,Loyal Customers
7566,Retail,90,10,61209.97,4,4,4,Champions
967,Premium,90,10,61208.13,4,4,4,Champions
2679,Premium,108,10,61198.6,3,4,4,Loyal Customers
8080,Corporate,90,6,61197.95,3,3,4,Loyal Customers
7773,Retail,125,8,61156.65,3,4,4,Loyal Customers
6026,Premium,90,7,61117.18,4,4,4,Champions
1780,Premium,90,8,61099.71,4,4,4,Champions
3283,Retail,90,5,61082.52,3,3,4,Loyal Customers
7846,Retail,341,6,61065.63,1,3,4,At-Risk High-Value
7618,Retail,90,8,61057.69,4,4,4,Champions
9990,Premium,90,10,61049.05,4,4,4,Champions
5923,Premium,90,7,61026.61,4,4,4,Champions
5915,Corporate,193,3,60993.31,2,1,4,At-Risk High-Value
8151,Premium,90,6,60958.22,3,3,4,Loyal Customers
9296,Premium,92,4,60948.74,3,2,4,New / Promising
4825,Retail,111,7,60927.73,3,4,4,Loyal Customers
6829,Retail,220,8,60924.86,2,4,4,At-Risk High-Value
2157,Premium,192,7,60917.36,2,4,4,At-Risk High-Value
1547,Retail,195,7,60868.9,2,4,4,At-Risk High-Value
4714,Premium,96,8,60843.45,3,4,4,Loyal Customers
7925,Corporate,519,8,60774.39,1,4,4,At-Risk High-Value
9701,Corporate,503,8,60767.93,1,4,4,At-Risk High-Value
1037,Premium,90,8,60695.78,4,4,4,Champions
188,Retail,90,6,60685.6,3,3,4,Loyal Customers
4497,Retail,373,5,60672.37,1,3,4,At-Risk High-Value
6765,Corporate,323,5,60662.1,1,3,4,At-Risk High-Value
3565,Retail,90,9,60616.72,4,4,4,Champions
1997,Premium,203,5,60612.99,2,3,4,At-Risk High-Value
1174,Retail,283,8,60610.08,2,4,4,At-Risk High-Value
3903,Premium,164,9,60605.81,2,4,4,At-Risk High-Value
3017,Premium,90,8,60598.91,4,4,4,Champions
5128,Corporate,127,7,60587.85,3,4,4,Loyal Customers
8309,Retail,90,6,60572.27,3,3,4,Loyal Customers
8778,Premium,90,7,60544.76,4,4,4,Champions
2778,Premium,90,7,60528.18,4,4,4,Champions
2735,Premium,218,5,60518.41,2,3,4,At-Risk High-Value
189,Premium,184,7,60483.03,2,4,4,At-Risk High-Value
9424,Corporate,157,9,60477.47,2,4,4,At-Risk High-Value
8970,Premium,90,6,60457.19,3,3,4,Loyal Customers
7143,Premium,90,7,60423.65,4,4,4,Champions
2905,Corporate,263,8,60418.84,2,4,4,At-Risk High-Value
894,Premium,90,4,60410.21,3,2,4,New / Promising
695,Premium,339,8,60397.35,1,4,4,At-Risk High-Value
3692,Retail,288,5,60396.92,1,3,4,At-Risk High-Value
280,Premium,124,5,60376.86,3,3,4,Loyal Customers
6508,Retail,90,6,60323.68,3,3,4,Loyal Customers
1412,Premium,90,7,60319.48,4,4,4,Champions
495,Premium,310,7,60308.9,1,4,4,At-Risk High-Value
3802,Retail,139,9,60280.27,3,4,4,Loyal Customers
6212,Premium,90,6,60253.63,3,3,4,Loyal Customers
9602,Premium,273,8,60248.81,2,4,4,At-Risk High-Value
688,Retail,90,6,60244.25,3,3,4,Loyal Customers
3879,Retail,210,4,60182.07,2,2,4,At-Risk High-Value
3937,Retail,108,8,60161.7,3,4,4,Loyal Customers
4419,Retail,90,4,60121.88,3,2,4,New / Promising
7563,Premium,285,7,60099.26,1,4,4,At-Risk High-Value
753,Premium,512,7,60085.6,1,4,4,At-Risk High-Value
3005,Premium,213,6,60076.53,2,3,4,At-Risk High-Value
8602,Retail,90,3,60070.82,4,1,4,New / Promising
6342,Retail,90,8,60022.42,4,4,4,Champions
8538,Premium,149,6,60018.48,2,3,4,At-Risk High-Value
7603,Premium,218,9,59987.99,2,4,4,At-Risk High-Value
3306,Retail,152,7,59983.95,2,4,4,At-Risk High-Value
2923,Premium,114,6,59954.51,3,3,4,Loyal Customers
7423,Retail,90,6,59946.79,3,3,4,Loyal Customers
5569,Retail,92,6,59897.38,3,3,4,Loyal Customers
3091,Retail,278,7,59857.22,2,4,4,At-Risk High-Value
1854,Retail,176,5,59853.22,2,3,4,At-Risk High-Value
7826,Premium,90,5,59849.28,3,3,4,Loyal Customers
5637,Corporate,292,6,59816.19,1,3,4,At-Risk High-Value
2269,Premium,520,4,59765.6,1,2,4,At-Risk High-Value
2259,Premium,468,7,59755.79,1,4,4,At-Risk High-Value
94,Retail,90,7,59744.61,4,4,4,Champions
340,Retail,115,5,59738.74,3,3,4,Loyal Customers
2828,Retail,90,10,59686.76,4,4,4,Champions
2847,Retail,90,10,59667.61,4,4,4,Champions
4039,Retail,150,6,59644.31,2,3,4,At-Risk High-Value
8390,Corporate,169,13,59606.59,2,4,4,At-Risk High-Value
5855,Premium,199,6,59602.33,2,3,4,At-Risk High-Value
7710,Retail,123,5,59601.51,3,3,4,Loyal Customers
6128,Retail,90,3,59589.46,4,2,4,New / Promising
3815,Corporate,207,7,59587.47,2,4,4,At-Risk High-Value
2128,Retail,90,7,59585.41,4,4,4,Champions
5524,Retail,90,6,59579.02,3,3,4,Loyal Customers
8519,Retail,90,9,59561.23,4,4,4,Champions
8962,Retail,306,9,59560.01,1,4,4,At-Risk High-Value
6991,Corporate,262,3,59559.62,2,2,4,At-Risk High-Value
7535,Retail,242,7,59556.18,2,4,4,At-Risk High-Value
7419,Retail,90,6,59551.69,3,3,4,Loyal Customers
1415,Retail,90,7,59541.26,4,4,4,Champions
3575,Corporate,90,6,59532.64,3,3,4,Loyal Customers
1868,Retail,90,8,59521.04,4,4,4,Champions
994,Premium,90,12,59496.38,4,4,4,Champions
3399,Corporate,482,9,59470.83,1,4,4,At-Risk High-Value
9377,Retail,175,4,59468.14,2,2,4,At-Risk High-Value
6582,Premium,346,4,59452.71,1,2,4,At-Risk High-Value
8106,Premium,224,7,59441.54,2,4,4,At-Risk High-Value
6106,Retail,262,8,59434.78,2,4,4,At-Risk High-Value
8171,Corporate,150,8,59416.66,2,4,4,At-Risk High-Value
4763,Premium,331,3,59394.54,1,2,4,At-Risk High-Value
4311,Retail,193,3,59368.3,2,2,4,At-Risk High-Value
9723,Premium,515,9,59348.72,1,4,4,At-Risk High-Value
1532,Corporate,383,5,59348.21,1,3,4,At-Risk High-Value
5983,Retail,90,7,59340.58,4,4,4,Champions
1830,Premium,90,6,59321.14,3,3,4,Loyal Customers
4839,Premium,90,4,59318.44,3,2,4,New / Promising
4896,Premium,141,5,59318.31,3,3,4,Loyal Customers
8691,Retail,201,5,59278.29,2,3,4,At-Risk High-Value
5978,Retail,302,7,59228.15,1,4,4,At-Risk High-Value
9285,Retail,393,10,59224.1,1,4,4,At-Risk High-Value
2693,Retail,90,6,59201.55,3,3,4,Loyal Customers
6001,Premium,279,7,59186.43,2,4,4,At-Risk High-Value
176,Retail,300,7,59149.09,1,4,4,At-Risk High-Value
9558,Premium,297,7,59148.3,1,4,4,At-Risk High-Value
5506,Premium,90,6,59133.54,3,3,4,Loyal Customers
7608,Premium,419,4,59109.47,1,2,4,At-Risk High-Value
2143,Premium,90,4,59081.9,3,2,4,New / Promising
797,Retail,90,7,59078.14,4,4,4,Champions
1924,Retail,90,3,59036.93,4,2,4,New / Promising
2542,Retail,90,9,59004.88,4,4,4,Champions
5522,Premium,90,7,58990.93,4,4,4,Champions
4518,Retail,250,5,58983.97,2,3,4,At-Risk High-Value
8523,Retail,90,4,58973.63,3,2,4,New / Promising
7281,Retail,144,8,58958.08,2,4,4,At-Risk High-Value
8353,Premium,378,3,58945.69,1,2,4,At-Risk High-Value
9471,Retail,153,5,58902.87,2,3,4,At-Risk High-Value
2687,Retail,90,8,58892.29,4,4,4,Champions
8079,Premium,90,9,58885.14,4,4,4,Champions
81,Retail,90,5,58882.52,3,3,4,Loyal Customers
4707,Premium,218,9,58829.19,2,4,4,At-Risk High-Value
7580,Retail,126,5,58771.9,3,3,4,Loyal Customers
990,Retail,90,8,58770.06,4,4,4,Champions
4634,Retail,176,7,58720.77,2,4,4,At-Risk High-Value
5457,Retail,165,6,58688.8,2,3,4,At-Risk High-Value
7743,Retail,90,4,58681.51,3,2,4,New / Promising
7732,Retail,353,6,58642.21,1,3,4,At-Risk High-Value
2985,Premium,245,7,58636.17,2,4,4,At-Risk High-Value
860,Retail,90,7,58621.52,4,4,4,Champions
6166,Retail,90,6,58596.08,3,3,4,Loyal Customers
6688,Retail,90,4,58583.72,3,2,4,New / Promising
9411,Retail,90,9,58579.74,4,4,4,Champions
7115,Retail,107,6,58550.69,3,3,4,Loyal Customers
8642,Premium,90,9,58527.11,4,4,4,Champions
1166,Retail,496,7,58523.63,1,4,4,At-Risk High-Value
6292,Retail,234,8,58513.8,2,4,4,At-Risk High-Value
3720,Retail,261,7,58507.46,2,4,4,At-Risk High-Value
6869,Retail,90,3,58501.01,4,2,4,New / Promising
6218,Retail,209,6,58497.92,2,3,4,At-Risk High-Value
9362,Retail,90,8,58496.64,4,4,4,Champions
5996,Premium,260,7,58457.53,2,4,4,At-Risk High-Value
2882,Retail,461,12,58437.13,1,4,4,At-Risk High-Value
1841,Premium,107,7,58433.2,3,4,4,Loyal Customers
9315,Corporate,510,6,58423.96,1,3,4,At-Risk High-Value
7481,Premium,262,10,58420.76,2,4,4,At-Risk High-Value
5158,Premium,433,5,58411.9,1,3,4,At-Risk High-Value
8729,Retail,90,6,58390.99,3,3,4,Loyal Customers
2619,Premium,266,4,58378.39,2,2,4,At-Risk High-Value
906,Premium,90,9,58360.27,4,4,4,Champions
236,Retail,90,5,58359.91,4,3,4,Champions
642,Premium,90,3,58351.47,4,2,4,New / Promising
861,Retail,90,6,58306.39,3,3,4,Loyal Customers
2562,Retail,158,7,58300.21,2,4,4,At-Risk High-Value
639,Retail,90,10,58234.25,4,4,4,Champions
3545,Retail,378,9,58220.56,1,4,4,At-Risk High-Value
7694,Retail,90,8,58198.03,4,4,4,Champions
2411,Premium,90,10,58134.66,4,4,4,Champions
3208,Retail,90,5,58117.47,4,3,4,Champions
3669,Retail,315,7,58104.57,1,4,4,At-Risk High-Value
7312,Retail,443,11,58079.2,1,4,4,At-Risk High-Value
590,Retail,90,7,58071.72,4,4,4,Champions
1319,Retail,90,7,58068.22,4,4,4,Champions
3683,Premium,90,6,58064.42,3,3,4,Loyal Customers
1511,Premium,90,7,58038.77,4,4,4,Champions
7349,Corporate,90,5,58024.67,4,3,4,Champions
9922,Premium,90,9,58019.7,4,4,4,Champions
9993,Retail,90,5,58007.16,4,3,4,Champions
372,Corporate,157,5,57992.33,2,3,4,At-Risk High-Value
6051,Retail,90,8,57957.19,4,4,4,Champions
6296,Premium,239,4,57947.45,2,2,4,At-Risk High-Value
3881,Premium,90,3,57939.07,4,2,4,New / Promising
9538,Corporate,189,6,57909.76,2,3,4,At-Risk High-Value
7616,Premium,90,5,57900.91,4,3,4,Champions
9323,Premium,90,6,57897.02,3,3,4,Loyal Customers
795,Premium,115,10,57893.37,3,4,4,Loyal Customers
8947,Premium,103,6,57883.8,3,3,4,Loyal Customers
179,Retail,90,5,57880.22,4,3,4,Champions
4319,Premium,90,7,57854.38,3,4,4,Loyal Customers
8892,Premium,90,8,57843.32,4,4,4,Champions
9389,Retail,286,9,57840.43,1,4,4,At-Risk High-Value
3676,Premium,130,9,57814.82,3,4,4,Loyal Customers
2698,Premium,144,5,57813.76,2,3,4,At-Risk High-Value
5239,Retail,90,9,57810.63,4,4,4,Champions
5117,Corporate,365,8,57809.79,1,4,4,At-Risk High-Value
5979,Retail,261,5,57799.43,2,3,4,At-Risk High-Value
9601,Premium,194,7,57791.14,2,4,4,At-Risk High-Value
4082,Retail,90,7,57759.47,3,4,4,Loyal Customers
2518,Retail,90,5,57733.46,4,3,4,Champions
5959,Retail,260,3,57717.28,2,2,4,At-Risk High-Value
9945,Premium,90,6,57715.91,3,3,4,Loyal Customers
3110,Retail,255,6,57715.63,2,3,4,At-Risk High-Value
2513,Retail,90,5,57693.74,4,3,4,Champions
6500,Retail,208,3,57687.64,2,2,4,At-Risk High-Value
6815,Retail,121,8,57664.94,3,4,4,Loyal Customers
6536,Retail,90,9,57661.3,4,4,4,Champions
1223,Retail,90,4,57648.93,3,2,4,New / Promising
1971,Premium,90,7,57615.89,3,4,4,Loyal Customers
6665,Premium,90,7,57607.64,3,4,4,Loyal Customers
6938,Corporate,100,8,57557.56,3,4,4,Loyal Customers
7970,Retail,139,8,57544.79,3,4,4,Loyal Customers
3739,Premium,90,5,57506.61,4,3,4,Champions
7234,Retail,121,7,57463.18,3,4,4,Loyal Customers
8930,Retail,358,6,57460.32,1,3,4,At-Risk High-Value
8302,Premium,91,6,57457.61,3,3,4,Loyal Customers
9498,Retail,90,3,57455.84,4,1,4,New / Promising
2915,Premium,234,6,57455.59,2,3,4,At-Risk High-Value
519,Retail,205,7,57452.07,2,4,4,At-Risk High-Value
1183,Premium,90,6,57422.05,3,3,4,Loyal Customers
7965,Retail,330,7,57360.18,1,4,4,At-Risk High-Value
7033,Premium,90,5,57347.61,4,3,4,Champions
2964,Premium,140,7,57338.91,3,4,4,Loyal Customers
244,Retail,170,6,57316.73,2,3,4,At-Risk High-Value
2642,Premium,314,8,57263.65,1,4,4,At-Risk High-Value
4469,Retail,90,9,57230.22,4,4,4,Champions
8639,Premium,128,6,57227.64,3,3,4,Loyal Customers
692,Retail,90,6,57207.28,3,3,4,Loyal Customers
1350,Retail,90,8,57199.04,4,4,4,Champions
7848,Premium,90,10,57172.01,4,4,4,Champions
1960,Premium,90,7,57171.01,3,4,4,Loyal Customers
5610,Premium,540,8,57167.89,1,4,4,At-Risk High-Value
7610,Premium,234,6,57167.7,2,3,4,At-Risk High-Value
8777,Retail,90,7,57166.28,3,4,4,Loyal Customers
5280,Corporate,90,9,57150.25,4,4,4,Champions
1284,Retail,193,8,57113.4,2,4,4,At-Risk High-Value
1498,Retail,90,7,57082.19,3,4,4,Loyal Customers
4341,Retail,209,8,57074.29,2,4,4,At-Risk High-Value
3526,Premium,480,5,57072.98,1,3,4,At-Risk High-Value
7343,Retail,90,6,57048.27,3,3,4,Loyal Customers
260,Retail,90,8,57038.33,4,4,4,Champions
466,Premium,90,5,57037.24,4,3,4,Champions
5438,Premium,217,5,57030.54,2,3,4,At-Risk High-Value
4638,Premium,90,5,57028.84,4,3,4,Champions
4963,Retail,90,8,57023.02,4,4,4,Champions
4280,Corporate,90,5,56981.63,4,3,4,Champions
2527,Premium,372,6,56976.19,1,3,4,At-Risk High-Value
4307,Premium,90,7,56969.52,3,4,4,Loyal Customers
6214,Retail,90,9,56921.39,4,4,4,Champions
7211,Premium,90,8,56910.68,4,4,4,Champions
7558,Retail,183,5,56901.0,2,3,4,At-Risk High-Value
3890,Retail,90,4,56886.58,3,2,4,New / Promising
1345,Retail,397,6,56868.84,1,3,4,At-Risk High-Value
1689,Retail,90,6,56864.75,3,3,4,Loyal Customers
4581,Premium,90,6,56856.42,3,3,4,Loyal Customers
4233,Retail,299,5,56851.73,1,3,4,At-Risk High-Value
5782,Retail,227,9,56830.93,2,4,4,At-Risk High-Value
5603,Premium,293,5,56824.02,1,3,4,At-Risk High-Value
608,Retail,167,4,56808.15,2,2,4,At-Risk High-Value
8920,Corporate,90,11,56806.23,4,4,4,Champions
4287,Premium,203,5,56805.6,2,3,4,At-Risk High-Value
1670,Premium,90,8,56803.56,4,4,4,Champions
3772,Corporate,135,10,56767.49,3,4,4,Loyal Customers
4321,Premium,90,6,56737.65,3,3,4,Loyal Customers
1119,Premium,139,5,56734.97,3,3,4,Loyal Customers
8153,Retail,90,6,56727.04,3,3,4,Loyal Customers
3638,Retail,90,7,56726.57,3,4,4,Loyal Customers
3325,Premium,278,6,56718.83,2,3,4,At-Risk High-Value
71,Retail,133,11,56714.2,3,4,4,Loyal Customers
4584,Premium,90,3,56712.57,4,1,4,New / Promising
8399,Retail,90,2,56701.27,4,1,4,New / Promising
1676,Retail,90,5,56694.61,4,3,4,Champions
9953,Retail,224,5,56687.92,2,3,4,At-Risk High-Value
9790,Retail,90,10,56672.42,4,4,4,Champions
5844,Premium,291,5,56664.26,1,3,4,At-Risk High-Value
2199,Premium,90,9,56662.49,4,4,4,Champions
1763,Premium,505,8,56624.6,1,4,4,At-Risk High-Value
158,Retail,142,7,56614.48,2,4,4,At-Risk High-Value
9216,Retail,470,10,56610.03,1,4,4,At-Risk High-Value
4609,Corporate,90,7,56609.13,3,4,4,Loyal Customers
7246,Retail,283,5,56598.02,2,3,4,At-Risk High-Value
8818,Premium,90,8,56587.21,4,4,4,Champions
8149,Retail,447,3,56581.91,1,1,4,At-Risk High-Value
2860,Premium,109,8,56532.82,3,4,4,Loyal Customers
4182,Retail,110,6,56530.83,3,3,4,Loyal Customers
400,Retail,429,5,56499.04,1,3,4,At-Risk High-Value
631,Retail,90,8,56488.4,4,4,4,Champions
1593,Retail,108,8,56462.9,3,4,4,Loyal Customers
8441,Premium,129,10,56440.5,3,4,4,Loyal Customers
816,Premium,90,4,56425.48,3,2,4,New / Promising
7248,Retail,90,5,56408.09,4,3,4,Champions
9597,Retail,165,8,56365.49,2,4,4,At-Risk High-Value
4775,Premium,456,7,56356.19,1,4,4,At-Risk High-Value
8339,Premium,90,7,56326.58,3,4,4,Loyal Customers
8675,Retail,90,6,56313.25,3,3,4,Loyal Customers
1138,Retail,189,8,56298.19,2,4,4,At-Risk High-Value
3407,Retail,161,6,56284.97,2,3,4,At-Risk High-Value
7219,Corporate,90,7,56280.71,3,4,4,Loyal Customers
505,Premium,90,7,56277.05,3,4,4,Loyal Customers
1994,Retail,135,4,56271.42,3,2,4,New / Promising
8490,Corporate,90,4,56269.8,3,2,4,New / Promising
4027,Premium,90,12,56269.22,4,4,4,Champions
6655,Retail,470,7,56260.18,1,4,4,At-Risk High-Value
3940,Corporate,90,4,56259.75,3,2,4,New / Promising
5071,Retail,90,7,56247.64,3,4,4,Loyal Customers
4726,Premium,90,8,56238.66,4,4,4,Champions
3569,Retail,90,5,56170.49,3,3,4,Loyal Customers
2115,Premium,90,5,56166.72,3,3,4,Loyal Customers
9030,Premium,515,8,56131.33,1,4,4,At-Risk High-Value
9081,Retail,90,5,56127.13,3,3,4,Loyal Customers
6673,Retail,252,5,56126.42,2,3,4,At-Risk High-Value
2236,Premium,168,8,56125.32,2,4,4,At-Risk High-Value
3538,Corporate,229,7,56103.54,2,4,4,At-Risk High-Value
2294,Retail,90,7,56093.52,3,4,4,Loyal Customers
8568,Retail,289,8,56092.61,1,4,4,At-Risk High-Value
8411,Premium,90,7,56077.49,3,4,4,Loyal Customers
6453,Retail,90,6,56074.18,3,3,4,Loyal Customers
7741,Premium,90,8,56032.93,4,4,4,Champions
1495,Premium,345,4,56022.91,1,2,4,At-Risk High-Value
2715,Retail,90,6,56014.37,3,3,4,Loyal Customers
1923,Retail,90,4,56013.32,3,2,4,New / Promising
8219,Retail,90,7,56002.02,3,4,4,Loyal Customers
7148,Premium,124,5,55982.65,3,3,4,Loyal Customers
7210,Retail,90,6,55974.96,3,3,4,Loyal Customers
5560,Premium,311,7,55954.33,1,4,4,At-Risk High-Value
976,Retail,90,5,55945.86,3,3,4,Loyal Customers
470,Retail,90,4,55940.69,3,2,4,New / Promising
7325,Retail,207,5,55936.39,2,3,4,At-Risk High-Value
983,Premium,300,6,55932.03,1,3,4,At-Risk High-Value
3372,Retail,214,7,55929.42,2,4,4,At-Risk High-Value
5079,Premium,90,7,55917.43,3,4,4,Loyal Customers
3390,Retail,90,7,55915.14,3,4,4,Loyal Customers
3581,Retail,90,7,55896.97,3,4,4,Loyal Customers
7614,Premium,90,6,55893.26,3,3,4,Loyal Customers
31,Retail,91,7,55864.2,3,4,4,Loyal Customers
7389,Premium,197,8,55779.55,2,4,4,At-Risk High-Value
7667,Retail,250,3,55729.0,2,1,4,At-Risk High-Value
596,Retail,90,8,55727.42,4,4,4,Champions
6956,Retail,90,5,55709.24,3,3,4,Loyal Customers
7204,Premium,268,8,55706.76,2,4,4,At-Risk High-Value
475,Retail,263,5,55699.44,2,3,4,At-Risk High-Value
9932,Retail,454,6,55688.45,1,3,4,At-Risk High-Value
9019,Retail,486,9,55631.54,1,4,4,At-Risk High-Value
6817,Retail,167,9,55600.02,2,4,4,At-Risk High-Value
117,Retail,281,5,55588.69,2,3,4,At-Risk High-Value
6523,Premium,248,4,55566.98,2,2,4,At-Risk High-Value
5205,Premium,300,6,55550.23,1,3,4,At-Risk High-Value
3767,Premium,90,7,55549.11,3,4,4,Loyal Customers
5050,Premium,90,9,55540.42,4,4,4,Champions
1308,Premium,361,9,55539.92,1,4,4,At-Risk High-Value
8392,Premium,305,7,55533.18,1,4,4,At-Risk High-Value
4537,Premium,381,5,55509.88,1,2,4,At-Risk High-Value
812,Retail,90,6,55498.46,3,3,4,Loyal Customers
772,Premium,90,7,55475.14,3,4,4,Loyal Customers
2903,Corporate,90,4,55472.2,3,2,4,New / Promising
2532,Retail,90,6,55470.7,3,3,4,Loyal Customers
3366,Corporate,90,7,55467.6,3,4,4,Loyal Customers
6877,Premium,90,7,55451.98,3,4,4,Loyal Customers
324,Retail,90,9,55448.98,4,4,4,Champions
7484,Premium,103,5,55421.33,3,2,4,New / Promising
9659,Retail,90,5,55414.88,3,2,4,New / Promising
3351,Premium,405,8,55356.59,1,4,4,At-Risk High-Value
658,Premium,90,5,55336.23,3,2,4,New / Promising
3732,Retail,98,2,55321.98,3,1,4,New / Promising
7128,Retail,90,8,55315.34,4,4,4,Champions
323,Premium,90,6,55312.81,3,3,4,Loyal Customers
1571,Retail,384,7,55290.72,1,4,4,At-Risk High-Value
1164,Retail,90,8,55245.68,4,4,4,Champions
2092,Retail,279,6,55183.55,2,3,4,At-Risk High-Value
8891,Premium,90,8,55157.93,4,4,4,Champions
9144,Premium,90,11,55154.08,4,4,4,Champions
6823,Premium,90,8,55145.08,4,4,4,Champions
6301,Retail,90,5,55144.88,3,2,4,New / Promising
7836,Retail,316,7,55130.44,1,4,4,At-Risk High-Value
3636,Retail,90,7,55124.18,3,4,4,Loyal Customers
209,Retail,90,6,55088.64,3,3,4,Loyal Customers
9253,Premium,170,11,55084.44,2,4,4,At-Risk High-Value
9233,Premium,90,8,55020.37,4,4,4,Champions
9615,Premium,90,5,55016.06,3,2,4,New / Promising
4510,Retail,90,7,55011.96,3,4,4,Loyal Customers
9946,Retail,346,7,55010.21,1,4,4,At-Risk High-Value
7147,Retail,90,8,54993.85,4,4,4,Champions
9293,Retail,90,6,54986.66,3,3,4,Loyal Customers
3695,Premium,202,6,54971.34,2,3,4,At-Risk High-Value
4201,Retail,90,8,54954.24,4,4,4,Champions
5257,Premium,187,5,54943.08,2,2,4,At-Risk High-Value
9789,Retail,98,5,54931.69,3,2,4,New / Promising
2436,Retail,90,6,54928.6,3,3,4,Loyal Customers
4820,Premium,90,5,54926.11,3,2,4,New / Promising
5484,Retail,90,5,54912.3,3,2,4,New / Promising
4207,Retail,90,6,54903.65,3,3,4,Loyal Customers
2624,Retail,90,7,54896.04,3,3,4,Loyal Customers
391,Retail,90,6,54858.28,3,3,4,Loyal Customers
9321,Retail,259,5,54835.17,2,2,4,At-Risk High-Value
2267,Retail,90,8,54790.43,4,4,4,Champions
5007,Retail,321,8,54786.59,1,4,4,At-Risk High-Value
662,Retail,90,6,54785.6,3,3,4,Loyal Customers
2457,Premium,90,8,54778.88,4,4,4,Champions
2178,Corporate,90,7,54772.51,3,3,4,Loyal Customers
7666,Retail,232,6,54763.95,2,3,4,At-Risk High-Value
1886,Corporate,156,6,54752.53,2,3,4,At-Risk High-Value
610,Premium,90,5,54739.43,3,2,4,New / Promising
1156,Retail,90,6,54738.95,3,3,4,Loyal Customers
9272,Premium,459,9,54688.11,1,4,4,At-Risk High-Value
4762,Retail,177,5,54648.96,2,2,4,At-Risk High-Value
8544,Retail,90,10,54636.32,4,4,4,Champions
2272,Premium,394,4,54632.98,1,2,4,At-Risk High-Value
2172,Retail,90,6,54627.56,3,3,4,Loyal Customers
195,Premium,90,9,54626.1,4,4,4,Champions
6721,Retail,90,3,54549.36,4,1,4,New / Promising
9221,Retail,180,4,54540.04,2,2,4,At-Risk High-Value
3412,Retail,90,4,54530.77,3,2,4,New / Promising
2135,Retail,255,8,54528.98,2,4,4,At-Risk High-Value
8499,Retail,90,6,54512.94,3,3,4,Loyal Customers
263,Retail,181,7,54503.34,2,3,4,At-Risk High-Value
4635,Retail,471,11,54501.35,1,4,4,At-Risk High-Value
5601,Premium,365,5,54500.48,1,3,4,At-Risk High-Value
1649,Premium,90,6,54480.24,3,3,4,Loyal Customers
3253,Premium,163,6,54474.63,2,3,4,At-Risk High-Value
5651,Premium,90,8,54470.35,4,4,4,Champions
6534,Premium,234,11,54440.88,2,4,4,At-Risk High-Value
9450,Premium,288,7,54432.34,1,3,4,At-Risk High-Value
9523,Retail,90,6,54427.11,3,3,4,Loyal Customers
8656,Retail,216,9,54426.23,2,4,4,At-Risk High-Value
6628,Corporate,90,6,54412.3,3,3,4,Loyal Customers
254,Premium,296,8,54402.16,1,4,4,At-Risk High-Value
1147,Premium,269,6,54397.94,2,3,4,At-Risk High-Value
5303,Retail,259,6,54373.12,2,3,4,At-Risk High-Value
2387,Retail,90,8,54320.16,4,4,4,Champions
504,Retail,133,5,54284.38,3,3,4,Loyal Customers
4580,Retail,456,7,54254.47,1,3,4,At-Risk High-Value
1008,Premium,90,10,54247.46,4,4,4,Champions
6373,Retail,90,7,54183.08,3,3,4,Loyal Customers
2840,Retail,90,7,54182.38,3,3,4,Loyal Customers
1020,Corporate,90,9,54159.06,4,4,4,Champions
9117,Premium,90,10,54124.02,4,4,4,Champions
9551,Retail,90,9,54120.94,4,4,4,Champions
527,Retail,90,4,54119.03,3,2,4,New / Promising
6256,Retail,101,7,54115.64,3,3,4,Loyal Customers
2547,Retail,90,4,54092.39,3,2,4,New / Promising
5691,Premium,396,7,54086.94,1,3,4,At-Risk High-Value
160,Retail,90,4,54074.56,3,2,4,New / Promising
3730,Retail,105,7,54066.73,3,3,4,Loyal Customers
2644,Premium,90,5,54041.83,3,3,4,Loyal Customers
2602,Corporate,90,5,54015.67,3,3,4,Loyal Customers
1607,Premium,367,6,53994.22,1,3,4,At-Risk High-Value
4110,Retail,366,11,53949.51,1,4,4,At-Risk High-Value
777,Premium,311,5,53944.18,1,3,4,At-Risk High-Value
6887,Corporate,151,8,53935.68,2,4,4,At-Risk High-Value
2843,Retail,90,5,53891.62,3,3,4,Loyal Customers
7124,Corporate,90,8,53850.73,4,4,4,Champions
8820,Premium,340,6,53843.46,1,3,4,At-Risk High-Value
1909,Corporate,492,2,53836.53,1,1,4,At-Risk High-Value
2177,Retail,403,9,53802.49,1,4,4,At-Risk High-Value
5062,Retail,90,5,53795.57,3,3,4,Loyal Customers
4529,Premium,177,6,53794.12,2,3,4,At-Risk High-Value
2141,Retail,90,8,53793.88,4,4,4,Champions
3043,Premium,157,4,53793.23,2,2,4,At-Risk High-Value
837,Premium,127,4,53791.48,3,2,4,New / Promising
6089,Premium,132,5,53745.75,3,3,4,Loyal Customers
9286,Retail,195,6,53727.06,2,3,4,At-Risk High-Value
222,Retail,156,5,53715.77,2,3,4,At-Risk High-Value
9135,Premium,209,6,53712.59,2,3,4,At-Risk High-Value
1019,Premium,470,7,53708.19,1,3,4,At-Risk High-Value
410,Premium,90,6,53706.86,3,3,4,Loyal Customers
3721,Premium,90,7,53706.02,3,3,4,Loyal Customers
6696,Premium,90,4,53690.04,3,2,4,New / Promising
6491,Retail,90,5,53671.33,3,3,4,Loyal Customers
4682,Retail,440,5,53665.18,1,3,4,At-Risk High-Value
8533,Retail,90,7,53635.19,3,3,4,Loyal Customers
2863,Retail,90,7,53624.28,3,3,4,Loyal Customers
1528,Retail,458,4,53612.76,1,2,4,At-Risk High-Value
6321,Retail,90,8,53594.74,4,4,4,Champions
1061,Retail,90,7,53577.37,3,3,4,Loyal Customers
7570,Retail,136,8,53574.03,3,4,4,Loyal Customers
5204,Retail,90,5,53567.86,3,3,4,Loyal Customers
1777,Retail,416,8,53566.14,1,4,4,At-Risk High-Value
2341,Retail,371,6,53560.74,1,3,4,At-Risk High-Value
4596,Retail,270,8,53554.09,2,4,4,At-Risk High-Value
2987,Corporate,90,6,53508.6,3,3,4,Loyal Customers
6267,Retail,224,3,53500.12,2,2,4,At-Risk High-Value
618,Premium,235,7,53480.71,2,3,4,At-Risk High-Value
776,Retail,90,6,53479.76,3,3,4,Loyal Customers
3535,Premium,252,11,53478.75,2,4,4,At-Risk High-Value
8313,Retail,148,8,53440.5,2,4,4,At-Risk High-Value
6327,Retail,384,7,53430.28,1,3,4,At-Risk High-Value
181,Retail,90,5,53416.81,3,3,4,Loyal Customers
3172,Retail,90,4,53402.23,3,2,4,New / Promising
2398,Retail,343,6,53392.26,1,3,4,At-Risk High-Value
4475,Retail,90,7,53380.53,3,3,4,Loyal Customers
6640,Corporate,330,6,53362.49,1,3,4,At-Risk High-Value
9290,Retail,248,11,53361.27,2,4,4,At-Risk High-Value
6211,Retail,90,7,53356.2,3,3,4,Loyal Customers
8003,Premium,234,6,53355.89,2,3,4,At-Risk High-Value
9566,Retail,90,6,53352.94,3,3,4,Loyal Customers
8208,Premium,340,7,53350.43,1,3,4,At-Risk High-Value
1664,Premium,190,4,53341.51,2,2,4,At-Risk High-Value
808,Premium,439,6,53325.15,1,3,4,At-Risk High-Value
5186,Retail,90,11,53323.55,4,4,4,Champions
4818,Retail,354,7,53314.54,1,3,4,At-Risk High-Value
7504,Premium,90,7,53301.98,3,3,4,Loyal Customers
3438,Premium,90,7,53301.39,3,3,4,Loyal Customers
2973,Retail,90,7,53295.68,3,3,4,Loyal Customers
8007,Retail,114,8,53288.24,3,4,4,Loyal Customers
8728,Retail,90,8,53269.05,4,4,4,Champions
2152,Premium,151,5,53260.7,2,3,4,At-Risk High-Value
9849,Retail,90,4,53256.87,3,2,4,New / Promising
4305,Retail,90,5,53223.5,4,3,4,Champions
7827,Premium,209,7,53213.37,2,3,4,At-Risk High-Value
7428,Premium,90,5,53207.12,4,3,4,Champions
131,Retail,130,8,53199.19,3,4,4,Loyal Customers
7881,Retail,160,4,53173.69,2,2,4,At-Risk High-Value
4213,Retail,206,9,53162.46,2,4,4,At-Risk High-Value
5948,Premium,90,6,53161.88,3,3,4,Loyal Customers
414,Retail,217,6,53145.66,2,3,4,At-Risk High-Value
3408,Premium,90,7,53100.68,3,3,4,Loyal Customers
2495,Premium,284,6,53080.63,2,3,4,At-Risk High-Value
227,Retail,90,11,53078.22,4,4,4,Champions
5250,Corporate,90,8,53071.54,4,4,4,Champions
4055,Premium,206,8,53055.67,2,4,4,At-Risk High-Value
2758,Retail,90,7,53049.66,3,3,4,Loyal Customers
896,Premium,221,4,53033.1,2,2,4,At-Risk High-Value
6832,Retail,132,6,53031.85,3,3,4,Loyal Customers
463,Retail,90,5,53022.44,4,3,4,Champions
3149,Premium,90,6,53012.73,3,3,4,Loyal Customers
6370,Premium,497,7,52996.7,1,3,4,At-Risk High-Value
5056,Retail,90,4,52981.54,3,2,4,New / Promising
6873,Retail,96,7,52965.48,3,3,4,Loyal Customers
3975,Retail,469,8,52953.6,1,4,4,At-Risk High-Value
2419,Retail,250,4,52941.36,2,2,4,At-Risk High-Value
7221,Premium,110,6,52932.51,3,3,4,Loyal Customers
8951,Premium,148,9,52918.43,2,4,4,At-Risk High-Value
4922,Retail,105,7,52887.2,3,3,4,Loyal Customers
6772,Retail,127,5,52877.27,3,3,4,Loyal Customers
2131,Retail,90,6,52873.54,3,3,4,Loyal Customers
2754,Premium,90,7,52871.13,3,3,4,Loyal Customers
8682,Retail,190,5,52852.15,2,3,4,At-Risk High-Value
6509,Premium,164,8,52832.31,2,4,4,At-Risk High-Value
5913,Retail,90,6,52830.01,3,3,4,Loyal Customers
3585,Premium,90,10,52814.9,4,4,4,Champions
4521,Premium,90,5,52804.98,4,3,4,Champions
1354,Retail,90,7,52785.87,3,3,4,Loyal Customers
9568,Retail,93,4,52784.85,3,2,4,New / Promising
9751,Retail,90,4,52769.08,3,2,4,New / Promising
8026,Retail,90,6,52766.52,3,3,4,Loyal Customers
2136,Retail,201,4,52755.89,2,2,4,At-Risk High-Value
3765,Retail,90,10,52750.27,4,4,4,Champions
6447,Premium,90,8,52743.35,4,4,4,Champions
3278,Premium,296,5,52741.14,1,3,4,At-Risk High-Value
3501,Retail,252,8,52718.87,2,4,4,At-Risk High-Value
2737,Premium,90,8,52715.83,4,4,4,Champions
1386,Premium,251,7,52709.24,2,3,4,At-Risk High-Value
3885,Retail,90,6,52685.17,3,3,4,Loyal Customers
9782,Retail,234,7,52675.77,2,3,4,At-Risk High-Value
1069,Retail,184,5,52663.6,2,3,4,At-Risk High-Value
9161,Retail,90,6,52661.99,3,3,4,Loyal Customers
6397,Premium,90,6,52659.11,3,3,4,Loyal Customers
3771,Retail,280,7,52646.91,2,3,4,At-Risk High-Value
2724,Retail,150,7,52646.24,2,3,4,At-Risk High-Value
2014,Premium,90,7,52641.99,3,3,4,Loyal Customers
3626,Retail,90,6,52619.49,3,3,4,Loyal Customers
2046,Corporate,90,5,52617.74,3,3,4,Loyal Customers
5753,Retail,231,6,52599.66,2,3,4,At-Risk High-Value
302,Retail,90,4,52594.63,3,2,4,New / Promising
9951,Premium,133,11,52591.99,3,4,4,Loyal Customers
7152,Premium,199,6,52587.3,2,3,4,At-Risk High-Value
9506,Retail,312,4,52568.38,1,2,4,At-Risk High-Value
9126,Corporate,357,7,52562.25,1,3,4,At-Risk High-Value
2374,Premium,90,4,52559.86,3,2,4,New / Promising
3817,Premium,263,6,52555.09,2,3,4,At-Risk High-Value
9665,Retail,454,9,52554.58,1,4,4,At-Risk High-Value
515,Retail,90,7,52543.1,3,3,4,Loyal Customers
6042,Retail,197,8,52541.33,2,4,4,At-Risk High-Value
8396,Premium,90,7,52539.66,3,3,4,Loyal Customers
7679,Retail,249,8,52537.62,2,4,4,At-Risk High-Value
6607,Retail,90,3,52534.51,4,1,4,New / Promising
6162,Premium,326,7,52531.62,1,3,4,At-Risk High-Value
2471,Retail,90,10,52521.56,4,4,4,Champions
7496,Premium,90,5,52494.32,3,2,4,New / Promising
8770,Retail,90,7,52490.93,3,3,4,Loyal Customers
4991,Retail,90,8,52457.77,4,4,4,Champions
6593,Premium,90,7,52428.08,3,3,4,Loyal Customers
5258,Retail,378,6,52419.27,1,3,4,At-Risk High-Value
5895,Retail,110,5,52408.7,3,2,4,New / Promising
7876,Retail,90,5,52402.19,3,2,4,New / Promising
9852,Premium,90,5,52399.45,3,2,4,New / Promising
3137,Retail,177,9,52386.83,2,4,4,At-Risk High-Value
8371,Retail,90,4,52382.12,3,2,4,New / Promising
1641,Retail,90,6,52361.34,3,3,4,Loyal Customers
7505,Retail,90,5,52348.56,3,3,4,Loyal Customers
6948,Retail,241,7,52345.19,2,3,4,At-Risk High-Value
2156,Premium,103,9,52263.0,3,4,4,Loyal Customers
9991,Premium,336,9,52249.6,1,4,3,Regular Customers
4983,Corporate,249,7,52215.39,2,3,3,Regular Customers
8479,Premium,189,5,52213.04,2,3,3,Regular Customers
8112,Retail,90,7,52198.06,3,3,3,Loyal Customers
2804,Retail,90,8,52189.1,4,4,3,Loyal Customers
7314,Retail,125,6,52167.28,3,3,3,Loyal Customers
5919,Premium,90,11,52147.29,4,4,3,Loyal Customers
2555,Retail,90,5,52147.01,3,3,3,Loyal Customers
4405,Premium,90,6,52137.34,3,3,3,Loyal Customers
3331,Retail,90,8,52135.31,4,4,3,Loyal Customers
3371,Retail,90,5,52130.42,3,3,3,Loyal Customers
2765,Retail,194,5,52113.3,2,3,3,Regular Customers
5664,Premium,151,8,52107.25,2,4,3,Regular Customers
8408,Retail,177,7,52099.32,2,3,3,Regular Customers
136,Retail,90,5,52096.87,3,3,3,Loyal Customers
8262,Retail,90,6,52078.6,3,3,3,Loyal Customers
714,Retail,90,5,52077.19,3,3,3,Loyal Customers
5359,Retail,231,6,52068.54,2,3,3,Regular Customers
9277,Retail,462,5,52032.22,1,3,3,Regular Customers
1279,Premium,493,7,51998.01,1,3,3,Regular Customers
1125,Retail,169,6,51997.64,2,3,3,Regular Customers
3990,Retail,90,7,51971.76,3,3,3,Loyal Customers
3352,Premium,90,3,51951.97,4,1,3,New / Promising
2249,Premium,354,7,51904.44,1,3,3,Regular Customers
2153,Corporate,90,6,51891.29,3,3,3,Loyal Customers
2670,Retail,108,6,51870.44,3,3,3,Loyal Customers
5478,Retail,90,10,51867.61,4,4,3,Loyal Customers
3666,Retail,100,6,51865.64,3,3,3,Loyal Customers
2650,Premium,189,8,51856.22,2,4,3,Regular Customers
9007,Premium,90,8,51845.92,4,4,3,Loyal Customers
5568,Premium,90,6,51835.0,3,3,3,Loyal Customers
4436,Retail,90,8,51826.72,4,4,3,Loyal Customers
2263,Retail,470,7,51823.63,1,3,3,Regular Customers
5368,Retail,90,10,51820.06,4,4,3,Loyal Customers
826,Retail,425,7,51818.08,1,3,3,Regular Customers
3190,Premium,90,8,51783.75,4,4,3,Loyal Customers
3778,Premium,90,7,51775.04,3,3,3,Loyal Customers
7907,Premium,212,7,51760.76,2,3,3,Regular Customers
2791,Premium,90,7,51758.78,3,3,3,Loyal Customers
7920,Retail,113,10,51716.84,3,4,3,Loyal Customers
328,Corporate,326,8,51702.87,1,4,3,Regular Customers
2640,Retail,90,5,51702.76,3,3,3,Loyal Customers
9414,Premium,263,7,51699.31,2,3,3,Regular Customers
7452,Premium,90,10,51669.97,4,4,3,Loyal Customers
8835,Premium,90,7,51635.37,3,3,3,Loyal Customers
7061,Retail,342,7,51627.21,1,3,3,Regular Customers
9352,Premium,429,4,51626.62,1,2,3,Lapsed Customers
7047,Retail,91,7,51620.82,3,3,3,Loyal Customers
1738,Retail,90,7,51612.8,3,3,3,Loyal Customers
3744,Premium,377,7,51607.79,1,3,3,Regular Customers
4687,Premium,90,7,51590.84,3,3,3,Loyal Customers
5764,Premium,410,7,51573.73,1,3,3,Regular Customers
3518,Retail,90,4,51572.22,3,2,3,New / Promising
332,Premium,348,6,51563.77,1,3,3,Regular Customers
2087,Premium,90,4,51563.24,3,2,3,New / Promising
1782,Retail,206,4,51547.58,2,2,3,Regular Customers
6260,Retail,90,9,51544.61,4,4,3,Loyal Customers
3946,Retail,90,4,51517.0,3,2,3,New / Promising
2916,Corporate,90,7,51440.62,3,3,3,Loyal Customers
3057,Retail,90,8,51437.77,4,4,3,Loyal Customers
5430,Retail,131,7,51425.94,3,3,3,Loyal Customers
5623,Premium,99,8,51411.03,3,4,3,Loyal Customers
5960,Corporate,153,7,51358.27,2,3,3,Regular Customers
9467,Retail,90,5,51356.3,3,2,3,New / Promising
5355,Retail,90,5,51355.0,3,2,3,New / Promising
9443,Retail,219,5,51347.25,2,2,3,Regular Customers
2941,Retail,90,6,51340.52,3,3,3,Loyal Customers
4217,Corporate,145,6,51318.78,2,3,3,Regular Customers
6368,Premium,400,7,51314.55,1,3,3,Regular Customers
1349,Retail,90,9,51290.75,4,4,3,Loyal Customers
2968,Premium,90,6,51286.83,3,3,3,Loyal Customers
8068,Premium,90,5,51241.11,3,2,3,New / Promising
3735,Premium,306,8,51239.21,1,4,3,Regular Customers
2575,Retail,90,7,51191.02,3,3,3,Loyal Customers
6652,Retail,167,4,51188.45,2,2,3,Regular Customers
6923,Premium,90,8,51173.48,4,4,3,Loyal Customers
7703,Retail,90,8,51160.67,4,4,3,Loyal Customers
4705,Retail,90,8,51153.42,4,4,3,Loyal Customers
6882,Premium,159,7,51148.9,2,3,3,Regular Customers
1264,Premium,90,6,51147.04,3,3,3,Loyal Customers
7339,Premium,225,6,51146.75,2,3,3,Regular Customers
8581,Retail,271,3,51115.4,2,2,3,Regular Customers
5126,Retail,90,5,51106.47,3,3,3,Loyal Customers
4569,Retail,103,11,51104.15,3,4,3,Loyal Customers
3400,Premium,90,6,51102.95,3,3,3,Loyal Customers
1553,Premium,122,6,51091.45,3,3,3,Loyal Customers
9486,Retail,90,9,51074.46,4,4,3,Loyal Customers
729,Premium,90,8,51070.11,4,4,3,Loyal Customers
5510,Premium,90,8,51067.09,4,4,3,Loyal Customers
2874,Retail,333,5,51062.9,1,3,3,Regular Customers
7072,Retail,90,6,51057.06,3,3,3,Loyal Customers
6647,Retail,260,5,51048.63,2,3,3,Regular Customers
7200,Premium,110,5,51038.08,3,3,3,Loyal Customers
2584,Premium,90,8,51034.16,4,4,3,Loyal Customers
5825,Retail,90,6,51012.32,3,3,3,Loyal Customers
5974,Retail,247,11,51001.92,2,4,3,Regular Customers
4606,Corporate,262,5,50948.84,2,3,3,Regular Customers
5642,Premium,449,5,50938.92,1,3,3,Regular Customers
9886,Retail,159,5,50913.08,2,3,3,Regular Customers
2430,Corporate,430,6,50903.11,1,3,3,Regular Customers
8090,Premium,90,4,50866.26,4,2,3,New / Promising
3215,Retail,140,5,50854.21,3,3,3,Loyal Customers
4064,Premium,301,6,50829.64,1,3,3,Regular Customers
1442,Premium,156,6,50816.0,2,3,3,Regular Customers
1042,Retail,90,9,50815.04,4,4,3,Loyal Customers
1336,Retail,90,4,50716.19,4,2,3,New / Promising
5964,Retail,187,5,50712.64,2,2,3,Regular Customers
9390,Retail,311,9,50672.2,1,4,3,Regular Customers
3920,Premium,122,6,50668.17,3,3,3,Loyal Customers
4083,Retail,90,5,50632.48,3,2,3,New / Promising
6488,Premium,412,5,50590.57,1,3,3,Regular Customers
8317,Retail,90,8,50573.35,4,4,3,Loyal Customers
2078,Corporate,90,7,50572.34,3,3,3,Loyal Customers
6612,Retail,290,7,50567.59,1,3,3,Regular Customers
6429,Retail,149,7,50542.43,2,3,3,Regular Customers
2920,Retail,90,8,50540.01,4,4,3,Loyal Customers
1194,Retail,90,6,50532.06,3,3,3,Loyal Customers
2751,Premium,464,5,50528.46,1,3,3,Regular Customers
3649,Retail,90,5,50501.89,3,2,3,New / Promising
5756,Retail,90,6,50480.21,3,3,3,Loyal Customers
1049,Retail,90,8,50460.18,4,4,3,Loyal Customers
7803,Retail,90,8,50455.42,4,4,3,Loyal Customers
9248,Retail,90,7,50434.13,3,3,3,Loyal Customers
6581,Retail,153,11,50433.4,2,4,3,Regular Customers
9244,Retail,90,4,50393.79,4,2,3,New / Promising
7201,Premium,213,6,50387.24,2,3,3,Regular Customers
5730,Premium,388,7,50367.9,1,3,3,Regular Customers
4515,Retail,90,5,50365.96,3,2,3,New / Promising
6062,Retail,90,11,50351.65,4,4,3,Loyal Customers
9810,Retail,90,7,50345.57,3,3,3,Loyal Customers
7059,Retail,90,5,50334.02,3,2,3,New / Promising
4800,Retail,90,8,50289.9,4,4,3,Loyal Customers
6207,Retail,90,6,50258.37,3,3,3,Loyal Customers
2931,Retail,120,3,50256.56,3,2,3,New / Promising
1628,Retail,113,7,50215.46,3,3,3,Loyal Customers
9436,Premium,90,5,50214.57,3,2,3,New / Promising
3486,Premium,447,9,50213.15,1,4,3,Regular Customers
4005,Retail,90,6,50204.19,3,3,3,Loyal Customers
6461,Retail,501,4,50198.65,1,2,3,Lapsed Customers
3145,Retail,90,5,50164.56,3,2,3,New / Promising
2216,Retail,242,8,50159.71,2,4,3,Regular Customers
9015,Premium,90,6,50149.31,3,3,3,Loyal Customers
1573,Retail,90,7,50142.28,3,3,3,Loyal Customers
2348,Retail,90,5,50130.63,3,2,3,New / Promising
1075,Premium,119,6,50121.85,3,3,3,Loyal Customers
6917,Premium,426,4,50109.77,1,2,3,Lapsed Customers
9214,Retail,90,6,50076.54,3,3,3,Loyal Customers
725,Premium,164,4,50047.51,2,2,3,Regular Customers
4195,Retail,199,8,50039.88,2,4,3,Regular Customers
7983,Premium,288,4,50034.9,1,2,3,Lapsed Customers
3747,Retail,152,5,50028.86,2,3,3,Regular Customers
2625,Retail,90,6,50008.24,3,3,3,Loyal Customers
9182,Premium,90,7,50008.23,3,3,3,Loyal Customers
3038,Retail,289,6,50005.71,1,3,3,Regular Customers
6192,Retail,166,4,50005.66,2,2,3,Regular Customers
7385,Retail,90,6,49995.5,3,3,3,Loyal Customers
8710,Retail,90,4,49991.26,4,2,3,New / Promising
2155,Premium,154,4,49973.52,2,2,3,Regular Customers
4533,Corporate,140,4,49969.96,3,2,3,New / Promising
7519,Retail,90,5,49959.43,4,3,3,Loyal Customers
1870,Retail,90,7,49948.58,4,4,3,Loyal Customers
8164,Retail,448,5,49942.03,1,3,3,Regular Customers
1236,Retail,375,5,49929.52,1,3,3,Regular Customers
6217,Premium,346,6,49922.83,1,3,3,Regular Customers
2722,Premium,220,5,49919.13,2,3,3,Regular Customers
4588,Retail,90,4,49902.52,4,2,3,New / Promising
435,Premium,90,7,49899.09,4,4,3,Loyal Customers
1499,Retail,317,6,49889.9,1,3,3,Regular Customers
5866,Retail,303,3,49876.28,1,1,3,Lapsed Customers
5248,Retail,90,3,49817.62,4,1,3,New / Promising
5826,Retail,157,4,49816.61,2,2,3,Regular Customers
2643,Retail,191,4,49812.67,2,2,3,Regular Customers
9104,Corporate,158,5,49806.35,2,3,3,Regular Customers
4006,Premium,90,4,49800.06,4,2,3,New / Promising
3727,Corporate,114,8,49797.28,3,4,3,Loyal Customers
2443,Premium,270,6,49768.07,2,3,3,Regular Customers
2700,Retail,525,7,49760.58,1,4,3,Regular Customers
9687,Retail,94,5,49757.32,3,3,3,Loyal Customers
4974,Retail,90,6,49751.6,3,3,3,Loyal Customers
5705,Retail,200,4,49740.65,2,2,3,Regular Customers
8000,Retail,137,7,49710.07,3,4,3,Loyal Customers
9805,Retail,90,7,49667.43,4,4,3,Loyal Customers
5442,Retail,90,4,49655.86,4,2,3,New / Promising
3555,Premium,90,8,49644.76,4,4,3,Loyal Customers
9843,Retail,90,7,49639.35,4,4,3,Loyal Customers
8117,Retail,262,6,49637.14,2,3,3,Regular Customers
1494,Retail,202,6,49610.16,2,3,3,Regular Customers
3251,Retail,90,8,49603.92,4,4,3,Loyal Customers
1800,Retail,90,7,49600.69,4,4,3,Loyal Customers
1770,Retail,141,7,49577.65,3,4,3,Loyal Customers
9550,Retail,152,9,49570.88,2,4,3,Regular Customers
1148,Retail,90,6,49552.09,3,3,3,Loyal Customers
5289,Retail,90,8,49511.53,4,4,3,Loyal Customers
9139,Retail,90,3,49508.27,4,1,3,New / Promising
1908,Premium,375,5,49494.85,1,3,3,Regular Customers
444,Premium,90,11,49483.6,4,4,3,Loyal Customers
1309,Retail,149,4,49476.92,2,2,3,Regular Customers
1578,Premium,90,7,49473.8,4,4,3,Loyal Customers
1727,Retail,90,7,49454.95,4,4,3,Loyal Customers
177,Retail,90,5,49454.59,4,3,3,Loyal Customers
6976,Retail,90,5,49437.65,3,3,3,Loyal Customers
5809,Retail,170,5,49434.04,2,3,3,Regular Customers
2020,Retail,90,5,49422.32,3,3,3,Loyal Customers
1826,Retail,90,5,49420.69,3,3,3,Loyal Customers
4446,Retail,289,5,49418.6,1,3,3,Regular Customers
7545,Retail,114,6,49373.52,3,3,3,Loyal Customers
4960,Retail,90,8,49364.88,4,4,3,Loyal Customers
5386,Retail,90,6,49343.07,3,3,3,Loyal Customers
8910,Retail,221,5,49339.31,2,3,3,Regular Customers
2343,Premium,90,7,49316.59,4,4,3,Loyal Customers
1728,Retail,90,7,49310.04,4,4,3,Loyal Customers
9987,Premium,309,7,49306.27,1,4,3,Regular Customers
5924,Retail,90,8,49287.56,4,4,3,Loyal Customers
4081,Retail,90,8,49275.63,4,4,3,Loyal Customers
3303,Retail,90,5,49264.43,3,3,3,Loyal Customers
3574,Retail,133,9,49255.35,3,4,3,Loyal Customers
8492,Premium,142,10,49235.07,2,4,3,Regular Customers
6138,Premium,90,10,49221.92,4,4,3,Loyal Customers
205,Retail,90,6,49220.13,3,3,3,Loyal Customers
6997,Retail,164,7,49209.67,2,4,3,Regular Customers
7274,Retail,90,10,49198.73,4,4,3,Loyal Customers
582,Retail,90,6,49178.92,3,3,3,Loyal Customers
7941,Retail,189,9,49169.08,2,4,3,Regular Customers
6012,Premium,90,6,49158.35,3,3,3,Loyal Customers
8982,Retail,321,3,49157.02,1,2,3,Lapsed Customers
1526,Corporate,556,5,49140.76,1,3,3,Regular Customers
2955,Premium,90,8,49123.55,4,4,3,Loyal Customers
6121,Premium,314,5,49110.25,1,3,3,Regular Customers
5505,Premium,199,7,49102.54,2,4,3,Regular Customers
4792,Retail,90,7,49094.99,4,4,3,Loyal Customers
4872,Premium,90,9,49087.77,4,4,3,Loyal Customers
6059,Corporate,90,6,49076.99,3,3,3,Loyal Customers
2867,Retail,286,6,49075.92,1,3,3,Regular Customers
9043,Premium,176,7,49071.93,2,4,3,Regular Customers
1102,Retail,358,7,49067.6,1,4,3,Regular Customers
2009,Retail,90,8,49058.87,4,4,3,Loyal Customers
2613,Retail,332,8,49056.74,1,4,3,Regular Customers
7706,Premium,115,7,49046.38,3,4,3,Loyal Customers
1323,Premium,152,4,49037.9,2,2,3,Regular Customers
2925,Premium,168,4,49029.61,2,2,3,Regular Customers
4466,Retail,159,5,49026.93,2,3,3,Regular Customers
7534,Retail,90,5,49018.58,3,3,3,Loyal Customers
7955,Premium,141,7,49009.95,2,4,3,Regular Customers
672,Premium,199,4,48991.64,2,2,3,Regular Customers
7161,Retail,554,7,48979.75,1,4,3,Regular Customers
4250,Premium,375,9,48961.52,1,4,3,Regular Customers
3982,Retail,196,4,48955.9,2,2,3,Regular Customers
5496,Premium,372,7,48951.1,1,4,3,Regular Customers
9003,Retail,154,4,48900.06,2,2,3,Regular Customers
8461,Retail,90,7,48896.78,4,4,3,Loyal Customers
6173,Premium,90,8,48880.42,4,4,3,Loyal Customers
8974,Retail,90,8,48875.58,4,4,3,Loyal Customers
2585,Retail,386,10,48875.36,1,4,3,Regular Customers
9158,Premium,105,4,48820.01,3,2,3,New / Promising
1563,Retail,90,5,48819.05,3,3,3,Loyal Customers
1746,Retail,90,6,48814.76,3,3,3,Loyal Customers
7891,Premium,240,8,48804.79,2,4,3,Regular Customers
4254,Premium,90,4,48798.39,4,2,3,New / Promising
7649,Retail,90,7,48779.72,4,4,3,Loyal Customers
7513,Retail,320,5,48769.97,1,3,3,Regular Customers
8717,Retail,90,7,48766.42,4,4,3,Loyal Customers
7283,Corporate,200,6,48751.37,2,3,3,Regular Customers
2486,Premium,90,10,48723.12,4,4,3,Loyal Customers
494,Retail,90,7,48706.19,4,4,3,Loyal Customers
1377,Retail,90,4,48655.46,4,2,3,New / Promising
4929,Premium,300,7,48653.54,1,4,3,Regular Customers
5018,Premium,90,7,48645.9,4,4,3,Loyal Customers
5653,Premium,431,7,48642.28,1,4,3,Regular Customers
9573,Retail,313,4,48629.13,1,2,3,Lapsed Customers
4982,Retail,90,7,48625.07,4,4,3,Loyal Customers
2564,Retail,106,5,48615.55,3,2,3,New / Promising
6542,Retail,90,5,48608.7,3,2,3,New / Promising
2145,Premium,123,6,48595.95,3,3,3,Loyal Customers
7357,Corporate,121,6,48575.38,3,3,3,Loyal Customers
6332,Corporate,90,6,48574.48,3,3,3,Loyal Customers
4693,Premium,90,6,48574.38,3,3,3,Loyal Customers
8205,Retail,173,5,48570.68,2,2,3,Regular Customers
4931,Retail,468,4,48556.27,1,2,3,Lapsed Customers
5302,Retail,90,5,48527.41,3,2,3,New / Promising
5800,Premium,90,7,48527.31,4,4,3,Loyal Customers
4591,Premium,90,5,48518.19,3,2,3,New / Promising
2029,Retail,166,5,48506.47,2,2,3,Regular Customers
3314,Retail,90,6,48503.99,3,3,3,Loyal Customers
5033,Premium,147,7,48498.32,2,4,3,Regular Customers
5868,Retail,90,8,48494.09,4,4,3,Loyal Customers
1695,Retail,467,6,48482.41,1,3,3,Regular Customers
192,Retail,163,5,48461.35,2,2,3,Regular Customers
6736,Premium,90,7,48457.14,4,4,3,Loyal Customers
4390,Retail,90,5,48454.98,3,2,3,New / Promising
9375,Retail,101,7,48451.88,3,4,3,Loyal Customers
1123,Retail,375,7,48441.73,1,4,3,Regular Customers
6115,Retail,184,6,48414.77,2,3,3,Regular Customers
2297,Retail,361,3,48397.0,1,1,3,Lapsed Customers
4576,Retail,132,3,48395.61,3,1,3,New / Promising
4369,Premium,90,9,48380.75,4,4,3,Loyal Customers
9864,Retail,246,7,48369.52,2,4,3,Regular Customers
4237,Retail,90,2,48369.17,4,1,3,New / Promising
7550,Retail,110,6,48363.81,3,3,3,Loyal Customers
2276,Premium,237,4,48354.66,2,2,3,Regular Customers
717,Premium,90,5,48352.79,3,2,3,New / Promising
3122,Retail,90,6,48347.42,3,3,3,Loyal Customers
8762,Retail,185,5,48339.15,2,2,3,Regular Customers
6308,Premium,102,4,48331.2,3,2,3,New / Promising
1021,Corporate,446,7,48329.51,1,4,3,Regular Customers
4423,Retail,208,9,48329.25,2,4,3,Regular Customers
6707,Retail,244,8,48324.89,2,4,3,Regular Customers
8216,Retail,90,9,48318.37,4,4,3,Loyal Customers
2252,Retail,126,5,48306.83,3,2,3,New / Promising
8006,Retail,177,4,48298.07,2,2,3,Regular Customers
1844,Retail,90,4,48296.3,4,2,3,New / Promising
9899,Retail,90,8,48262.22,4,4,3,Loyal Customers
6095,Retail,276,7,48245.58,2,4,3,Regular Customers
3255,Retail,189,6,48236.48,2,3,3,Regular Customers
9473,Retail,90,8,48234.81,4,4,3,Loyal Customers
2839,Premium,383,7,48231.1,1,4,3,Regular Customers
8512,Retail,442,7,48226.51,1,4,3,Regular Customers
3915,Retail,90,7,48217.27,4,4,3,Loyal Customers
923,Premium,90,7,48214.87,4,4,3,Loyal Customers
1365,Premium,90,8,48187.24,4,4,3,Loyal Customers
1555,Retail,207,8,48186.7,2,4,3,Regular Customers
890,Retail,146,9,48176.72,2,4,3,Regular Customers
3848,Retail,204,7,48166.22,2,4,3,Regular Customers
2234,Retail,100,4,48156.58,3,2,3,New / Promising
3453,Retail,282,5,48156.52,2,2,3,Regular Customers
9623,Corporate,178,6,48145.91,2,3,3,Regular Customers
2137,Retail,264,9,48140.49,2,4,3,Regular Customers
4437,Retail,226,4,48117.11,2,2,3,Regular Customers
39,Premium,90,9,48098.26,4,4,3,Loyal Customers
8473,Retail,272,8,48098.0,2,4,3,Regular Customers
4269,Premium,398,5,48053.21,1,2,3,Lapsed Customers
5986,Retail,146,7,48034.35,2,4,3,Regular Customers
6305,Premium,255,5,48013.44,2,2,3,Regular Customers
6146,Retail,164,7,48006.79,2,4,3,Regular Customers
4950,Retail,107,7,47987.78,3,4,3,Loyal Customers
3570,Premium,166,8,47978.69,2,4,3,Regular Customers
7894,Retail,203,5,47970.13,2,2,3,Regular Customers
6298,Premium,90,6,47969.71,3,3,3,Loyal Customers
3406,Premium,351,5,47941.62,1,3,3,Regular Customers
2170,Retail,90,3,47899.71,4,1,3,New / Promising
394,Retail,209,6,47895.94,2,3,3,Regular Customers
4765,Retail,138,5,47891.0,3,3,3,Loyal Customers
7552,Retail,268,8,47887.29,2,4,3,Regular Customers
7699,Premium,479,5,47860.24,1,3,3,Regular Customers
4551,Premium,517,8,47833.88,1,4,3,Regular Customers
8834,Premium,196,7,47827.71,2,4,3,Regular Customers
1382,Premium,90,9,47825.85,4,4,3,Loyal Customers
7935,Corporate,90,8,47820.97,4,4,3,Loyal Customers
6931,Premium,90,6,47760.21,3,3,3,Loyal Customers
5638,Premium,90,3,47754.32,4,1,3,New / Promising
6756,Retail,90,7,47744.8,4,4,3,Loyal Customers
6842,Premium,90,9,47723.35,4,4,3,Loyal Customers
1858,Retail,90,9,47720.16,4,4,3,Loyal Customers
5763,Retail,124,6,47714.0,3,3,3,Loyal Customers
5206,Retail,90,7,47711.27,4,4,3,Loyal Customers
513,Retail,90,5,47699.19,3,3,3,Loyal Customers
6564,Retail,149,6,47693.75,2,3,3,Regular Customers
7321,Retail,319,4,47693.36,1,2,3,Lapsed Customers
7,Premium,204,9,47689.05,2,4,3,Regular Customers
5893,Premium,90,9,47649.67,4,4,3,Loyal Customers
275,Retail,268,6,47642.83,2,3,3,Regular Customers
325,Retail,90,7,47640.18,4,4,3,Loyal Customers
1980,Premium,90,8,47635.37,4,4,3,Loyal Customers
1757,Premium,204,4,47620.93,2,2,3,Regular Customers
250,Premium,411,6,47603.0,1,3,3,Regular Customers
7817,Corporate,144,5,47591.21,2,3,3,Regular Customers
1129,Retail,277,5,47583.08,2,3,3,Regular Customers
771,Premium,90,6,47541.08,3,3,3,Loyal Customers
2893,Retail,90,6,47538.44,3,3,3,Loyal Customers
3413,Retail,442,4,47532.73,1,2,3,Lapsed Customers
8144,Premium,224,4,47514.64,2,2,3,Regular Customers
2548,Retail,181,3,47503.93,2,1,3,Regular Customers
7454,Premium,90,6,47500.04,3,3,3,Loyal Customers
2045,Corporate,100,3,47494.17,3,1,3,New / Promising
1517,Premium,90,6,47493.24,3,3,3,Loyal Customers
3472,Premium,226,4,47490.13,2,2,3,Regular Customers
8328,Retail,206,4,47488.73,2,2,3,Regular Customers
8911,Retail,260,9,47474.23,2,4,3,Regular Customers
4978,Premium,163,6,47461.73,2,3,3,Regular Customers
1092,Retail,369,8,47458.33,1,4,3,Regular Customers
2701,Retail,90,5,47456.94,3,3,3,Loyal Customers
1197,Premium,90,9,47449.37,4,4,3,Loyal Customers
4260,Retail,150,10,47447.26,2,4,3,Regular Customers
9492,Premium,300,6,47443.54,1,3,3,Regular Customers
2086,Premium,199,8,47425.23,2,4,3,Regular Customers
2122,Retail,90,6,47422.83,3,3,3,Loyal Customers
1717,Premium,156,4,47421.93,2,2,3,Regular Customers
3919,Premium,321,7,47410.57,1,4,3,Regular Customers
6322,Retail,90,6,47400.95,3,3,3,Loyal Customers
6751,Premium,90,8,47383.98,4,4,3,Loyal Customers
7100,Retail,90,6,47380.41,3,3,3,Loyal Customers
2591,Retail,315,7,47378.08,1,4,3,Regular Customers
9941,Retail,90,6,47376.51,3,3,3,Loyal Customers
9344,Retail,151,3,47367.57,2,1,3,Regular Customers
988,Retail,364,7,47363.24,1,4,3,Regular Customers
4274,Retail,139,8,47330.89,3,4,3,Loyal Customers
5428,Premium,292,5,47315.06,1,3,3,Regular Customers
5429,Retail,539,8,47314.41,1,4,3,Regular Customers
5671,Retail,409,6,47312.87,1,3,3,Regular Customers
7082,Premium,90,4,47304.73,4,2,3,New / Promising
2712,Premium,254,9,47291.52,2,4,3,Regular Customers
1592,Retail,381,5,47290.64,1,3,3,Regular Customers
3994,Retail,90,7,47281.78,4,4,3,Loyal Customers
7995,Premium,90,8,47276.66,4,4,3,Loyal Customers
3033,Retail,90,7,47265.0,4,4,3,Loyal Customers
8107,Premium,90,4,47260.91,4,2,3,New / Promising
1862,Premium,161,8,47251.52,2,4,3,Regular Customers
3674,Retail,493,3,47234.54,1,1,3,Lapsed Customers
3195,Premium,90,5,47214.69,4,3,3,Loyal Customers
7547,Premium,134,6,47204.25,3,3,3,Loyal Customers
7835,Retail,137,8,47193.1,3,4,3,Loyal Customers
2483,Retail,90,5,47178.32,4,3,3,Loyal Customers
2579,Retail,111,4,47170.82,3,2,3,New / Promising
2116,Premium,316,5,47162.3,1,3,3,Regular Customers
1000,Premium,335,8,47150.85,1,4,3,Regular Customers
3607,Retail,219,5,47143.78,2,3,3,Regular Customers
3062,Retail,398,7,47112.25,1,4,3,Regular Customers
7871,Premium,90,7,47095.56,4,4,3,Loyal Customers
8293,Retail,442,7,47081.87,1,4,3,Regular Customers
1644,Retail,184,5,47078.52,2,3,3,Regular Customers
8388,Premium,90,4,47072.33,4,2,3,New / Promising
1855,Retail,540,10,47054.31,1,4,3,Regular Customers
6514,Retail,362,3,47013.85,1,1,3,Lapsed Customers
1991,Retail,320,8,47010.99,1,4,3,Regular Customers
5693,Retail,90,5,47007.71,4,3,3,Loyal Customers
8030,Retail,303,5,47004.38,1,3,3,Regular Customers
4279,Retail,90,6,46987.92,3,3,3,Loyal Customers
9348,Premium,451,6,46984.94,1,3,3,Regular Customers
4120,Premium,530,7,46968.5,1,4,3,Regular Customers
9930,Retail,257,5,46957.35,2,3,3,Regular Customers
8189,Retail,260,8,46931.3,2,4,3,Regular Customers
7296,Premium,264,10,46925.5,2,4,3,Regular Customers
6726,Retail,90,6,46921.51,3,3,3,Loyal Customers
7806,Retail,90,5,46917.07,4,3,3,Loyal Customers
9035,Retail,90,7,46881.91,4,4,3,Loyal Customers
4019,Premium,90,8,46872.66,4,4,3,Loyal Customers
8394,Retail,234,5,46841.4,2,3,3,Regular Customers
1158,Retail,90,6,46811.35,3,3,3,Loyal Customers
2205,Retail,279,3,46795.95,2,1,3,Regular Customers
7304,Retail,90,7,46789.47,4,4,3,Loyal Customers
1033,Retail,90,5,46759.68,4,3,3,Loyal Customers
4781,Retail,90,4,46751.85,4,2,3,New / Promising
3906,Retail,90,7,46697.0,4,4,3,Loyal Customers
2691,Retail,90,5,46696.66,4,3,3,Loyal Customers
1931,Retail,507,8,46693.74,1,4,3,Regular Customers
9267,Premium,90,9,46670.77,4,4,3,Loyal Customers
9980,Retail,278,9,46667.91,2,4,3,Regular Customers
4252,Retail,216,7,46658.51,2,4,3,Regular Customers
9600,Premium,90,7,46644.82,4,4,3,Loyal Customers
6528,Premium,90,5,46640.6,4,3,3,Loyal Customers
9626,Retail,90,6,46637.99,3,3,3,Loyal Customers
6903,Retail,90,5,46625.39,4,3,3,Loyal Customers
5200,Premium,90,5,46617.18,4,3,3,Loyal Customers
8105,Retail,151,5,46616.75,2,3,3,Regular Customers
3350,Retail,90,5,46612.66,4,3,3,Loyal Customers
5586,Retail,90,5,46608.44,4,3,3,Loyal Customers
892,Retail,90,3,46601.22,4,2,3,New / Promising
9651,Retail,90,8,46593.95,4,4,3,Loyal Customers
2357,Premium,273,7,46578.89,2,4,3,Regular Customers
7845,Retail,280,5,46568.48,2,3,3,Regular Customers
7109,Retail,123,9,46559.34,3,4,3,Loyal Customers
9034,Retail,90,7,46543.74,4,4,3,Loyal Customers
6410,Retail,112,8,46541.09,3,4,3,Loyal Customers
9982,Premium,182,5,46518.38,2,3,3,Regular Customers
8251,Premium,193,8,46508.34,2,4,3,Regular Customers
1310,Premium,90,6,46502.39,3,3,3,Loyal Customers
7111,Retail,372,4,46502.21,1,2,3,Lapsed Customers
4821,Premium,230,4,46495.31,2,2,3,Regular Customers
1346,Retail,90,8,46480.26,4,4,3,Loyal Customers
609,Retail,90,5,46454.36,4,3,3,Loyal Customers
6425,Retail,90,8,46451.21,4,4,3,Loyal Customers
8997,Retail,234,7,46447.12,2,4,3,Regular Customers
8437,Retail,270,7,46440.69,2,4,3,Regular Customers
8281,Retail,90,7,46438.74,4,4,3,Loyal Customers
9111,Corporate,273,3,46437.71,2,2,3,Regular Customers
8089,Premium,156,6,46435.93,2,3,3,Regular Customers
5054,Retail,90,7,46434.11,4,4,3,Loyal Customers
9133,Premium,90,6,46428.86,3,3,3,Loyal Customers
8822,Premium,395,6,46425.71,1,3,3,Regular Customers
2026,Retail,348,6,46411.83,1,3,3,Regular Customers
6886,Retail,212,5,46406.11,2,3,3,Regular Customers
7358,Retail,379,4,46391.76,1,2,3,Lapsed Customers
4157,Retail,90,9,46390.0,4,4,3,Loyal Customers
921,Retail,90,5,46378.62,4,3,3,Loyal Customers
4050,Retail,265,5,46374.4,2,3,3,Regular Customers
7590,Premium,90,5,46312.68,4,3,3,Loyal Customers
3749,Premium,90,6,46307.87,3,3,3,Loyal Customers
3090,Retail,90,4,46263.15,4,2,3,New / Promising
6137,Premium,385,8,46241.92,1,4,3,Regular Customers
1626,Premium,90,4,46235.59,4,2,3,New / Promising
5981,Retail,90,7,46207.21,4,4,3,Loyal Customers
5566,Retail,162,5,46170.75,2,3,3,Regular Customers
3688,Retail,90,6,46157.47,3,3,3,Loyal Customers
1579,Corporate,309,4,46151.57,1,2,3,Lapsed Customers
4827,Premium,340,7,46139.74,1,4,3,Regular Customers
6323,Retail,115,7,46124.03,3,4,3,Loyal Customers
7206,Retail,90,9,46118.23,4,4,3,Loyal Customers
633,Retail,90,8,46086.8,4,4,3,Loyal Customers
2244,Premium,503,11,46084.91,1,4,3,Regular Customers
3086,Premium,90,5,46066.51,4,3,3,Loyal Customers
9797,Retail,90,6,46053.08,3,3,3,Loyal Customers
5322,Retail,90,3,46045.16,4,2,3,New / Promising
52,Retail,287,7,46013.32,1,4,3,Regular Customers
2072,Retail,90,7,46010.88,4,4,3,Loyal Customers
1688,Premium,90,8,45987.83,4,4,3,Loyal Customers
9194,Premium,143,4,45974.01,2,2,3,Regular Customers
5834,Retail,90,7,45955.9,4,4,3,Loyal Customers
9720,Retail,90,6,45949.11,3,3,3,Loyal Customers
4959,Retail,90,5,45910.8,4,3,3,Loyal Customers
5090,Retail,90,5,45903.23,4,3,3,Loyal Customers
9838,Retail,90,5,45885.23,4,3,3,Loyal Customers
6929,Premium,90,6,45878.82,3,3,3,Loyal Customers
1731,Premium,90,7,45857.62,4,4,3,Loyal Customers
8541,Retail,279,7,45838.61,2,4,3,Regular Customers
6178,Premium,136,7,45829.65,3,4,3,Loyal Customers
9483,Premium,568,5,45827.52,1,3,3,Regular Customers
9370,Premium,90,5,45816.86,3,3,3,Loyal Customers
5149,Retail,177,3,45774.57,2,2,3,Regular Customers
6011,Retail,298,5,45759.71,1,3,3,Regular Customers
1987,Retail,90,7,45755.99,4,4,3,Loyal Customers
6806,Retail,90,4,45749.46,4,2,3,New / Promising
5667,Retail,359,6,45745.54,1,3,3,Regular Customers
3959,Retail,334,7,45713.76,1,4,3,Regular Customers
819,Retail,90,7,45702.58,4,4,3,Loyal Customers
3533,Retail,101,9,45697.16,3,4,3,Loyal Customers
4835,Premium,90,3,45690.68,4,2,3,New / Promising
7647,Retail,90,8,45675.43,4,4,3,Loyal Customers
3494,Premium,90,6,45647.36,3,3,3,Loyal Customers
9254,Retail,90,7,45638.47,4,4,3,Loyal Customers
3378,Premium,90,4,45610.5,4,2,3,New / Promising
477,Retail,90,9,45607.73,4,4,3,Loyal Customers
1732,Retail,90,6,45605.81,3,3,3,Loyal Customers
8732,Retail,462,7,45601.51,1,4,3,Regular Customers
6602,Retail,90,5,45597.27,3,3,3,Loyal Customers
3014,Retail,90,6,45594.64,3,3,3,Loyal Customers
5650,Retail,90,3,45587.51,4,2,3,New / Promising
1795,Retail,185,6,45581.58,2,3,3,Regular Customers
9094,Retail,90,5,45579.17,3,3,3,Loyal Customers
3219,Retail,90,5,45578.4,3,3,3,Loyal Customers
7007,Retail,90,6,45571.56,3,3,3,Loyal Customers
9548,Retail,176,6,45569.63,2,3,3,Regular Customers
9648,Premium,90,4,45535.69,4,2,3,New / Promising
9633,Premium,438,7,45535.53,1,4,3,Regular Customers
9775,Premium,417,4,45528.44,1,2,3,Lapsed Customers
7165,Retail,90,6,45501.25,3,3,3,Loyal Customers
9454,Retail,90,8,45500.84,4,4,3,Loyal Customers
342,Retail,435,4,45495.69,1,2,3,Lapsed Customers
5353,Retail,273,5,45487.12,2,3,3,Regular Customers
2456,Retail,124,5,45484.85,3,3,3,Loyal Customers
326,Retail,167,5,45434.56,2,3,3,Regular Customers
2850,Premium,179,6,45397.27,2,3,3,Regular Customers
1948,Premium,90,5,45379.61,3,3,3,Loyal Customers
5226,Premium,209,4,45374.82,2,2,3,Regular Customers
1351,Premium,415,6,45359.72,1,3,3,Regular Customers
5308,Retail,90,5,45338.5,3,3,3,Loyal Customers
9239,Retail,111,8,45334.23,3,4,3,Loyal Customers
7591,Retail,492,5,45332.41,1,3,3,Regular Customers
4316,Corporate,370,8,45325.57,1,4,3,Regular Customers
2188,Retail,427,5,45285.3,1,3,3,Regular Customers
5318,Retail,266,6,45282.55,2,3,3,Regular Customers
6343,Retail,90,5,45272.43,3,3,3,Loyal Customers
814,Premium,256,5,45267.84,2,3,3,Regular Customers
9210,Retail,90,6,45251.47,3,3,3,Loyal Customers
4028,Premium,278,9,45249.17,2,4,3,Regular Customers
6455,Premium,90,7,45240.67,4,4,3,Loyal Customers
4483,Corporate,90,6,45221.93,3,3,3,Loyal Customers
4432,Retail,290,6,45192.82,1,3,3,Regular Customers
9544,Premium,232,5,45191.31,2,3,3,Regular Customers
3520,Retail,90,9,45182.31,4,4,3,Loyal Customers
8319,Premium,425,7,45171.72,1,4,3,Regular Customers
7108,Retail,98,5,45164.81,3,3,3,Loyal Customers
4822,Premium,90,7,45139.23,4,4,3,Loyal Customers
5082,Retail,272,8,45137.07,2,4,3,Regular Customers
641,Retail,95,4,45136.79,3,2,3,New / Promising
8061,Retail,203,4,45133.95,2,2,3,Regular Customers
4941,Premium,90,6,45128.59,3,3,3,Loyal Customers
7371,Premium,90,6,45127.76,3,3,3,Loyal Customers
2806,Retail,90,5,45089.45,3,3,3,Loyal Customers
8727,Retail,90,4,45088.31,4,2,3,New / Promising
4575,Retail,158,3,45061.79,2,2,3,Regular Customers
7840,Corporate,281,6,45057.93,2,3,3,Regular Customers
821,Retail,458,9,45038.15,1,4,3,Regular Customers
6481,Retail,90,2,45035.2,4,1,3,New / Promising
8241,Retail,90,8,45024.0,4,4,3,Loyal Customers
5295,Retail,90,5,44998.75,3,3,3,Loyal Customers
937,Retail,289,8,44997.31,1,4,3,Regular Customers
3637,Retail,90,6,44990.75,3,3,3,Loyal Customers
4573,Retail,284,8,44954.75,2,4,3,Regular Customers
3107,Retail,90,6,44954.28,3,3,3,Loyal Customers
1435,Retail,90,4,44948.19,4,2,3,New / Promising
456,Retail,90,6,44934.73,3,3,3,Loyal Customers
918,Premium,90,5,44874.46,3,3,3,Loyal Customers
2281,Premium,90,7,44856.2,4,4,3,Loyal Customers
1616,Retail,437,7,44838.45,1,4,3,Regular Customers
4451,Corporate,162,6,44838.36,2,3,3,Regular Customers
6266,Retail,151,8,44832.41,2,4,3,Regular Customers
9494,Premium,189,6,44825.37,2,3,3,Regular Customers
7631,Retail,97,8,44822.45,3,4,3,Loyal Customers
1490,Corporate,90,8,44807.75,4,4,3,Loyal Customers
4924,Retail,90,6,44805.03,3,3,3,Loyal Customers
378,Premium,162,5,44803.76,2,3,3,Regular Customers
4314,Retail,176,5,44794.92,2,3,3,Regular Customers
6566,Retail,193,6,44790.24,2,3,3,Regular Customers
8232,Retail,425,8,44775.09,1,4,3,Regular Customers
791,Premium,90,10,44753.73,4,4,3,Loyal Customers
8980,Premium,288,4,44753.16,1,2,3,Lapsed Customers
2633,Premium,90,4,44736.28,4,2,3,New / Promising
7722,Retail,90,5,44685.3,3,3,3,Loyal Customers
1978,Retail,286,9,44635.36,1,4,3,Regular Customers
7514,Premium,408,7,44620.04,1,4,3,Regular Customers
3914,Retail,90,7,44568.97,4,4,3,Loyal Customers
106,Retail,90,5,44567.68,3,3,3,Loyal Customers
129,Premium,224,4,44546.18,2,2,3,Regular Customers
5813,Retail,194,7,44540.07,2,4,3,Regular Customers
2621,Retail,90,6,44535.31,3,3,3,Loyal Customers
2496,Premium,90,6,44530.96,3,3,3,Loyal Customers
6599,Premium,498,5,44515.85,1,3,3,Regular Customers
4115,Retail,275,6,44513.22,2,3,3,Regular Customers
8059,Retail,90,6,44508.32,3,3,3,Loyal Customers
1380,Retail,288,5,44453.41,1,3,3,Regular Customers
3616,Retail,90,7,44453.26,4,4,3,Loyal Customers
379,Retail,90,7,44446.22,4,4,3,Loyal Customers
1405,Retail,429,5,44430.8,1,3,3,Regular Customers
959,Retail,90,3,44420.79,4,2,3,New / Promising
3661,Retail,228,4,44418.22,2,2,3,Regular Customers
6851,Retail,404,7,44407.58,1,4,3,Regular Customers
1735,Retail,90,5,44404.35,3,3,3,Loyal Customers
9446,Retail,199,6,44402.57,2,3,3,Regular Customers
8957,Retail,102,3,44370.1,3,2,3,New / Promising
1601,Retail,157,5,44364.3,2,3,3,Regular Customers
4143,Retail,216,7,44363.61,2,4,3,Regular Customers
1331,Retail,120,6,44359.53,3,3,3,Loyal Customers
1548,Retail,90,3,44351.99,4,2,3,New / Promising
9001,Retail,361,5,44351.99,1,3,3,Regular Customers
5539,Retail,90,2,44349.28,4,1,3,New / Promising
7897,Retail,90,5,44348.56,3,3,3,Loyal Customers
1679,Retail,90,6,44348.26,3,3,3,Loyal Customers
744,Premium,205,4,44346.56,2,2,3,Regular Customers
9403,Premium,90,8,44335.0,4,4,3,Loyal Customers
811,Retail,398,5,44325.18,1,3,3,Regular Customers
7805,Retail,90,7,44324.47,4,4,3,Loyal Customers
1562,Retail,282,7,44309.99,2,4,3,Regular Customers
1112,Retail,101,5,44307.17,3,3,3,Loyal Customers
5086,Premium,376,7,44306.38,1,4,3,Regular Customers
4262,Retail,159,9,44299.72,2,4,3,Regular Customers
7877,Premium,103,7,44285.32,3,4,3,Loyal Customers
4789,Retail,368,5,44273.83,1,3,3,Regular Customers
3466,Retail,130,4,44257.12,3,2,3,New / Promising
2120,Retail,90,6,44255.94,3,3,3,Loyal Customers
584,Premium,307,7,44254.51,1,4,3,Regular Customers
2035,Retail,90,5,44243.83,3,3,3,Loyal Customers
7105,Retail,182,5,44233.95,2,3,3,Regular Customers
5154,Retail,90,5,44227.77,3,3,3,Loyal Customers
7772,Retail,558,4,44216.28,1,2,3,Lapsed Customers
8786,Premium,153,5,44216.06,2,3,3,Regular Customers
5917,Retail,428,6,44207.31,1,3,3,Regular Customers
2162,Retail,90,7,44181.0,4,4,3,Loyal Customers
6200,Retail,90,6,44177.93,3,3,3,Loyal Customers
2561,Premium,298,4,44173.15,1,2,3,Lapsed Customers
7541,Retail,90,6,44166.45,3,3,3,Loyal Customers
9828,Retail,90,8,44165.71,4,4,3,Loyal Customers
5556,Premium,224,6,44141.45,2,3,3,Regular Customers
9569,Retail,174,5,44111.46,2,3,3,Regular Customers
508,Retail,236,10,44109.54,2,4,3,Regular Customers
3993,Retail,90,5,44106.81,3,3,3,Loyal Customers
335,Retail,90,7,44093.11,4,4,3,Loyal Customers
7336,Retail,346,6,44067.66,1,3,3,Regular Customers
9576,Retail,90,7,44054.42,4,4,3,Loyal Customers
6631,Retail,320,8,44053.45,1,4,3,Regular Customers
7462,Retail,90,4,44044.5,4,2,3,New / Promising
1675,Retail,214,2,44028.18,2,1,3,Regular Customers
767,Retail,90,8,44019.97,4,4,3,Loyal Customers
8704,Retail,363,6,44000.32,1,3,3,Regular Customers
846,Premium,153,8,43993.48,2,4,3,Regular Customers
741,Premium,90,6,43989.86,3,3,3,Loyal Customers
2017,Retail,237,5,43979.61,2,3,3,Regular Customers
80,Premium,116,6,43977.75,3,3,3,Loyal Customers
7114,Retail,90,5,43976.78,3,3,3,Loyal Customers
3679,Premium,90,9,43950.11,4,4,3,Loyal Customers
6845,Retail,385,7,43928.0,1,4,3,Regular Customers
1012,Premium,102,3,43910.01,3,2,3,New / Promising
5695,Premium,247,9,43898.33,2,4,3,Regular Customers
7471,Premium,90,5,43883.72,3,3,3,Loyal Customers
3066,Retail,142,6,43874.59,2,3,3,Regular Customers
5166,Corporate,257,5,43869.8,2,3,3,Regular Customers
8664,Retail,90,7,43865.56,4,4,3,Loyal Customers
6090,Retail,90,6,43860.0,3,3,3,Loyal Customers
5599,Retail,90,4,43840.05,4,2,3,New / Promising
9219,Premium,355,4,43830.52,1,2,3,Lapsed Customers
2159,Retail,90,5,43822.52,3,3,3,Loyal Customers
8218,Retail,90,5,43795.37,3,3,3,Loyal Customers
564,Retail,247,7,43790.29,2,4,3,Regular Customers
1829,Retail,90,9,43761.16,4,4,3,Loyal Customers
3588,Retail,90,6,43754.54,3,3,3,Loyal Customers
246,Retail,509,6,43744.67,1,3,3,Regular Customers
3104,Premium,90,7,43732.82,4,4,3,Loyal Customers
4558,Retail,90,4,43731.73,4,2,3,New / Promising
8075,Retail,90,3,43711.96,4,2,3,New / Promising
7680,Retail,176,5,43711.35,2,3,3,Regular Customers
8163,Premium,239,5,43698.57,2,3,3,Regular Customers
4745,Premium,248,7,43694.47,2,4,3,Regular Customers
449,Retail,90,3,43680.08,4,2,3,New / Promising
359,Retail,101,10,43659.81,3,4,3,Loyal Customers
5501,Retail,90,9,43654.01,4,4,3,Loyal Customers
2298,Retail,90,7,43651.34,4,4,3,Loyal Customers
790,Retail,379,7,43647.04,1,4,3,Regular Customers
9493,Premium,90,7,43646.38,4,4,3,Loyal Customers
555,Retail,90,6,43646.24,3,3,3,Loyal Customers
9501,Retail,90,7,43640.36,4,4,3,Loyal Customers
9039,Premium,90,7,43639.49,4,4,3,Loyal Customers
8906,Corporate,90,4,43624.64,4,2,3,New / Promising
645,Retail,90,6,43624.06,3,3,3,Loyal Customers
1917,Retail,97,5,43621.26,3,3,3,Loyal Customers
9066,Retail,90,8,43609.34,4,4,3,Loyal Customers
3232,Retail,356,6,43604.5,1,3,3,Regular Customers
6632,Retail,90,6,43591.63,3,3,3,Loyal Customers
9302,Retail,90,7,43585.13,4,4,3,Loyal Customers
7899,Premium,125,7,43579.04,3,4,3,Loyal Customers
8391,Premium,90,6,43560.11,3,3,3,Loyal Customers
9324,Retail,90,6,43533.89,3,3,3,Loyal Customers
9386,Retail,90,3,43485.98,4,2,3,New / Promising
5185,Retail,150,5,43456.94,2,3,3,Regular Customers
464,Premium,90,6,43452.88,3,3,3,Loyal Customers
3598,Retail,164,5,43444.84,2,3,3,Regular Customers
8846,Retail,90,6,43431.55,3,3,3,Loyal Customers
3496,Retail,134,7,43387.81,3,4,3,Loyal Customers
6799,Retail,167,3,43377.04,2,2,3,Regular Customers
9131,Premium,223,5,43366.71,2,3,3,Regular Customers
1487,Retail,303,7,43353.7,1,4,3,Regular Customers
17,Retail,169,4,43348.05,2,2,3,Regular Customers
2636,Retail,130,5,43336.15,3,3,3,Loyal Customers
3997,Premium,420,7,43327.49,1,4,3,Regular Customers
8274,Retail,90,3,43318.56,4,2,3,New / Promising
3001,Retail,90,8,43314.01,4,4,3,Loyal Customers
3761,Retail,292,5,43312.28,1,3,3,Regular Customers
707,Premium,403,7,43284.42,1,4,3,Regular Customers
2657,Premium,338,10,43283.59,1,4,3,Regular Customers
7345,Premium,90,7,43278.55,4,4,3,Loyal Customers
3989,Retail,281,6,43266.2,2,3,3,Regular Customers
9673,Retail,90,4,43258.96,4,2,3,New / Promising
5406,Retail,248,8,43257.89,2,4,3,Regular Customers
1182,Retail,90,5,43257.85,3,3,3,Loyal Customers
3833,Retail,90,4,43255.27,4,2,3,New / Promising
8234,Retail,208,6,43250.4,2,3,3,Regular Customers
9020,Premium,340,7,43246.42,1,4,3,Regular Customers
3081,Retail,142,6,43245.36,2,3,3,Regular Customers
8350,Premium,90,4,43239.48,4,2,3,New / Promising
4574,Premium,90,4,43214.34,4,2,3,New / Promising
9193,Premium,90,6,43200.06,3,3,3,Loyal Customers
1041,Retail,90,6,43197.42,3,3,3,Loyal Customers
1452,Retail,527,7,43194.93,1,4,3,Regular Customers
4553,Retail,264,4,43189.81,2,2,3,Regular Customers
6096,Premium,248,6,43183.59,2,3,3,Regular Customers
7301,Retail,90,5,43183.57,3,3,3,Loyal Customers
5860,Retail,90,8,43169.71,4,4,3,Loyal Customers
7208,Retail,166,7,43150.85,2,4,3,Regular Customers
265,Retail,90,6,43140.15,3,3,3,Loyal Customers
9901,Premium,90,5,43139.61,3,3,3,Loyal Customers
7677,Retail,90,3,43138.55,4,2,3,New / Promising
3591,Retail,328,8,43127.21,1,4,3,Regular Customers
8878,Retail,90,9,43125.92,4,4,3,Loyal Customers
8902,Retail,90,4,43123.18,4,2,3,New / Promising
9128,Retail,141,5,43122.57,2,3,3,Regular Customers
5630,Retail,329,4,43119.42,1,2,3,Lapsed Customers
6038,Retail,260,4,43115.68,2,2,3,Regular Customers
7548,Retail,90,3,43089.45,4,2,3,New / Promising
1110,Retail,90,5,43082.56,3,3,3,Loyal Customers
8468,Premium,187,5,43078.72,2,3,3,Regular Customers
2150,Retail,90,4,43067.93,4,2,3,New / Promising
607,Retail,181,5,43044.3,2,3,3,Regular Customers
1054,Retail,90,6,43043.55,3,3,3,Loyal Customers
1654,Retail,112,7,43032.72,3,4,3,Loyal Customers
3223,Retail,90,4,43030.86,4,2,3,New / Promising
705,Retail,229,9,43018.28,2,4,3,Regular Customers
1130,Retail,90,4,43014.25,4,2,3,New / Promising
2439,Retail,90,8,43013.32,4,4,3,Loyal Customers
5511,Retail,256,8,43011.12,2,4,3,Regular Customers
6222,Retail,90,5,43005.84,3,3,3,Loyal Customers
2130,Retail,299,6,43001.65,1,3,3,Regular Customers
6859,Retail,306,6,42997.72,1,3,3,Regular Customers
9478,Premium,230,4,42976.31,2,2,3,Regular Customers
8875,Retail,162,6,42974.59,2,3,3,Regular Customers
6421,Premium,285,3,42963.65,1,2,3,Lapsed Customers
4069,Retail,90,5,42944.37,3,3,3,Loyal Customers
3830,Corporate,150,5,42939.1,2,3,3,Regular Customers
9885,Premium,127,6,42938.38,3,3,3,Loyal Customers
2560,Premium,121,2,42916.51,3,1,3,New / Promising
9936,Retail,437,4,42913.82,1,2,3,Lapsed Customers
319,Retail,90,3,42883.87,4,2,3,New / Promising
2334,Retail,90,5,42850.76,3,3,3,Loyal Customers
5377,Retail,319,5,42846.47,1,3,3,Regular Customers
6444,Retail,90,3,42839.12,4,2,3,New / Promising
7953,Retail,90,8,42838.29,4,4,3,Loyal Customers
5074,Premium,90,4,42831.09,4,2,3,New / Promising
3151,Retail,90,4,42820.61,4,2,3,New / Promising
7576,Retail,156,5,42816.2,2,3,3,Regular Customers
251,Retail,282,4,42804.3,2,2,3,Regular Customers
4133,Retail,90,5,42796.59,4,3,3,Loyal Customers
9766,Premium,90,7,42779.24,4,4,3,Loyal Customers
6667,Premium,509,9,42778.55,1,4,3,Regular Customers
3869,Retail,239,4,42775.35,2,2,3,Regular Customers
9753,Retail,90,5,42745.36,4,3,3,Loyal Customers
5744,Premium,352,7,42731.74,1,4,3,Regular Customers
5449,Retail,132,5,42725.84,3,3,3,Loyal Customers
7660,Retail,104,6,42713.95,3,3,3,Loyal Customers
3680,Retail,90,4,42707.28,4,2,3,New / Promising
6356,Retail,119,3,42706.91,3,2,3,New / Promising
5606,Retail,90,7,42699.32,4,4,3,Loyal Customers
3064,Premium,484,10,42699.18,1,4,3,Regular Customers
4819,Retail,200,4,42688.58,2,2,3,Regular Customers
9820,Retail,408,5,42678.53,1,3,3,Regular Customers
5961,Retail,379,6,42678.28,1,3,3,Regular Customers
6183,Retail,440,7,42645.82,1,4,3,Regular Customers
8273,Premium,475,4,42643.63,1,2,3,Lapsed Customers
6439,Premium,553,7,42642.54,1,4,3,Regular Customers
9236,Retail,281,4,42625.73,2,2,3,Regular Customers
4503,Retail,90,6,42615.9,3,3,3,Loyal Customers
1259,Retail,104,3,42608.82,3,2,3,New / Promising
4474,Retail,205,6,42605.77,2,3,3,Regular Customers
228,Retail,90,5,42599.45,4,3,3,Loyal Customers
9704,Retail,90,5,42595.44,4,3,3,Loyal Customers
285,Retail,217,9,42593.86,2,4,3,Regular Customers
8520,Retail,113,6,42587.03,3,3,3,Loyal Customers
6532,Retail,90,5,42572.77,4,3,3,Loyal Customers
6796,Premium,428,3,42572.52,1,2,3,Lapsed Customers
9329,Corporate,366,6,42569.21,1,3,3,Regular Customers
7588,Retail,214,8,42565.04,2,4,3,Regular Customers
8248,Retail,90,8,42563.81,4,4,3,Loyal Customers
5466,Premium,90,4,42557.99,4,2,3,New / Promising
9741,Retail,90,4,42552.13,4,2,3,New / Promising
1549,Premium,90,3,42538.17,4,2,3,New / Promising
1232,Retail,90,5,42537.97,4,3,3,Loyal Customers
8331,Retail,418,5,42529.6,1,3,3,Regular Customers
353,Retail,411,6,42525.32,1,3,3,Regular Customers
551,Retail,90,6,42525.28,3,3,3,Loyal Customers
1934,Retail,90,5,42512.84,4,3,3,Loyal Customers
6103,Retail,177,9,42505.34,2,4,3,Regular Customers
5360,Premium,328,5,42485.86,1,3,3,Regular Customers
4514,Premium,90,7,42483.32,4,4,3,Loyal Customers
3672,Retail,90,6,42472.19,3,3,3,Loyal Customers
9739,Retail,90,4,42446.53,4,2,3,New / Promising
7956,Retail,239,4,42445.66,2,2,3,Regular Customers
6980,Premium,90,4,42444.03,4,2,3,New / Promising
3597,Retail,90,4,42430.71,4,2,3,New / Promising
7686,Retail,90,6,42423.01,3,3,3,Loyal Customers
6114,Retail,90,5,42421.29,4,3,3,Loyal Customers
9184,Retail,117,6,42419.96,3,3,3,Loyal Customers
4865,Retail,90,5,42408.35,4,3,3,Loyal Customers
6463,Retail,251,5,42396.56,2,3,3,Regular Customers
3951,Retail,369,4,42395.4,1,2,3,Lapsed Customers
9921,Retail,146,6,42392.91,2,3,3,Regular Customers
5220,Retail,346,7,42392.49,1,4,3,Regular Customers
9021,Premium,212,7,42386.56,2,4,3,Regular Customers
8984,Premium,90,8,42383.38,4,4,3,Loyal Customers
6805,Retail,103,7,42368.11,3,4,3,Loyal Customers
4937,Retail,90,4,42364.42,4,2,3,New / Promising
7691,Retail,90,7,42361.91,4,4,3,Loyal Customers
3019,Retail,104,6,42356.09,3,3,3,Loyal Customers
7963,Premium,291,3,42350.01,1,2,3,Lapsed Customers
6057,Retail,390,5,42343.0,1,3,3,Regular Customers
7174,Retail,235,4,42338.44,2,2,3,Regular Customers
7213,Retail,134,4,42323.84,3,2,3,New / Promising
6704,Retail,131,6,42311.8,3,3,3,Loyal Customers
6100,Retail,435,3,42311.61,1,2,3,Lapsed Customers
9364,Retail,111,7,42303.4,3,4,3,Loyal Customers
402,Retail,176,4,42303.08,2,2,3,Regular Customers
8954,Premium,90,7,42302.2,4,4,3,Loyal Customers
1333,Retail,90,2,42297.96,3,1,3,New / Promising
8811,Retail,90,8,42292.29,4,4,3,Loyal Customers
153,Retail,90,7,42230.0,4,4,3,Loyal Customers
5803,Retail,256,7,42226.83,2,4,3,Regular Customers
831,Retail,438,6,42214.37,1,3,3,Regular Customers
8888,Premium,90,5,42167.14,4,3,3,Loyal Customers
6926,Retail,533,3,42165.86,1,2,3,Lapsed Customers
9855,Premium,240,5,42159.58,2,3,3,Regular Customers
8179,Retail,90,6,42133.65,3,3,3,Loyal Customers
7759,Retail,141,6,42124.56,3,3,3,Loyal Customers
9608,Retail,174,6,42117.07,2,3,3,Regular Customers
3230,Retail,90,5,42108.97,4,3,3,Loyal Customers
970,Premium,448,5,42094.4,1,3,3,Regular Customers
3277,Retail,492,8,42092.96,1,4,3,Regular Customers
5463,Retail,90,4,42085.59,4,2,3,New / Promising
6543,Retail,188,6,42080.41,2,3,3,Regular Customers
2333,Retail,287,6,42077.65,1,3,3,Regular Customers
5139,Retail,453,4,42072.7,1,2,3,Lapsed Customers
5830,Retail,360,8,42069.27,1,4,3,Regular Customers
1374,Premium,90,6,42054.77,3,3,3,Loyal Customers
7522,Retail,90,5,42054.31,4,3,3,Loyal Customers
8472,Premium,216,4,42051.19,2,2,3,Regular Customers
3305,Premium,358,6,42050.44,1,3,3,Regular Customers
5332,Premium,90,6,42042.75,3,3,3,Loyal Customers
728,Retail,309,5,42041.7,1,3,3,Regular Customers
4430,Premium,90,4,42024.79,4,2,3,New / Promising
3037,Retail,90,5,42021.25,4,3,3,Loyal Customers
5503,Retail,360,5,42021.09,1,3,3,Regular Customers
8518,Retail,90,4,42015.38,4,2,3,New / Promising
8626,Retail,90,9,42005.99,4,4,3,Loyal Customers
1705,Retail,90,5,41981.04,4,3,3,Loyal Customers
709,Retail,90,6,41954.9,3,3,3,Loyal Customers
5235,Premium,90,5,41944.2,4,3,3,Loyal Customers
8088,Retail,90,5,41924.57,4,3,3,Loyal Customers
4135,Retail,90,8,41901.09,4,4,3,Loyal Customers
8453,Retail,120,7,41889.36,3,4,3,Loyal Customers
242,Retail,108,7,41882.22,3,4,3,Loyal Customers
8833,Retail,90,8,41877.35,4,4,3,Loyal Customers
6515,Retail,90,4,41876.82,4,2,3,New / Promising
4300,Retail,201,7,41873.21,2,4,3,Regular Customers
3960,Retail,157,3,41871.84,2,1,3,Regular Customers
6118,Retail,90,4,41868.36,4,2,3,New / Promising
7639,Retail,90,8,41861.91,4,4,3,Loyal Customers
6616,Retail,524,8,41859.74,1,4,3,Regular Customers
9894,Premium,90,4,41856.34,4,2,3,New / Promising
8563,Premium,90,4,41850.92,4,2,3,New / Promising
7976,Retail,90,3,41848.22,4,1,3,New / Promising
6826,Retail,90,8,41845.32,4,4,3,Loyal Customers
467,Premium,268,4,41844.93,2,2,3,Regular Customers
8131,Retail,323,6,41833.87,1,3,3,Regular Customers
8592,Retail,281,5,41817.98,2,3,3,Regular Customers
2214,Retail,393,3,41809.1,1,1,3,Lapsed Customers
6928,Premium,90,5,41791.65,4,3,3,Loyal Customers
9656,Retail,90,6,41789.28,3,3,3,Loyal Customers
9168,Premium,90,9,41786.74,4,4,3,Loyal Customers
5376,Premium,90,5,41778.57,4,3,3,Loyal Customers
9204,Premium,90,7,41750.6,4,4,3,Loyal Customers
9960,Retail,90,4,41750.4,4,2,3,New / Promising
8363,Retail,121,5,41746.94,3,3,3,Loyal Customers
6885,Retail,187,5,41741.97,2,3,3,Regular Customers
3589,Retail,104,7,41725.85,3,4,3,Loyal Customers
3998,Retail,90,4,41717.92,4,2,3,New / Promising
621,Retail,159,9,41710.91,2,4,3,Regular Customers
6904,Retail,90,11,41710.81,4,4,3,Loyal Customers
9776,Retail,90,7,41697.93,4,4,3,Loyal Customers
8883,Retail,117,7,41687.66,3,4,3,Loyal Customers
6576,Retail,184,6,41674.53,2,3,3,Regular Customers
9052,Premium,145,7,41667.35,2,4,3,Regular Customers
5897,Retail,118,8,41648.3,3,4,3,Loyal Customers
6021,Retail,353,5,41647.64,1,3,3,Regular Customers
8042,Retail,434,5,41600.53,1,3,3,Regular Customers
3550,Retail,90,4,41581.9,4,2,3,New / Promising
472,Retail,90,3,41579.67,4,1,3,New / Promising
2953,Premium,90,7,41564.12,4,4,3,Loyal Customers
388,Retail,90,4,41562.75,4,2,3,New / Promising
5571,Retail,152,7,41529.9,2,4,3,Regular Customers
8635,Premium,90,4,41520.07,4,2,3,New / Promising
4371,Premium,90,6,41512.45,3,3,3,Loyal Customers
4328,Retail,319,5,41512.02,1,3,3,Regular Customers
7726,Retail,90,5,41478.6,4,3,3,Loyal Customers
5847,Premium,315,5,41459.81,1,3,3,Regular Customers
2400,Premium,90,5,41459.59,4,3,3,Loyal Customers
9203,Premium,391,7,41446.09,1,4,3,Regular Customers
5887,Retail,90,1,41446.03,4,1,3,New / Promising
9708,Retail,273,6,41445.19,2,3,3,Regular Customers
8539,Retail,563,4,41443.46,1,2,3,Lapsed Customers
8240,Retail,254,6,41437.77,2,3,3,Regular Customers
1629,Retail,170,8,41430.34,2,4,3,Regular Customers
68,Retail,192,5,41426.56,2,3,3,Regular Customers
4439,Retail,415,7,41413.71,1,4,3,Regular Customers
4479,Retail,90,6,41387.22,3,3,3,Loyal Customers
5109,Premium,165,7,41360.68,2,4,3,Regular Customers
9793,Premium,431,5,41347.36,1,3,3,Regular Customers
8938,Retail,90,2,41302.2,4,1,3,New / Promising
3784,Retail,90,3,41292.26,4,1,3,New / Promising
7449,Premium,90,6,41291.87,3,3,3,Loyal Customers
8683,Retail,519,5,41256.16,1,3,3,Regular Customers
3035,Retail,216,5,41250.43,2,3,3,Regular Customers
1484,Premium,131,10,41231.26,3,4,3,Loyal Customers
6108,Retail,90,8,41229.6,4,4,3,Loyal Customers
7483,Retail,193,5,41220.32,2,3,3,Regular Customers
8266,Retail,90,9,41213.06,4,4,3,Loyal Customers
1447,Retail,90,4,41210.26,4,2,3,New / Promising
5088,Premium,249,5,41189.85,2,3,3,Regular Customers
4122,Corporate,90,6,41185.04,3,3,3,Loyal Customers
4985,Retail,234,7,41143.9,2,4,3,Regular Customers
8689,Retail,90,7,41140.89,4,4,3,Loyal Customers
5106,Retail,90,7,41125.68,4,4,3,Loyal Customers
1916,Premium,120,10,41105.43,3,4,3,Loyal Customers
8641,Retail,90,5,41087.61,3,3,3,Loyal Customers
2582,Premium,245,6,41072.29,2,3,3,Regular Customers
3787,Retail,106,6,41053.52,3,3,3,Loyal Customers
1397,Premium,216,4,41036.75,2,2,3,Regular Customers
9635,Retail,90,9,41028.12,4,4,3,Loyal Customers
1256,Premium,477,7,41020.78,1,4,3,Regular Customers
1600,Retail,195,5,40998.1,2,3,3,Regular Customers
3041,Retail,122,5,40989.87,3,3,3,Loyal Customers
4919,Retail,90,10,40987.87,4,4,3,Loyal Customers
748,Corporate,333,7,40987.77,1,4,3,Regular Customers
7824,Retail,90,8,40956.77,4,4,3,Loyal Customers
5811,Retail,90,7,40954.99,4,4,3,Loyal Customers
7582,Retail,373,3,40949.58,1,1,3,Lapsed Customers
4416,Retail,90,8,40940.55,4,4,3,Loyal Customers
5591,Retail,486,8,40925.36,1,4,3,Regular Customers
186,Premium,90,5,40920.64,3,3,3,Loyal Customers
1998,Retail,90,4,40902.28,4,2,3,New / Promising
5354,Premium,98,6,40901.74,3,3,3,Loyal Customers
3381,Retail,90,6,40900.9,3,3,3,Loyal Customers
849,Retail,90,5,40889.35,3,3,3,Loyal Customers
8863,Retail,90,7,40863.9,4,4,3,Loyal Customers
3876,Retail,90,6,40858.37,3,3,3,Loyal Customers
2243,Premium,299,4,40830.19,1,2,3,Lapsed Customers
800,Retail,132,6,40814.21,3,3,3,Loyal Customers
7785,Retail,90,7,40811.51,4,4,3,Loyal Customers
6352,Retail,539,6,40799.89,1,3,3,Regular Customers
573,Retail,456,6,40793.92,1,3,3,Regular Customers
778,Retail,358,4,40786.17,1,2,3,Lapsed Customers
934,Retail,97,2,40786.15,3,1,3,New / Promising
3857,Premium,318,4,40785.37,1,2,3,Lapsed Customers
2296,Corporate,90,5,40785.03,3,3,3,Loyal Customers
7549,Retail,290,7,40760.16,1,4,3,Regular Customers
548,Retail,137,6,40748.14,3,3,3,Loyal Customers
6618,Retail,240,6,40743.2,2,3,3,Regular Customers
761,Retail,475,4,40729.51,1,2,3,Lapsed Customers
5526,Retail,90,6,40703.61,3,3,3,Loyal Customers
9149,Retail,150,9,40689.2,2,4,3,Regular Customers
6552,Premium,121,6,40678.69,3,3,3,Loyal Customers
9338,Premium,90,6,40674.11,3,3,3,Loyal Customers
1043,Premium,184,4,40665.12,2,2,3,Regular Customers
6131,Retail,267,7,40662.11,2,4,3,Regular Customers
926,Retail,90,4,40653.83,4,2,3,New / Promising
7944,Premium,100,10,40650.62,3,4,3,Loyal Customers
8687,Retail,404,5,40644.28,1,3,3,Regular Customers
7716,Retail,198,5,40630.21,2,3,3,Regular Customers
1231,Premium,90,4,40602.08,4,2,3,New / Promising
5433,Retail,369,2,40594.45,1,1,3,Lapsed Customers
7243,Retail,90,5,40589.31,3,3,3,Loyal Customers
3755,Retail,340,5,40575.9,1,3,3,Regular Customers
7730,Retail,90,4,40552.5,4,2,3,New / Promising
2654,Retail,101,7,40545.68,3,4,3,Loyal Customers
7748,Retail,250,6,40542.9,2,3,3,Regular Customers
9801,Retail,161,3,40536.23,2,1,3,Regular Customers
2309,Retail,394,4,40534.9,1,2,3,Lapsed Customers
3631,Retail,90,7,40534.85,4,4,3,Loyal Customers
2320,Retail,90,6,40529.08,3,3,3,Loyal Customers
1766,Retail,127,4,40511.05,3,2,3,New / Promising
4220,Retail,416,4,40502.39,1,2,3,Lapsed Customers
5004,Retail,156,6,40495.49,2,3,3,Regular Customers
4626,Premium,90,9,40493.06,4,4,3,Loyal Customers
7060,Retail,90,7,40479.27,4,4,3,Loyal Customers
2342,Retail,356,5,40477.22,1,2,3,Lapsed Customers
4060,Premium,293,6,40470.58,1,3,3,Regular Customers
7010,Retail,90,7,40453.19,4,4,3,Loyal Customers
5163,Retail,356,5,40418.8,1,2,3,Lapsed Customers
9638,Retail,90,5,40418.28,3,2,3,New / Promising
9460,Retail,90,6,40416.41,3,3,3,Loyal Customers
3220,Premium,169,8,40383.67,2,4,3,Regular Customers
8260,Premium,90,6,40380.24,3,3,3,Loyal Customers
1509,Retail,90,4,40370.33,4,2,3,New / Promising
1370,Premium,90,5,40370.14,3,2,3,New / Promising
7253,Premium,90,9,40369.47,4,4,3,Loyal Customers
1497,Retail,90,4,40350.84,4,2,3,New / Promising
9318,Premium,297,8,40321.93,1,4,3,Regular Customers
8176,Retail,90,7,40307.68,4,4,3,Loyal Customers
7542,Retail,90,6,40278.11,3,3,3,Loyal Customers
30,Retail,90,4,40276.95,4,2,3,New / Promising
8323,Premium,90,7,40275.59,4,4,3,Loyal Customers
734,Premium,90,5,40261.06,3,2,3,New / Promising
9416,Retail,113,8,40260.52,3,4,3,Loyal Customers
1385,Retail,368,5,40255.09,1,2,3,Lapsed Customers
6866,Retail,90,4,40254.93,4,2,3,New / Promising
3564,Retail,137,3,40246.44,3,1,3,New / Promising
3356,Premium,161,4,40236.36,2,2,3,Regular Customers
6409,Retail,232,5,40196.06,2,2,3,Regular Customers
7135,Premium,483,8,40192.95,1,4,3,Regular Customers
2781,Premium,443,7,40188.42,1,4,3,Regular Customers
4104,Premium,226,8,40175.57,2,4,3,Regular Customers
9683,Corporate,303,5,40163.84,1,2,3,Lapsed Customers
9314,Retail,90,5,40163.63,3,2,3,New / Promising
1047,Retail,431,5,40152.76,1,2,3,Lapsed Customers
4336,Premium,90,5,40105.86,3,2,3,New / Promising
7227,Retail,356,5,40098.85,1,2,3,Lapsed Customers
8129,Retail,392,8,40091.53,1,4,3,Regular Customers
4509,Premium,176,4,40086.17,2,2,3,Regular Customers
5427,Retail,90,6,40083.17,3,3,3,Loyal Customers
8684,Premium,333,4,40083.06,1,2,3,Lapsed Customers
2074,Retail,90,9,40060.91,4,4,3,Loyal Customers
6856,Retail,90,6,40056.75,3,3,3,Loyal Customers
3330,Retail,90,4,40053.81,4,2,3,New / Promising
8051,Retail,330,2,40024.48,1,1,3,Lapsed Customers
1444,Premium,366,6,39997.0,1,3,3,Regular Customers
6160,Retail,210,7,39993.7,2,4,3,Regular Customers
5722,Retail,241,5,39961.15,2,2,3,Regular Customers
5292,Premium,90,3,39954.27,4,1,3,New / Promising
2944,Retail,458,7,39942.18,1,4,3,Regular Customers
3601,Retail,368,5,39941.92,1,2,3,Lapsed Customers
9408,Retail,314,8,39938.65,1,4,3,Regular Customers
9176,Retail,90,9,39936.71,4,4,3,Loyal Customers
6594,Retail,90,6,39917.62,3,3,3,Loyal Customers
1812,Retail,90,3,39903.93,4,1,3,New / Promising
2363,Premium,90,5,39871.75,3,2,3,New / Promising
1779,Retail,209,3,39861.37,2,1,3,Regular Customers
7106,Retail,159,5,39824.04,2,2,3,Regular Customers
8623,Premium,90,4,39808.51,4,2,3,New / Promising
1348,Premium,98,6,39801.22,3,3,3,Loyal Customers
6061,Retail,155,5,39797.38,2,2,3,Regular Customers
2767,Premium,93,4,39784.68,3,2,3,New / Promising
243,Retail,248,3,39775.44,2,1,3,Regular Customers
6204,Retail,90,9,39774.48,4,4,3,Loyal Customers
6227,Retail,263,7,39770.0,2,4,3,Regular Customers
1512,Retail,247,9,39766.12,2,4,3,Regular Customers
6309,Retail,202,5,39752.58,2,2,3,Regular Customers
5341,Premium,90,8,39752.48,4,4,3,Loyal Customers
4979,Retail,90,6,39749.93,3,3,3,Loyal Customers
309,Retail,142,6,39748.95,2,3,3,Regular Customers
389,Retail,90,4,39740.6,4,2,3,New / Promising
506,Retail,288,5,39726.28,1,2,3,Lapsed Customers
2433,Premium,453,2,39725.74,1,1,3,Lapsed Customers
5346,Premium,231,6,39711.06,2,3,3,Regular Customers
9520,Retail,90,6,39704.79,3,3,3,Loyal Customers
8564,Retail,404,7,39703.01,1,4,3,Regular Customers
6283,Retail,90,5,39685.25,3,2,3,New / Promising
8574,Retail,90,6,39681.98,3,3,3,Loyal Customers
3240,Retail,160,6,39681.69,2,3,3,Regular Customers
1104,Premium,265,6,39670.47,2,3,3,Regular Customers
6535,Retail,90,3,39662.9,4,1,3,New / Promising
9022,Retail,227,7,39659.05,2,4,3,Regular Customers
1937,Premium,304,6,39650.01,1,3,3,Regular Customers
6446,Retail,90,5,39647.34,3,2,3,New / Promising
4715,Retail,397,5,39604.85,1,2,3,Lapsed Customers
4902,Retail,90,5,39604.36,3,3,3,Loyal Customers
947,Retail,90,5,39599.23,3,3,3,Loyal Customers
6540,Premium,279,5,39589.23,2,3,3,Regular Customers
1753,Premium,244,6,39583.44,2,3,3,Regular Customers
779,Premium,446,7,39576.77,1,4,3,Regular Customers
233,Retail,578,6,39576.39,1,3,3,Regular Customers
7308,Premium,490,5,39574.65,1,3,3,Regular Customers
3979,Premium,196,5,39540.9,2,3,3,Regular Customers
3410,Retail,319,4,39534.61,1,2,3,Lapsed Customers
8605,Retail,454,4,39533.43,1,2,3,Lapsed Customers
6983,Retail,90,5,39525.71,3,3,3,Loyal Customers
3347,Retail,235,7,39521.79,2,4,3,Regular Customers
5929,Premium,407,6,39520.36,1,3,3,Regular Customers
8946,Premium,90,5,39488.88,3,3,3,Loyal Customers
6027,Retail,90,9,39474.89,4,4,3,Loyal Customers
6749,Retail,389,6,39465.07,1,3,3,Regular Customers
5647,Retail,90,3,39455.29,4,1,3,New / Promising
6549,Retail,90,8,39455.14,4,4,3,Loyal Customers
4740,Retail,156,7,39437.45,2,4,3,Regular Customers
3452,Retail,432,3,39435.4,1,1,3,Lapsed Customers
2472,Premium,277,7,39430.45,2,4,3,Regular Customers
4913,Premium,302,6,39426.85,1,3,3,Regular Customers
5559,Premium,153,8,39426.63,2,4,3,Regular Customers
4688,Premium,281,6,39426.48,2,3,3,Regular Customers
3797,Retail,217,7,39425.12,2,4,3,Regular Customers
9957,Retail,90,6,39415.82,3,3,3,Loyal Customers
4065,Retail,90,6,39405.45,3,3,3,Loyal Customers
5263,Retail,90,6,39401.58,3,3,3,Loyal Customers
2963,Retail,90,8,39396.85,4,4,3,Loyal Customers
5720,Retail,90,5,39395.99,3,3,3,Loyal Customers
3036,Premium,90,6,39387.73,3,3,3,Loyal Customers
8201,Premium,137,6,39369.91,3,3,3,Loyal Customers
4353,Retail,90,2,39366.15,4,1,3,New / Promising
9674,Retail,236,4,39354.54,2,2,3,Regular Customers
7903,Premium,422,3,39353.99,1,1,3,Lapsed Customers
7245,Premium,90,7,39352.66,4,4,3,Loyal Customers
6056,Premium,90,4,39339.33,4,2,3,New / Promising
5435,Retail,90,4,39324.47,4,2,3,New / Promising
7266,Retail,156,4,39323.7,2,2,3,Regular Customers
2965,Retail,90,5,39301.37,3,3,3,Loyal Customers
2525,Retail,437,6,39280.62,1,3,3,Regular Customers
8011,Retail,103,6,39275.43,3,3,3,Loyal Customers
4735,Retail,90,4,39268.63,4,2,3,New / Promising
119,Retail,262,4,39266.74,2,2,3,Regular Customers
2040,Corporate,297,5,39230.7,1,3,3,Regular Customers
643,Premium,90,6,39227.92,3,3,3,Loyal Customers
5685,Retail,175,2,39226.69,2,1,3,Regular Customers
8927,Retail,90,6,39226.56,3,3,3,Loyal Customers
3176,Premium,189,3,39217.07,2,2,3,Regular Customers
5482,Retail,90,5,39203.41,3,3,3,Loyal Customers
2290,Retail,90,5,39177.4,3,3,3,Loyal Customers
7887,Retail,90,6,39175.35,3,3,3,Loyal Customers
1760,Retail,286,4,39168.8,1,2,3,Lapsed Customers
1894,Retail,199,5,39159.09,2,3,3,Regular Customers
4290,Retail,90,7,39154.24,4,4,3,Loyal Customers
4712,Retail,90,5,39149.4,3,3,3,Loyal Customers
2626,Retail,90,6,39142.91,3,3,3,Loyal Customers
7094,Retail,90,7,39131.39,4,4,3,Loyal Customers
571,Retail,90,4,39127.26,4,2,3,New / Promising
9883,Retail,90,7,39083.56,4,4,3,Loyal Customers
5970,Retail,173,6,39080.46,2,3,3,Regular Customers
6686,Premium,232,4,39050.61,2,2,3,Regular Customers
4879,Retail,90,7,39046.71,4,4,3,Loyal Customers
432,Retail,90,5,39034.37,3,3,3,Loyal Customers
7684,Retail,252,4,39023.28,2,2,3,Regular Customers
1859,Retail,90,7,39017.83,4,4,3,Loyal Customers
7127,Retail,90,6,39008.19,3,3,3,Loyal Customers
6259,Retail,90,5,38973.87,3,3,3,Loyal Customers
1911,Premium,498,6,38963.27,1,3,3,Regular Customers
4098,Retail,279,4,38960.82,2,2,3,Regular Customers
9054,Premium,90,3,38957.68,4,1,3,New / Promising
5523,Retail,219,7,38953.97,2,4,3,Regular Customers
4981,Retail,90,5,38949.22,3,3,3,Loyal Customers
7637,Retail,236,5,38947.74,2,3,3,Regular Customers
9300,Retail,132,7,38938.44,3,4,3,Loyal Customers
3450,Premium,90,6,38933.09,3,3,3,Loyal Customers
7146,Retail,136,7,38927.31,3,4,3,Loyal Customers
8659,Retail,290,3,38926.68,1,2,3,Lapsed Customers
3922,Premium,90,7,38916.27,4,4,3,Loyal Customers
6548,Retail,90,5,38898.79,3,3,3,Loyal Customers
2936,Retail,470,8,38895.97,1,4,3,Regular Customers
3241,Retail,90,6,38892.47,3,3,3,Loyal Customers
3433,Premium,464,2,38881.9,1,1,3,Lapsed Customers
1522,Retail,90,3,38864.34,4,2,3,New / Promising
7361,Retail,318,3,38854.95,1,2,3,Lapsed Customers
8570,Premium,90,4,38848.81,4,2,3,New / Promising
9580,Retail,90,5,38837.45,3,3,3,Loyal Customers
2526,Retail,213,6,38835.72,2,3,3,Regular Customers
9404,Premium,90,6,38831.66,3,3,3,Loyal Customers
5221,Premium,172,7,38830.09,2,4,3,Regular Customers
5340,Premium,225,7,38818.67,2,4,3,Regular Customers
6191,Retail,90,6,38816.31,3,3,3,Loyal Customers
4068,Retail,90,5,38805.12,3,3,3,Loyal Customers
2441,Premium,287,7,38798.42,1,4,3,Regular Customers
9430,Retail,119,5,38782.14,3,3,3,Loyal Customers
9959,Premium,96,4,38749.31,3,2,3,New / Promising
3972,Retail,90,7,38744.97,4,4,3,Loyal Customers
6955,Premium,127,8,38744.06,3,4,3,Loyal Customers
9412,Retail,90,4,38744.04,4,2,3,New / Promising
9331,Retail,355,4,38731.84,1,2,3,Lapsed Customers
7917,Retail,230,4,38722.62,2,2,3,Regular Customers
6522,Retail,456,5,38715.81,1,3,3,Regular Customers
2077,Retail,197,6,38709.56,2,3,3,Regular Customers
1861,Retail,112,4,38694.51,3,2,3,New / Promising
6526,Premium,135,5,38677.65,3,3,3,Loyal Customers
8184,Retail,165,4,38671.63,2,2,3,Regular Customers
6645,Retail,90,6,38669.32,3,3,3,Loyal Customers
3099,Retail,90,4,38659.42,4,2,3,New / Promising
9240,Retail,90,6,38658.73,3,3,3,Loyal Customers
7869,Retail,245,6,38654.33,2,3,3,Regular Customers
1673,Retail,209,6,38645.7,2,3,3,Regular Customers
6328,Retail,156,4,38643.01,2,2,3,Regular Customers
7838,Retail,90,5,38636.34,4,3,3,Loyal Customers
8046,Premium,90,7,38635.53,4,4,3,Loyal Customers
9910,Retail,391,6,38635.41,1,3,3,Regular Customers
7430,Retail,153,7,38633.96,2,4,3,Regular Customers
5692,Retail,90,4,38627.31,4,2,3,New / Promising
1605,Premium,90,5,38626.53,4,3,3,Loyal Customers
4388,Premium,355,6,38624.58,1,3,3,Regular Customers
4156,Premium,485,5,38619.49,1,3,3,Regular Customers
9721,Premium,187,8,38618.88,2,4,3,Regular Customers
9197,Retail,90,5,38586.52,4,3,3,Loyal Customers
6590,Retail,204,9,38578.28,2,4,3,Regular Customers
133,Retail,240,5,38564.92,2,3,3,Regular Customers
7180,Retail,113,4,38548.61,3,2,3,New / Promising
7724,Corporate,274,6,38533.19,2,3,3,Regular Customers
1265,Retail,118,4,38524.63,3,2,3,New / Promising
627,Premium,90,5,38512.65,4,3,3,Loyal Customers
6363,Premium,90,5,38506.65,4,3,3,Loyal Customers
2747,Retail,91,3,38495.1,3,1,3,New / Promising
6471,Retail,181,8,38479.84,2,4,3,Regular Customers
8166,Retail,178,8,38452.56,2,4,3,Regular Customers
4830,Retail,239,7,38433.62,2,4,3,Regular Customers
9434,Premium,341,3,38431.43,1,1,3,Lapsed Customers
6372,Retail,456,7,38392.73,1,4,3,Regular Customers
9212,Retail,403,4,38387.13,1,2,3,Lapsed Customers
4386,Retail,105,5,38380.26,3,3,3,Loyal Customers
2810,Retail,330,4,38375.75,1,2,3,Lapsed Customers
9319,Retail,90,8,38364.39,4,4,3,Loyal Customers
53,Retail,284,4,38359.32,2,2,3,Regular Customers
852,Premium,90,7,38335.05,4,4,3,Loyal Customers
7921,Retail,250,6,38334.3,2,3,3,Regular Customers
7630,Premium,365,4,38326.61,1,2,3,Lapsed Customers
121,Retail,90,7,38326.46,4,4,3,Loyal Customers
8707,Retail,90,6,38325.95,3,3,3,Loyal Customers
9410,Retail,365,4,38324.36,1,2,3,Lapsed Customers
4302,Retail,90,4,38289.44,4,2,3,New / Promising
9694,Retail,357,4,38289.1,1,2,3,Lapsed Customers
8975,Retail,138,4,38278.99,3,2,3,New / Promising
3448,Retail,90,2,38257.45,4,1,3,New / Promising
3777,Retail,90,5,38255.21,4,3,3,Loyal Customers
5769,Premium,129,8,38249.5,3,4,3,Loyal Customers
2060,Retail,287,4,38244.06,1,2,3,Lapsed Customers
8368,Retail,164,2,38239.05,2,1,3,Regular Customers
9681,Premium,292,8,38231.25,1,4,3,Regular Customers
4910,Premium,90,7,38230.3,4,4,3,Loyal Customers
214,Premium,295,3,38210.38,1,1,3,Lapsed Customers
4961,Retail,328,4,38210.06,1,2,3,Lapsed Customers
5624,Retail,90,3,38187.97,4,1,3,New / Promising
1239,Premium,430,9,38175.54,1,4,3,Regular Customers
5045,Retail,90,7,38149.31,4,4,3,Loyal Customers
4168,Retail,286,4,38146.76,1,2,3,Lapsed Customers
3368,Premium,310,5,38138.84,1,3,3,Regular Customers
7198,Retail,90,4,38132.66,4,2,3,New / Promising
1294,Corporate,169,6,38130.08,2,3,3,Regular Customers
1293,Premium,359,6,38115.08,1,3,3,Regular Customers
952,Retail,216,6,38105.18,2,3,3,Regular Customers
7247,Retail,358,5,38076.06,1,3,3,Regular Customers
7700,Retail,90,7,38072.21,4,4,3,Loyal Customers
5013,Retail,285,7,38059.54,1,4,3,Regular Customers
8969,Retail,302,6,38058.38,1,3,3,Regular Customers
9978,Retail,90,5,38057.42,3,3,3,Loyal Customers
3254,Premium,90,5,38051.73,3,3,3,Loyal Customers
7368,Retail,246,6,38042.95,2,3,3,Regular Customers
6596,Retail,92,7,38038.61,3,4,3,Loyal Customers
3484,Retail,269,4,38030.11,2,2,3,Regular Customers
7140,Premium,426,7,38020.24,1,3,3,Regular Customers
7331,Retail,203,8,38008.76,2,4,3,Regular Customers
3207,Retail,90,4,37992.27,4,2,3,New / Promising
7960,Premium,90,4,37988.8,4,2,3,New / Promising
5317,Retail,254,8,37987.97,2,4,3,Regular Customers
5773,Retail,141,3,37984.26,3,1,3,New / Promising
9688,Retail,90,4,37984.04,4,2,3,New / Promising
7089,Retail,90,8,37967.22,4,4,3,Loyal Customers
4831,Premium,282,6,37966.34,2,3,3,Regular Customers
8133,Retail,150,6,37962.22,2,3,3,Regular Customers
5487,Retail,241,6,37957.82,2,3,3,Regular Customers
7356,Retail,90,5,37951.18,3,2,3,New / Promising
6557,Retail,419,8,37949.31,1,4,3,Regular Customers
7839,Retail,90,7,37944.4,3,3,3,Loyal Customers
7779,Retail,183,7,37931.06,2,3,3,Regular Customers
1396,Premium,98,3,37929.22,3,1,3,New / Promising
2478,Retail,227,5,37927.19,2,2,3,Regular Customers
8625,Retail,90,3,37921.82,4,2,3,New / Promising
3571,Retail,90,6,37919.79,3,3,3,Loyal Customers
9892,Retail,90,3,37889.3,4,2,3,New / Promising
5473,Premium,90,8,37880.28,4,4,3,Loyal Customers
6286,Retail,90,9,37865.33,4,4,3,Loyal Customers
887,Retail,165,5,37847.02,2,2,3,Regular Customers
2524,Retail,90,5,37843.48,3,2,3,New / Promising
2326,Retail,90,6,37842.24,3,3,3,Loyal Customers
1542,Retail,390,4,37816.11,1,2,3,Lapsed Customers
6501,Retail,328,6,37811.34,1,3,3,Regular Customers
8638,Retail,90,4,37808.35,4,2,3,New / Promising
3654,Retail,125,10,37790.78,3,4,3,Loyal Customers
7652,Premium,109,4,37788.57,3,2,3,New / Promising
9310,Retail,323,4,37787.68,1,2,3,Lapsed Customers
24,Retail,90,4,37785.27,4,2,3,New / Promising
8810,Corporate,309,8,37775.87,1,4,3,Regular Customers
6320,Retail,171,7,37775.02,2,3,3,Regular Customers
7714,Retail,90,7,37770.57,3,3,3,Loyal Customers
5375,Premium,170,7,37762.09,2,3,3,Regular Customers
147,Premium,434,6,37732.82,1,3,3,Regular Customers
9453,Retail,90,6,37732.12,3,3,3,Loyal Customers
3032,Retail,259,3,37724.25,2,1,3,Regular Customers
5676,Retail,90,6,37722.58,3,3,3,Loyal Customers
2076,Retail,405,3,37713.12,1,1,3,Lapsed Customers
9445,Retail,92,5,37710.6,3,3,3,Loyal Customers
859,Retail,90,6,37697.38,3,3,3,Loyal Customers
5572,Retail,149,5,37693.46,2,3,3,Regular Customers
8237,Retail,90,5,37692.46,3,3,3,Loyal Customers
3872,Premium,364,3,37688.79,1,1,3,Lapsed Customers
817,Retail,441,6,37684.87,1,3,3,Regular Customers
9115,Retail,90,3,37682.06,4,1,3,New / Promising
2220,Retail,271,7,37681.99,2,3,3,Regular Customers
900,Retail,90,4,37673.86,4,2,3,New / Promising
6473,Retail,90,8,37657.22,4,4,3,Loyal Customers
7789,Premium,90,5,37644.2,4,3,3,Loyal Customers
4602,Retail,90,5,37642.83,3,3,3,Loyal Customers
1466,Premium,496,5,37640.16,1,2,3,Lapsed Customers
8074,Retail,258,7,37628.42,2,3,3,Regular Customers
134,Retail,109,5,37602.23,3,2,3,New / Promising
1311,Retail,90,6,37595.52,3,3,3,Loyal Customers
5259,Retail,164,6,37588.17,2,3,3,Regular Customers
7341,Retail,90,5,37587.4,3,2,3,New / Promising
2406,Retail,137,3,37586.98,3,1,3,New / Promising
8340,Retail,248,5,37586.96,2,2,3,Regular Customers
7091,Retail,158,6,37572.59,2,3,3,Regular Customers
7332,Retail,90,5,37568.32,3,2,3,New / Promising
9812,Retail,90,4,37567.78,4,2,3,New / Promising
7218,Retail,114,8,37565.98,3,4,3,Loyal Customers
1594,Premium,537,5,37562.99,1,3,3,Regular Customers
4552,Retail,149,6,37549.5,2,3,3,Regular Customers
6025,Retail,108,8,37544.5,3,4,3,Loyal Customers
4380,Retail,90,7,37542.31,3,3,3,Loyal Customers
8187,Retail,90,8,37538.98,4,4,3,Loyal Customers
4528,Retail,270,7,37515.79,2,3,3,Regular Customers
4560,Retail,90,4,37504.33,4,2,3,New / Promising
8381,Retail,432,8,37503.8,1,4,3,Regular Customers
8215,Premium,484,7,37498.12,1,3,3,Regular Customers
614,Retail,245,5,37493.15,2,3,3,Regular Customers
6052,Retail,213,7,37488.52,2,3,3,Regular Customers
4698,Retail,369,5,37472.48,1,3,3,Regular Customers
1056,Retail,90,5,37472.3,3,2,3,New / Promising
1606,Retail,90,4,37460.38,4,2,3,New / Promising
4099,Retail,90,5,37449.51,3,2,3,New / Promising
7164,Premium,90,4,37445.84,4,2,3,New / Promising
989,Corporate,385,6,37438.66,1,3,3,Regular Customers
8958,Retail,97,3,37436.19,3,2,3,New / Promising
268,Premium,90,5,37434.52,3,3,3,Loyal Customers
7958,Retail,171,5,37430.46,2,3,3,Regular Customers
6226,Retail,90,4,37405.9,3,2,3,New / Promising
4373,Retail,260,4,37398.97,2,2,3,Regular Customers
7393,Premium,167,7,37384.94,2,3,3,Regular Customers
9294,Premium,90,7,37382.18,3,3,3,Loyal Customers
7095,Retail,90,1,37368.55,4,1,3,New / Promising
2365,Retail,90,5,37361.58,3,2,3,New / Promising
4395,Premium,90,6,37347.96,3,3,3,Loyal Customers
3859,Retail,132,7,37343.52,3,3,3,Loyal Customers
6629,Retail,244,5,37342.16,2,3,3,Regular Customers
4665,Retail,90,6,37303.26,3,3,3,Loyal Customers
2187,Retail,200,7,37298.9,2,3,3,Regular Customers
21,Premium,205,6,37288.87,2,3,3,Regular Customers
78,Retail,380,6,37287.08,1,3,3,Regular Customers
3030,Retail,90,2,37270.93,3,1,3,New / Promising
8848,Retail,90,4,37266.9,3,2,3,New / Promising
2352,Retail,220,7,37260.65,2,3,3,Regular Customers
9336,Retail,90,4,37259.1,3,2,3,New / Promising
7223,Premium,385,6,37242.13,1,3,3,Regular Customers
5852,Retail,90,6,37236.59,3,3,3,Loyal Customers
732,Premium,272,5,37236.4,2,3,3,Regular Customers
5497,Retail,166,3,37235.88,2,1,3,Regular Customers
3953,Retail,90,7,37227.0,3,3,3,Loyal Customers
5069,Retail,338,4,37223.33,1,2,3,Lapsed Customers
5622,Retail,451,3,37222.27,1,1,3,Lapsed Customers
9605,Premium,90,7,37215.82,3,3,3,Loyal Customers
8939,Retail,90,6,37208.1,3,3,3,Loyal Customers
5021,Retail,90,6,37207.63,3,3,3,Loyal Customers
2489,Retail,322,5,37206.03,1,2,3,Lapsed Customers
9118,Retail,233,9,37197.04,2,4,3,Regular Customers
1277,Retail,266,2,37195.34,2,1,3,Regular Customers
5423,Retail,107,6,37181.77,3,3,3,Loyal Customers
5039,Retail,90,6,37170.22,3,3,3,Loyal Customers
3754,Premium,350,6,37169.07,1,3,3,Regular Customers
4025,Premium,313,5,37159.95,1,2,3,Lapsed Customers
836,Retail,90,8,37156.09,4,4,3,Loyal Customers
6770,Retail,90,8,37149.68,4,4,3,Loyal Customers
1518,Retail,500,4,37147.13,1,2,3,Lapsed Customers
1711,Retail,353,7,37140.91,1,3,3,Regular Customers
3444,Retail,209,5,37134.19,2,3,3,Regular Customers
9916,Retail,333,6,37121.34,1,3,3,Regular Customers
6585,Premium,90,4,37115.82,3,2,3,New / Promising
312,Retail,90,5,37102.8,3,3,3,Loyal Customers
44,Retail,90,6,37096.3,3,3,3,Loyal Customers
7069,Retail,90,8,37094.56,4,4,3,Loyal Customers
1586,Retail,199,6,37091.68,2,3,3,Regular Customers
9004,Retail,358,4,37084.64,1,2,3,Lapsed Customers
6974,Retail,90,5,37076.43,4,3,3,Loyal Customers
5409,Retail,215,4,37049.52,2,2,3,Regular Customers
7326,Retail,90,4,37048.29,3,2,3,New / Promising
8409,Retail,369,5,37048.19,1,3,3,Regular Customers
3738,Retail,90,9,37044.62,4,4,3,Loyal Customers
8460,Retail,90,7,37041.18,3,3,3,Loyal Customers
2934,Retail,173,5,37030.41,2,3,3,Regular Customers
7307,Retail,90,5,37020.82,4,3,3,Loyal Customers
5038,Retail,241,7,37017.49,2,3,3,Regular Customers
5285,Retail,90,5,37014.63,3,3,3,Loyal Customers
843,Retail,90,6,37003.88,3,3,3,Loyal Customers
526,Premium,428,7,36999.8,1,3,3,Regular Customers
5766,Retail,146,8,36983.11,2,4,3,Regular Customers
738,Retail,390,7,36972.6,1,3,3,Regular Customers
9073,Retail,350,7,36952.66,1,3,3,Regular Customers
5755,Retail,353,8,36951.4,1,4,3,Regular Customers
5301,Retail,525,6,36951.05,1,3,3,Regular Customers
9822,Retail,440,5,36937.13,1,3,3,Regular Customers
5294,Retail,93,5,36933.03,3,3,3,Loyal Customers
3322,Retail,168,4,36926.91,2,2,3,Regular Customers
9250,Retail,90,8,36920.31,4,4,3,Loyal Customers
9744,Retail,237,3,36913.43,2,1,3,Regular Customers
6369,Retail,467,7,36903.33,1,3,3,Regular Customers
4904,Retail,228,8,36890.73,2,4,3,Regular Customers
2039,Premium,102,5,36884.06,3,3,3,Loyal Customers
22,Premium,90,4,36877.85,3,2,3,New / Promising
5369,Retail,90,4,36862.46,3,2,3,New / Promising
4915,Retail,90,5,36852.47,3,3,3,Loyal Customers
3892,Premium,90,4,36819.29,3,2,3,New / Promising
6664,Retail,246,5,36811.21,2,3,3,Regular Customers
6404,Retail,90,6,36806.8,3,3,3,Loyal Customers
6043,Premium,90,5,36799.75,3,3,3,Loyal Customers
966,Retail,90,5,36795.3,3,3,3,Loyal Customers
5320,Retail,90,5,36793.15,3,3,3,Loyal Customers
291,Retail,90,4,36786.22,3,2,3,New / Promising
9261,Retail,321,9,36783.84,1,4,3,Regular Customers
1565,Retail,112,7,36769.2,3,3,3,Loyal Customers
143,Retail,183,5,36766.26,2,3,3,Regular Customers
8397,Retail,151,4,36738.77,2,2,3,Regular Customers
1096,Retail,203,5,36706.43,2,2,3,Regular Customers
7269,Retail,90,6,36697.04,3,3,3,Loyal Customers
7792,Retail,90,7,36686.99,3,3,3,Loyal Customers
6935,Premium,380,4,36672.47,1,2,3,Lapsed Customers
8796,Retail,99,5,36666.24,3,2,3,New / Promising
9033,Retail,167,7,36658.52,2,3,3,Regular Customers
2690,Retail,112,4,36649.66,3,2,3,New / Promising
4450,Retail,131,6,36645.36,3,3,3,Loyal Customers
2070,Premium,303,4,36639.01,1,2,3,Lapsed Customers
2695,Retail,90,6,36631.25,3,3,3,Loyal Customers
4293,Premium,295,4,36618.21,1,2,3,Lapsed Customers
3311,Premium,101,6,36618.11,3,3,3,Loyal Customers
4556,Retail,412,4,36616.8,1,2,3,Lapsed Customers
8837,Premium,90,6,36605.62,3,3,3,Loyal Customers
2608,Retail,363,4,36602.72,1,2,3,Lapsed Customers
3602,Retail,156,4,36591.93,2,2,3,Regular Customers
6443,Retail,90,4,36581.47,3,2,3,New / Promising
3986,Premium,410,7,36578.49,1,3,3,Regular Customers
5514,Retail,90,8,36567.16,4,4,3,Loyal Customers
8016,Retail,239,2,36564.96,2,1,3,Regular Customers
982,Retail,90,8,36553.97,4,4,3,Loyal Customers
8807,Retail,90,8,36551.74,4,4,3,Loyal Customers
8094,Premium,380,7,36540.09,1,3,3,Regular Customers
7790,Retail,90,3,36539.96,4,1,3,New / Promising
7317,Premium,221,4,36531.42,2,2,3,Regular Customers
6110,Retail,319,1,36524.19,1,1,3,Lapsed Customers
6999,Premium,378,4,36520.41,1,2,3,Lapsed Customers
3766,Retail,328,4,36517.17,1,2,3,Lapsed Customers
421,Retail,90,7,36503.11,3,3,3,Loyal Customers
8379,Premium,90,6,36501.4,3,3,3,Loyal Customers
2396,Premium,90,4,36479.49,3,2,3,New / Promising
3276,Retail,90,3,36478.33,4,1,3,New / Promising
6700,Premium,218,7,36475.83,2,3,3,Regular Customers
9130,Retail,151,5,36472.08,2,3,3,Regular Customers
8235,Premium,252,2,36468.89,2,1,3,Regular Customers
1191,Premium,126,7,36465.85,3,3,3,Loyal Customers
4271,Retail,90,4,36450.58,3,2,3,New / Promising
572,Retail,184,4,36440.94,2,2,3,Regular Customers
2746,Retail,90,4,36430.07,3,2,3,New / Promising
5468,Retail,379,6,36394.81,1,3,3,Regular Customers
1952,Corporate,167,2,36393.89,2,1,3,Regular Customers
1237,Retail,417,9,36377.92,1,4,3,Regular Customers
3365,Retail,297,9,36366.45,1,4,3,Regular Customers
1226,Retail,90,5,36364.94,3,3,3,Loyal Customers
3525,Retail,258,4,36334.15,2,2,3,Regular Customers
6921,Premium,310,4,36324.77,1,2,3,Lapsed Customers
8407,Retail,161,8,36320.89,2,4,3,Regular Customers
9146,Premium,437,3,36310.14,1,1,3,Lapsed Customers
4625,Premium,384,6,36300.88,1,3,3,Regular Customers
4862,Retail,123,5,36300.61,3,3,3,Loyal Customers
4513,Retail,246,3,36280.18,2,1,3,Regular Customers
6578,Retail,274,3,36279.16,2,1,3,Regular Customers
1742,Retail,90,8,36271.29,4,4,3,Loyal Customers
5697,Retail,327,7,36265.96,1,3,3,Regular Customers
3243,Corporate,90,6,36261.05,3,3,3,Loyal Customers
799,Retail,275,5,36256.02,2,3,3,Regular Customers
8788,Retail,90,6,36240.44,3,3,3,Loyal Customers
3699,Retail,176,5,36233.63,2,3,3,Regular Customers
2730,Retail,186,7,36227.95,2,3,3,Regular Customers
885,Retail,136,7,36227.74,3,3,3,Loyal Customers
8102,Retail,114,3,36202.35,3,1,3,New / Promising
7905,Retail,90,6,36194.61,3,3,3,Loyal Customers
6230,Premium,154,5,36191.44,2,3,3,Regular Customers
4540,Retail,90,4,36190.02,3,2,3,New / Promising
4997,Retail,90,6,36188.81,3,3,3,Loyal Customers
9469,Retail,90,8,36175.83,4,4,3,Loyal Customers
9796,Retail,90,6,36175.81,3,3,3,Loyal Customers
6939,Retail,90,5,36172.63,4,3,3,Loyal Customers
6389,Retail,475,6,36169.19,1,3,3,Regular Customers
9700,Retail,90,4,36157.78,3,2,3,New / Promising
5538,Premium,90,5,36149.74,4,3,3,Loyal Customers
9468,Retail,181,3,36147.73,2,1,3,Regular Customers
2132,Retail,90,6,36127.73,3,3,3,Loyal Customers
10000,Premium,214,7,36115.96,2,3,3,Regular Customers
9313,Premium,90,6,36115.07,3,3,3,Loyal Customers
677,Retail,138,4,36112.47,3,2,3,New / Promising
7498,Retail,373,5,36111.3,1,3,3,Regular Customers
422,Retail,90,7,36110.17,3,3,3,Loyal Customers
8067,Premium,125,4,36107.77,3,2,3,New / Promising
8696,Retail,155,6,36107.72,2,3,3,Regular Customers
171,Premium,514,8,36102.24,1,4,3,Regular Customers
4118,Retail,90,7,36097.9,3,3,3,Loyal Customers
871,Retail,280,3,36095.48,2,1,3,Regular Customers
7761,Premium,217,3,36090.84,2,1,3,Regular Customers
9325,Retail,109,5,36084.25,3,3,3,Loyal Customers
8989,Premium,433,6,36081.62,1,3,3,Regular Customers
5701,Premium,105,6,36071.91,3,3,3,Loyal Customers
5348,Retail,289,3,36068.54,1,2,3,Lapsed Customers
4381,Retail,90,7,36065.69,3,3,3,Loyal Customers
350,Retail,132,8,36038.73,3,4,3,Loyal Customers
9485,Retail,90,4,36034.25,3,2,3,New / Promising
818,Retail,410,4,36024.89,1,2,3,Lapsed Customers
1337,Retail,90,4,36007.26,3,2,3,New / Promising
7006,Retail,383,4,36003.55,1,2,3,Lapsed Customers
9799,Premium,230,8,35996.09,2,4,3,Regular Customers
9729,Corporate,90,6,35993.6,3,3,3,Loyal Customers
1513,Retail,90,4,35991.3,3,2,3,New / Promising
9931,Retail,219,5,35981.42,2,3,3,Regular Customers
3462,Retail,90,5,35957.45,3,3,3,Loyal Customers
6621,Premium,269,8,35954.08,2,4,3,Regular Customers
2179,Corporate,90,4,35947.72,3,2,3,New / Promising
411,Retail,375,5,35946.76,1,3,3,Regular Customers
1789,Premium,284,5,35944.82,1,3,3,Regular Customers
4444,Retail,90,5,35941.51,3,3,3,Loyal Customers
96,Retail,240,3,35896.11,2,2,3,Regular Customers
3648,Retail,90,5,35893.75,3,3,3,Loyal Customers
3134,Premium,406,3,35884.94,1,2,3,Lapsed Customers
1245,Retail,90,8,35860.31,4,4,3,Loyal Customers
1031,Retail,115,7,35859.47,3,3,3,Loyal Customers
7276,Retail,205,5,35856.6,2,3,3,Regular Customers
5005,Retail,247,1,35856.5,2,1,3,Regular Customers
7330,Retail,90,6,35836.02,3,3,3,Loyal Customers
676,Premium,90,5,35835.56,3,3,3,Loyal Customers
5841,Premium,90,4,35831.85,3,2,3,New / Promising
5818,Premium,90,6,35830.25,3,3,3,Loyal Customers
8585,Retail,188,6,35816.64,2,3,3,Regular Customers
3899,Retail,169,6,35809.65,2,3,3,Regular Customers
5331,Retail,90,4,35804.74,3,2,3,New / Promising
1211,Retail,146,5,35804.72,2,3,3,Regular Customers
5479,Retail,147,4,35804.55,2,2,3,Regular Customers
2015,Retail,90,4,35796.89,3,2,3,New / Promising
1426,Retail,90,4,35794.48,3,2,3,New / Promising
5668,Retail,90,5,35781.97,3,3,3,Loyal Customers
8100,Retail,90,6,35770.37,3,3,3,Loyal Customers
7609,Retail,301,3,35762.86,1,2,3,Lapsed Customers
4805,Retail,93,6,35762.42,3,3,3,Loyal Customers
3948,Premium,314,4,35760.57,1,2,3,Lapsed Customers
5211,Retail,486,2,35755.19,1,1,3,Lapsed Customers
2447,Retail,90,5,35754.78,3,3,3,Loyal Customers
2416,Premium,283,5,35750.18,2,3,3,Regular Customers
6414,Retail,545,7,35750.12,1,3,3,Regular Customers
7103,Retail,129,8,35742.42,3,4,3,Loyal Customers
2750,Premium,90,3,35742.13,4,2,3,New / Promising
1889,Retail,436,5,35725.84,1,3,3,Regular Customers
9271,Premium,90,2,35723.31,4,1,3,New / Promising
6759,Retail,90,4,35721.4,3,2,3,New / Promising
1516,Retail,90,7,35715.26,3,3,3,Loyal Customers
2164,Premium,90,6,35702.81,3,3,3,Loyal Customers
560,Retail,90,5,35694.8,3,3,3,Loyal Customers
6653,Retail,90,7,35692.67,3,3,3,Loyal Customers
6023,Corporate,90,7,35689.31,3,3,3,Loyal Customers
6489,Retail,315,6,35674.95,1,3,3,Regular Customers
6479,Premium,90,7,35667.83,3,3,3,Loyal Customers
9874,Retail,402,8,35666.52,1,4,3,Regular Customers
1947,Premium,289,8,35663.08,1,4,3,Regular Customers
6,Retail,90,6,35657.63,3,3,3,Loyal Customers
9357,Retail,90,3,35652.88,4,2,3,New / Promising
3281,Retail,90,4,35641.36,3,2,3,New / Promising
5521,Premium,195,6,35639.64,2,3,3,Regular Customers
4323,Retail,145,5,35624.95,2,3,3,Regular Customers
8256,Retail,117,5,35615.85,3,3,3,Loyal Customers
3158,Retail,90,2,35613.13,4,1,3,New / Promising
6130,Premium,196,7,35592.23,2,3,3,Regular Customers
4757,Premium,239,9,35591.2,2,4,3,Regular Customers
7704,Retail,451,7,35588.99,1,3,3,Regular Customers
6357,Retail,90,4,35588.77,3,2,3,New / Promising
1943,Retail,153,3,35586.6,2,2,3,Regular Customers
3200,Retail,337,6,35584.36,1,3,3,Regular Customers
701,Premium,241,5,35576.09,2,3,3,Regular Customers
4058,Corporate,239,2,35562.29,2,1,3,Regular Customers
5044,Retail,90,7,35561.56,3,3,3,Loyal Customers
6408,Retail,130,4,35545.11,3,2,3,New / Promising
8020,Retail,90,7,35527.48,3,3,3,Loyal Customers
5784,Retail,90,7,35508.23,3,3,3,Loyal Customers
1977,Premium,90,4,35497.95,3,2,3,New / Promising
6899,Retail,90,5,35492.65,3,3,3,Loyal Customers
1436,Retail,476,7,35488.61,1,3,3,Regular Customers
9407,Retail,135,3,35449.15,3,1,3,New / Promising
5372,Retail,90,5,35414.03,3,3,3,Loyal Customers
9371,Retail,318,6,35411.59,1,3,3,Regular Customers
863,Retail,275,5,35411.58,2,3,3,Regular Customers
5145,Retail,227,2,35407.82,2,1,3,Regular Customers
561,Corporate,139,6,35407.7,3,3,3,Loyal Customers
889,Premium,325,9,35406.89,1,4,3,Regular Customers
6416,Premium,124,4,35402.09,3,2,3,New / Promising
70,Retail,284,8,35400.82,2,4,3,Regular Customers
7024,Retail,90,5,35381.75,3,3,3,Loyal Customers
5579,Retail,362,3,35380.24,1,1,3,Lapsed Customers
4686,Retail,90,6,35374.78,3,3,3,Loyal Customers
4404,Retail,90,4,35364.86,3,2,3,New / Promising
9270,Retail,90,2,35357.64,4,1,3,New / Promising
5775,Retail,90,5,35353.89,3,3,3,Loyal Customers
8995,Retail,289,3,35349.99,1,1,3,Lapsed Customers
2402,Retail,90,4,35343.21,3,2,3,New / Promising
3414,Retail,212,2,35329.11,2,1,3,Regular Customers
2928,Retail,362,5,35321.56,1,3,3,Regular Customers
7557,Retail,90,7,35316.72,3,3,3,Loyal Customers
4230,Retail,356,5,35315.17,1,3,3,Regular Customers
2412,Premium,325,5,35314.77,1,3,3,Regular Customers
6247,Retail,152,7,35304.63,2,3,3,Regular Customers
1278,Retail,90,5,35303.67,3,3,3,Loyal Customers
4348,Premium,265,6,35302.93,2,3,3,Regular Customers
5831,Premium,357,5,35300.59,1,3,3,Regular Customers
5654,Retail,244,4,35287.45,2,2,3,Regular Customers
4806,Premium,90,7,35280.42,3,3,3,Loyal Customers
6988,Retail,160,7,35267.87,2,3,3,Regular Customers
6060,Retail,361,6,35263.95,1,3,3,Regular Customers
3358,Retail,90,7,35239.95,3,3,3,Loyal Customers
417,Retail,90,7,35229.28,3,3,3,Loyal Customers
9918,Retail,121,4,35224.35,3,2,3,New / Promising
9426,Retail,222,4,35221.48,2,2,3,Regular Customers
2932,Retail,171,3,35209.74,2,1,3,Regular Customers
2117,Retail,90,5,35204.2,3,2,3,New / Promising
406,Premium,90,5,35183.3,3,2,3,New / Promising
5980,Retail,90,5,35164.84,3,2,3,New / Promising
2211,Retail,146,5,35162.47,2,2,3,Regular Customers
4396,Retail,90,6,35156.32,3,3,3,Loyal Customers
8722,Retail,90,6,35154.01,3,3,3,Loyal Customers
9230,Retail,319,2,35126.39,1,1,3,Lapsed Customers
8857,Premium,150,4,35118.39,2,2,3,Regular Customers
3678,Retail,90,6,35111.18,3,3,3,Loyal Customers
7617,Retail,90,4,35106.87,3,2,3,New / Promising
8395,Retail,409,6,35103.38,1,3,3,Regular Customers
77,Retail,112,7,35098.22,3,3,3,Loyal Customers
9803,Retail,90,6,35093.7,3,3,3,Loyal Customers
2977,Premium,262,6,35089.77,2,3,3,Regular Customers
9662,Retail,90,3,35088.82,4,1,3,New / Promising
2458,Premium,90,5,35067.68,3,2,3,New / Promising
1403,Retail,113,7,35066.08,3,3,3,Loyal Customers
1545,Retail,459,5,35064.83,1,2,3,Lapsed Customers
7126,Premium,90,3,35064.02,4,1,3,New / Promising
7273,Retail,192,3,35060.17,2,1,3,Regular Customers
9351,Retail,90,5,35045.35,3,2,3,New / Promising
8374,Retail,292,5,35032.97,1,2,3,Lapsed Customers
723,Retail,90,4,35024.74,3,2,3,New / Promising
5116,Retail,448,7,34990.52,1,3,3,Regular Customers
4356,Retail,90,6,34973.67,3,3,3,Loyal Customers
8418,Retail,279,4,34965.64,2,2,3,Regular Customers
6276,Retail,274,10,34963.5,2,4,3,Regular Customers
978,Retail,274,5,34942.91,2,2,3,Regular Customers
8612,Retail,241,7,34933.77,2,3,3,Regular Customers
3918,Retail,90,6,34933.51,3,3,3,Loyal Customers
6241,Premium,271,5,34922.05,2,2,3,Regular Customers
2089,Retail,90,5,34916.53,3,2,3,New / Promising
5198,Retail,90,2,34914.92,4,1,3,New / Promising
7137,Retail,274,3,34902.17,2,1,3,Regular Customers
8986,Retail,90,5,34900.88,3,2,3,New / Promising
4813,Retail,90,3,34889.55,4,1,3,New / Promising
8384,Retail,125,4,34883.59,3,2,3,New / Promising
1902,Retail,220,5,34879.62,2,2,3,Regular Customers
3613,Retail,90,6,34875.83,3,3,3,Loyal Customers
458,Retail,90,6,34872.44,3,3,3,Loyal Customers
8122,Retail,90,6,34870.75,3,3,3,Loyal Customers
1434,Premium,141,4,34870.67,3,2,3,New / Promising
2373,Retail,142,6,34869.14,2,3,3,Regular Customers
5339,Retail,90,7,34863.48,3,3,3,Loyal Customers
2019,Retail,254,1,34840.93,2,1,3,Regular Customers
2311,Retail,291,5,34829.03,1,2,3,Lapsed Customers
7116,Retail,108,4,34823.46,3,2,3,New / Promising
5491,Retail,90,7,34808.3,3,3,3,Loyal Customers
9977,Retail,468,6,34804.72,1,3,3,Regular Customers
8577,Retail,302,6,34795.17,1,3,3,Regular Customers
2742,Retail,90,5,34792.28,3,2,3,New / Promising
855,Retail,323,6,34786.38,1,3,3,Regular Customers
5023,Retail,90,2,34782.3,4,1,3,New / Promising
9061,Retail,98,7,34766.71,3,3,3,Loyal Customers
6606,Retail,90,8,34761.09,4,4,3,Loyal Customers
2761,Retail,107,5,34758.53,3,2,3,New / Promising
3018,Premium,178,7,34755.79,2,4,3,Regular Customers
7217,Retail,90,8,34751.27,4,4,3,Loyal Customers
1866,Retail,332,4,34751.0,1,2,3,Lapsed Customers
6808,Retail,90,3,34741.01,4,1,3,New / Promising
1462,Premium,191,4,34737.68,2,2,3,Regular Customers
1383,Retail,90,7,34735.04,3,4,3,Loyal Customers
1093,Retail,90,5,34721.14,3,2,3,New / Promising
559,Retail,165,5,34718.31,2,2,3,Regular Customers
3880,Retail,328,9,34715.29,1,4,3,Regular Customers
6411,Retail,90,5,34704.69,3,2,3,New / Promising
3933,Retail,90,4,34700.39,3,2,3,New / Promising
6250,Retail,90,3,34695.14,4,1,3,New / Promising
1838,Retail,90,9,34692.19,4,4,3,Loyal Customers
1807,Retail,369,4,34676.61,1,2,3,Lapsed Customers
1622,Retail,148,5,34655.61,2,2,3,Regular Customers
6925,Retail,258,5,34640.74,2,2,3,Regular Customers
4851,Retail,90,3,34629.48,4,1,3,New / Promising
7041,Retail,90,4,34627.91,3,2,3,New / Promising
5846,Premium,385,6,34615.93,1,3,3,Regular Customers
4322,Retail,340,6,34615.76,1,3,3,Regular Customers
249,Retail,90,7,34612.75,3,4,3,Loyal Customers
7407,Retail,90,7,34612.75,3,4,3,Loyal Customers
5626,Retail,90,4,34610.25,3,2,3,New / Promising
594,Retail,90,3,34598.69,4,1,3,New / Promising
1667,Premium,90,5,34598.16,3,2,3,New / Promising
1928,Premium,366,7,34592.92,1,4,3,Regular Customers
3984,Premium,90,4,34577.89,3,2,3,New / Promising
3838,Premium,128,5,34575.6,3,2,3,New / Promising
269,Premium,90,4,34566.61,3,2,3,New / Promising
823,Premium,329,4,34564.43,1,2,3,Lapsed Customers
9830,Premium,359,4,34532.94,1,2,3,Lapsed Customers
539,Retail,188,4,34532.3,2,2,3,Regular Customers
8904,Retail,90,4,34496.92,3,2,3,New / Promising
3623,Retail,344,4,34494.25,1,2,3,Lapsed Customers
5041,Retail,95,5,34493.15,3,2,3,New / Promising
3706,Retail,310,4,34468.27,1,2,3,Lapsed Customers
965,Retail,116,8,34459.96,3,4,3,Loyal Customers
9262,Retail,356,5,34456.92,1,2,3,Lapsed Customers
1491,Retail,90,7,34455.09,3,4,3,Loyal Customers
4867,Retail,224,3,34453.63,2,1,3,Regular Customers
4153,Retail,90,6,34450.62,3,3,3,Loyal Customers
2554,Retail,90,4,34448.24,3,2,3,New / Promising
5207,Retail,205,5,34445.19,2,2,3,Regular Customers
8115,Retail,370,6,34444.15,1,3,3,Regular Customers
8200,Retail,90,2,34433.39,4,1,3,New / Promising
7225,Retail,119,5,34428.29,3,2,3,New / Promising
5051,Retail,90,6,34424.06,3,3,3,Loyal Customers
6792,Retail,90,3,34409.88,4,1,3,New / Promising
3120,Premium,98,4,34408.83,3,2,3,New / Promising
4002,Retail,146,6,34400.66,2,3,3,Regular Customers
2500,Retail,90,5,34391.2,3,2,3,New / Promising
7104,Retail,90,4,34380.62,3,2,3,New / Promising
9913,Retail,154,5,34375.71,2,2,3,Regular Customers
8335,Retail,90,7,34364.86,3,4,3,Loyal Customers
107,Retail,90,6,34354.24,3,3,3,Loyal Customers
4402,Retail,260,7,34350.06,2,4,3,Regular Customers
7749,Retail,213,4,34349.83,2,2,3,Regular Customers
5696,Retail,175,5,34344.74,2,3,3,Regular Customers
3252,Retail,118,4,34325.72,3,2,3,New / Promising
1097,Retail,90,6,34317.57,3,3,3,Loyal Customers
4648,Retail,238,6,34314.81,2,3,3,Regular Customers
6280,Retail,406,4,34312.77,1,2,3,Lapsed Customers
7313,Retail,284,6,34309.43,2,3,3,Regular Customers
9567,Retail,450,7,34286.16,1,4,3,Regular Customers
1124,Retail,177,8,34269.79,2,4,3,Regular Customers
9417,Premium,90,7,34264.97,3,4,3,Loyal Customers
3206,Retail,90,3,34261.73,4,1,3,New / Promising
6111,Retail,90,6,34254.29,3,3,3,Loyal Customers
2066,Premium,96,6,34246.08,3,3,3,Loyal Customers
8226,Retail,90,5,34238.19,3,3,3,Loyal Customers
8761,Retail,90,7,34231.45,3,4,3,Loyal Customers
3974,Retail,177,5,34230.49,2,3,3,Regular Customers
1362,Retail,271,5,34229.23,2,3,3,Regular Customers
15,Retail,90,4,34225.3,3,2,3,New / Promising
9136,Retail,255,8,34216.31,2,4,3,Regular Customers
2479,Retail,90,4,34182.54,3,2,3,New / Promising
5817,Premium,389,7,34179.02,1,4,3,Regular Customers
2332,Premium,90,4,34168.92,3,2,3,New / Promising
8077,Retail,90,5,34165.35,3,3,3,Loyal Customers
1210,Premium,90,7,34160.53,3,4,3,Loyal Customers
5882,Premium,90,4,34157.93,3,2,3,New / Promising
4127,Retail,357,4,34153.11,1,2,3,Lapsed Customers
7715,Retail,428,4,34148.73,1,2,3,Lapsed Customers
5127,Retail,159,4,34144.18,2,2,3,Regular Customers
4165,Retail,212,6,34109.71,2,3,3,Regular Customers
8076,Premium,90,4,34103.98,3,2,3,New / Promising
3956,Retail,133,4,34103.29,3,2,3,New / Promising
6451,Premium,90,5,34096.46,3,3,3,Loyal Customers
6825,Retail,90,4,34094.03,3,2,3,New / Promising
6932,Retail,90,6,34093.13,3,3,3,Loyal Customers
8170,Retail,148,5,34090.75,2,3,3,Regular Customers
1219,Retail,157,8,34069.6,2,4,3,Regular Customers
8534,Premium,310,6,34055.59,1,3,3,Regular Customers
6319,Retail,90,3,34052.99,4,1,3,New / Promising
6731,Premium,215,6,34033.59,2,3,3,Regular Customers
1681,Retail,90,6,34026.0,3,3,3,Loyal Customers
9167,Retail,90,3,34024.5,4,1,3,New / Promising
1173,Retail,108,6,34017.35,3,3,3,Loyal Customers
3082,Retail,90,10,34014.94,4,4,3,Loyal Customers
9644,Premium,410,7,34009.13,1,4,3,Regular Customers
1988,Retail,160,7,34008.47,2,4,3,Regular Customers
3995,Retail,90,5,34002.06,3,3,3,Loyal Customers
7784,Retail,90,6,33980.56,3,3,3,Loyal Customers
6630,Retail,90,6,33978.73,3,3,3,Loyal Customers
3840,Retail,90,6,33972.75,3,3,3,Loyal Customers
4783,Retail,329,5,33966.58,1,3,3,Regular Customers
3685,Retail,90,3,33955.14,4,1,3,New / Promising
2114,Retail,90,7,33951.25,3,4,3,Loyal Customers
2877,Retail,90,5,33927.17,3,3,3,Loyal Customers
8772,Retail,90,7,33924.62,3,4,3,Loyal Customers
9064,Retail,343,7,33916.03,1,4,3,Regular Customers
3040,Premium,336,6,33909.74,1,3,3,Regular Customers
8175,Retail,166,7,33903.03,2,4,3,Regular Customers
5246,Premium,245,7,33892.29,2,4,3,Regular Customers
5848,Retail,260,6,33881.05,2,3,3,Regular Customers
4894,Premium,417,5,33880.33,1,3,3,Regular Customers
2095,Retail,247,5,33867.16,2,3,3,Regular Customers
3146,Retail,262,4,33863.42,2,2,3,Regular Customers
8174,Retail,90,3,33850.46,4,1,3,New / Promising
4412,Retail,90,5,33845.53,4,3,3,Loyal Customers
7986,Retail,214,4,33836.82,2,2,3,Regular Customers
3029,Corporate,235,3,33833.88,2,1,3,Regular Customers
3340,Premium,90,3,33833.6,4,1,3,New / Promising
8267,Retail,415,5,33830.47,1,3,3,Regular Customers
1088,Retail,90,6,33822.51,3,3,3,Loyal Customers
7929,Retail,90,7,33802.47,3,4,3,Loyal Customers
5966,Retail,123,6,33795.33,3,3,3,Loyal Customers
2371,Retail,90,5,33793.69,4,3,3,Loyal Customers
3805,Premium,339,5,33769.58,1,3,3,Regular Customers
11,Retail,231,5,33769.47,2,3,3,Regular Customers
4846,Retail,90,4,33746.67,3,2,3,New / Promising
7977,Retail,90,6,33738.82,3,3,3,Loyal Customers
4179,Premium,90,6,33703.23,3,3,3,Loyal Customers
7334,Retail,478,5,33699.16,1,3,3,Regular Customers
2058,Retail,90,6,33690.64,3,3,3,Loyal Customers
3539,Retail,90,4,33680.61,3,2,3,New / Promising
2084,Retail,163,5,33673.7,2,3,3,Regular Customers
5234,Retail,461,7,33673.35,1,4,3,Regular Customers
8344,Retail,115,5,33671.99,3,3,3,Loyal Customers
8631,Retail,90,7,33671.43,3,4,3,Loyal Customers
9912,Retail,240,8,33661.24,2,4,3,Regular Customers
1802,Retail,91,8,33649.44,3,4,3,Loyal Customers
3458,Premium,395,6,33636.32,1,3,3,Regular Customers
8035,Retail,90,7,33628.04,3,4,3,Loyal Customers
8548,Retail,90,3,33617.84,4,1,3,New / Promising
5681,Retail,249,6,33610.01,2,3,3,Regular Customers
5617,Retail,90,5,33607.11,4,3,3,Loyal Customers
4491,Retail,289,5,33594.12,1,3,3,Regular Customers
3883,Retail,176,5,33590.77,2,3,3,Regular Customers
4204,Retail,222,6,33586.85,2,3,3,Regular Customers
3185,Retail,90,4,33580.22,3,2,3,New / Promising
8876,Retail,189,6,33579.39,2,3,3,Regular Customers
5698,Retail,90,3,33577.19,4,1,3,New / Promising
7926,Retail,244,5,33574.54,2,3,3,Regular Customers
1938,Retail,191,6,33565.56,2,3,3,Regular Customers
7440,Retail,90,5,33556.9,4,3,3,Loyal Customers
7760,Retail,90,6,33539.99,3,3,3,Loyal Customers
6220,Premium,90,5,33537.21,4,3,3,Loyal Customers
7654,Retail,335,7,33534.24,1,4,3,Regular Customers
42,Retail,90,6,33517.66,3,3,3,Loyal Customers
290,Retail,155,4,33516.77,2,2,3,Regular Customers
6229,Retail,90,5,33516.15,4,3,3,Loyal Customers
2989,Retail,90,2,33511.99,4,1,3,New / Promising
4325,Retail,90,6,33506.69,3,3,3,Loyal Customers
3398,Premium,90,4,33504.32,3,2,3,New / Promising
7460,Retail,186,5,33503.39,2,3,3,Regular Customers
4411,Retail,399,2,33502.31,1,1,3,Lapsed Customers
1552,Retail,90,4,33500.16,3,2,3,New / Promising
7388,Retail,90,6,33495.07,3,3,3,Loyal Customers
854,Retail,228,7,33494.1,2,4,3,Regular Customers
4733,Corporate,90,6,33489.61,3,3,3,Loyal Customers
5297,Premium,493,5,33485.69,1,3,3,Regular Customers
4567,Retail,90,6,33474.99,3,3,3,Loyal Customers
9057,Retail,90,4,33470.49,3,2,3,New / Promising
5100,Retail,155,7,33465.43,2,4,3,Regular Customers
1392,Retail,90,5,33454.54,4,3,3,Loyal Customers
8606,Retail,90,5,33450.77,4,3,3,Loyal Customers
109,Retail,90,5,33428.99,4,3,3,Loyal Customers
4378,Retail,163,9,33424.14,2,4,3,Regular Customers
6294,Retail,111,8,33411.86,3,4,3,Loyal Customers
5309,Premium,523,6,33409.98,1,3,3,Regular Customers
5420,Premium,249,7,33403.36,2,4,3,Regular Customers
8699,Retail,336,5,33392.37,1,3,3,Regular Customers
9837,Retail,90,6,33388.3,3,3,3,Loyal Customers
2630,Premium,561,6,33360.6,1,3,3,Regular Customers
5130,Retail,90,4,33357.65,3,2,3,New / Promising
6195,Retail,119,7,33354.41,3,4,3,Loyal Customers
1609,Retail,293,6,33353.37,1,3,3,Regular Customers
9947,Retail,90,7,33343.86,3,4,3,Loyal Customers
1965,Retail,90,4,33332.38,3,2,3,New / Promising
5590,Retail,90,8,33315.73,4,4,3,Loyal Customers
2875,Retail,90,3,33313.75,4,1,3,New / Promising
8270,Premium,90,8,33313.29,4,4,3,Loyal Customers
904,Premium,90,4,33312.11,3,2,3,New / Promising
9663,Premium,358,6,33305.84,1,3,3,Regular Customers
7892,Premium,90,4,33298.39,3,2,3,New / Promising
8705,Retail,90,4,33291.85,3,2,3,New / Promising
8055,Retail,90,6,33263.48,3,3,3,Loyal Customers
8346,Premium,90,8,33254.71,4,4,3,Loyal Customers
384,Retail,90,8,33244.74,4,4,3,Loyal Customers
2865,Premium,538,5,33234.46,1,3,3,Regular Customers
2902,Retail,189,7,33234.05,2,4,3,Regular Customers
9278,Retail,399,4,33222.54,1,2,3,Lapsed Customers
4996,Retail,405,4,33220.59,1,2,3,Lapsed Customers
9995,Premium,90,5,33217.7,4,3,3,Loyal Customers
4866,Retail,319,3,33216.65,1,1,3,Lapsed Customers
3728,Retail,90,6,33216.63,3,3,3,Loyal Customers
2284,Retail,90,6,33213.32,3,3,3,Loyal Customers
6883,Retail,185,8,33197.39,2,4,3,Regular Customers
2287,Premium,90,8,33197.01,4,4,3,Loyal Customers
1672,Retail,90,6,33184.58,3,3,3,Loyal Customers
2559,Premium,320,7,33177.95,1,4,3,Regular Customers
882,Retail,90,5,33170.25,4,3,3,Loyal Customers
3790,Premium,331,7,33164.21,1,4,3,Regular Customers
7435,Premium,274,7,33161.15,2,4,3,Regular Customers
9297,Retail,90,2,33150.79,4,1,3,New / Promising
2511,Retail,374,6,33140.21,1,3,3,Regular Customers
9672,Retail,90,5,33137.82,4,3,3,Loyal Customers
3167,Retail,90,4,33130.98,3,2,3,New / Promising
4746,Premium,90,6,33121.58,3,3,3,Loyal Customers
2410,Retail,553,6,33099.78,1,3,3,Regular Customers
708,Premium,90,7,33098.72,3,4,3,Loyal Customers
5172,Retail,292,4,33095.46,1,2,3,Lapsed Customers
1863,Retail,90,7,33084.72,3,4,3,Loyal Customers
4777,Retail,201,5,33065.58,2,3,3,Regular Customers
5761,Retail,486,6,33064.53,1,3,3,Regular Customers
7387,Retail,90,5,33064.1,4,3,3,Loyal Customers
2841,Premium,306,5,33063.37,1,3,3,Regular Customers
2990,Premium,246,6,33054.1,2,3,3,Regular Customers
317,Retail,90,4,33053.9,3,2,3,New / Promising
4812,Retail,90,6,33051.57,3,3,3,Loyal Customers
8737,Retail,90,9,33049.28,4,4,3,Loyal Customers
1933,Retail,106,5,33044.77,3,3,3,Loyal Customers
7884,Premium,300,7,33025.99,1,4,3,Regular Customers
8731,Retail,90,5,33024.07,4,3,3,Loyal Customers
9806,Premium,431,6,33019.83,1,3,3,Regular Customers
284,Retail,345,5,33012.42,1,3,3,Regular Customers
7044,Retail,131,5,32995.55,3,3,3,Loyal Customers
7000,Retail,136,3,32983.47,3,2,3,New / Promising
6193,Retail,90,8,32971.61,4,4,3,Loyal Customers
972,Retail,90,6,32969.79,3,3,3,Loyal Customers
9334,Retail,90,2,32960.49,3,1,3,New / Promising
6551,Retail,90,5,32960.46,4,3,3,Loyal Customers
7292,Premium,172,4,32956.03,2,2,3,Regular Customers
8383,Retail,376,5,32953.8,1,3,3,Regular Customers
9965,Retail,90,5,32951.05,4,3,3,Loyal Customers
5935,Retail,156,4,32937.93,2,2,3,Regular Customers
3950,Retail,214,6,32933.62,2,3,3,Regular Customers
8813,Retail,309,5,32932.52,1,3,3,Regular Customers
4225,Retail,90,7,32919.21,3,4,3,Loyal Customers
4752,Premium,327,6,32916.1,1,3,3,Regular Customers
6378,Retail,487,6,32901.82,1,3,3,Regular Customers
9516,Retail,90,4,32895.46,3,2,3,New / Promising
3548,Retail,90,5,32887.13,4,3,3,Loyal Customers
4013,Premium,90,4,32885.86,3,2,3,New / Promising
6149,Retail,531,5,32882.82,1,3,3,Regular Customers
7919,Retail,253,6,32874.7,2,3,3,Regular Customers
8543,Retail,160,3,32872.59,2,2,3,Regular Customers
2959,Retail,106,5,32872.06,3,3,3,Loyal Customers
396,Retail,121,5,32859.91,3,3,3,Loyal Customers
4593,Premium,461,4,32859.38,1,2,3,Lapsed Customers
6412,Retail,341,5,32844.13,1,3,3,Regular Customers
1224,Retail,90,6,32839.23,3,3,3,Loyal Customers
5040,Retail,294,3,32834.51,1,2,3,Lapsed Customers
724,Premium,345,7,32831.49,1,4,3,Regular Customers
2773,Retail,430,7,32826.31,1,4,3,Regular Customers
7256,Premium,97,7,32813.06,3,4,3,Loyal Customers
5063,Premium,90,7,32805.18,4,4,3,Loyal Customers
3818,Premium,90,4,32802.7,3,2,3,New / Promising
8646,Premium,120,3,32801.33,3,2,3,New / Promising
7315,Retail,90,3,32788.48,4,2,3,New / Promising
8245,Retail,90,5,32780.0,4,3,3,Loyal Customers
7130,Premium,90,5,32778.1,4,3,3,Loyal Customers
5055,Premium,550,4,32776.3,1,2,3,Lapsed Customers
5928,Premium,205,9,32774.66,2,4,3,Regular Customers
239,Retail,236,6,32764.06,2,3,3,Regular Customers
915,Retail,94,5,32740.78,3,3,3,Loyal Customers
3182,Premium,490,5,32732.17,1,3,3,Regular Customers
6970,Retail,90,5,32724.59,4,3,3,Loyal Customers
9553,Retail,190,7,32724.51,2,4,3,Regular Customers
9114,Retail,90,5,32723.1,4,3,3,Loyal Customers
103,Retail,90,5,32716.55,4,3,3,Loyal Customers
2531,Retail,90,4,32712.12,3,2,3,New / Promising
1023,Retail,171,4,32711.58,2,2,3,Regular Customers
7445,Retail,128,7,32708.8,3,4,3,Loyal Customers
3384,Retail,90,6,32703.9,3,3,3,Loyal Customers
5031,Retail,90,6,32700.51,3,3,3,Loyal Customers
7142,Retail,90,6,32693.84,3,3,3,Loyal Customers
2685,Retail,90,7,32689.92,4,4,3,Loyal Customers
7166,Retail,130,6,32685.32,3,3,3,Loyal Customers
7448,Retail,290,5,32683.85,1,3,3,Regular Customers
8017,Retail,131,5,32659.02,3,3,3,Loyal Customers
4443,Premium,90,5,32654.14,4,3,3,Loyal Customers
6589,Retail,168,9,32639.68,2,4,3,Regular Customers
5176,Retail,122,7,32635.4,3,4,3,Loyal Customers
9556,Retail,330,6,32633.0,1,3,3,Regular Customers
6076,Retail,398,6,32619.54,1,3,3,Regular Customers
1006,Retail,90,8,32607.13,4,4,3,Loyal Customers
1768,Retail,362,5,32606.15,1,3,3,Regular Customers
4660,Retail,220,4,32596.14,2,2,3,Regular Customers
8609,Retail,150,4,32587.67,2,2,3,Regular Customers
9181,Retail,90,6,32586.38,3,3,3,Loyal Customers
8023,Retail,90,3,32571.61,4,2,3,New / Promising
8221,Retail,424,4,32569.18,1,2,3,Lapsed Customers
5034,Retail,335,6,32549.05,1,3,3,Regular Customers
1958,Retail,90,5,32524.86,4,3,3,Loyal Customers
5838,Premium,373,6,32519.82,1,3,3,Regular Customers
9169,Retail,216,4,32500.45,2,2,3,Regular Customers
8774,Retail,105,6,32499.21,3,3,3,Loyal Customers
5394,Retail,149,6,32498.33,2,3,3,Regular Customers
650,Retail,90,4,32494.33,3,2,3,New / Promising
5422,Retail,90,6,32492.36,3,3,3,Loyal Customers
2645,Retail,249,4,32484.3,2,2,3,Regular Customers
7804,Retail,90,5,32480.6,3,3,3,Loyal Customers
1869,Retail,364,5,32475.75,1,3,3,Regular Customers
361,Retail,90,5,32458.77,3,3,3,Loyal Customers
9730,Retail,90,5,32458.17,3,3,3,Loyal Customers
8288,Corporate,239,5,32453.2,2,3,3,Regular Customers
6240,Retail,153,4,32452.69,2,2,3,Regular Customers
518,Retail,551,5,32451.19,1,3,3,Regular Customers
1460,Premium,90,3,32448.65,4,2,3,New / Promising
8560,Premium,90,3,32430.15,4,2,3,New / Promising
4077,Premium,90,5,32407.74,3,3,3,Loyal Customers
3928,Corporate,303,3,32400.82,1,2,3,Lapsed Customers
3154,Premium,90,4,32387.13,3,2,3,New / Promising
5161,Retail,144,5,32384.72,2,3,3,Regular Customers
5634,Retail,251,5,32383.6,2,3,3,Regular Customers
4235,Retail,282,6,32377.62,2,3,3,Regular Customers
3836,Retail,90,6,32377.29,3,3,3,Loyal Customers
6072,Retail,90,5,32369.56,3,3,3,Loyal Customers
8360,Retail,90,8,32359.75,4,4,3,Loyal Customers
3969,Premium,126,5,32354.53,3,3,3,Loyal Customers
5170,Retail,263,6,32350.87,2,3,3,Regular Customers
9026,Retail,90,4,32344.98,3,2,3,New / Promising
2324,Corporate,90,4,32342.82,3,2,3,New / Promising
3088,Retail,90,9,32332.43,4,4,3,Loyal Customers
5888,Premium,257,6,32316.68,2,3,3,Regular Customers
7800,Retail,153,8,32305.07,2,4,3,Regular Customers
9696,Premium,117,4,32300.36,3,2,3,New / Promising
8275,Retail,390,3,32291.47,1,2,3,Lapsed Customers
9925,Retail,321,5,32291.32,1,3,3,Regular Customers
3553,Premium,90,5,32288.99,3,3,3,Loyal Customers
6681,Retail,344,6,32287.63,1,3,3,Regular Customers
5972,Premium,393,4,32286.44,1,2,3,Lapsed Customers
2717,Retail,245,8,32223.64,2,4,3,Regular Customers
1291,Premium,365,4,32216.19,1,2,3,Lapsed Customers
4092,Retail,508,5,32201.08,1,3,3,Regular Customers
3181,Retail,90,7,32200.23,4,4,3,Loyal Customers
3742,Retail,90,7,32197.34,4,4,3,Loyal Customers
2846,Retail,195,6,32187.15,2,3,3,Regular Customers
8825,Retail,90,6,32184.79,3,3,3,Loyal Customers
4807,Retail,204,3,32181.93,2,2,3,Regular Customers
5596,Retail,376,6,32181.7,1,3,3,Regular Customers
5037,Premium,90,5,32167.45,3,3,3,Loyal Customers
1745,Retail,90,5,32161.32,3,3,3,Loyal Customers
7687,Premium,350,5,32149.41,1,3,3,Regular Customers
6477,Retail,345,7,32116.55,1,4,3,Regular Customers
7084,Retail,90,4,32115.53,3,2,3,New / Promising
6045,Retail,288,5,32113.49,1,3,3,Regular Customers
4874,Retail,233,5,32108.07,2,3,3,Regular Customers
3162,Retail,90,5,32090.68,3,3,3,Loyal Customers
3935,Premium,176,3,32086.68,2,2,3,Regular Customers
6035,Premium,157,4,32080.73,2,2,3,Regular Customers
1016,Retail,90,2,32079.16,4,1,3,New / Promising
9984,Retail,90,6,32072.88,3,3,3,Loyal Customers
9917,Premium,547,6,32061.52,1,3,3,Regular Customers
9780,Retail,90,6,32052.02,3,3,3,Loyal Customers
7379,Premium,354,6,32036.62,1,3,3,Regular Customers
5856,Retail,171,3,32035.82,2,2,3,Regular Customers
9834,Retail,90,5,32026.91,3,3,3,Loyal Customers
5094,Retail,90,5,32016.99,3,3,3,Loyal Customers
3508,Retail,169,3,32008.74,2,2,3,Regular Customers
929,Premium,198,5,31998.6,2,3,3,Regular Customers
5188,Retail,432,5,31998.26,1,3,3,Regular Customers
6786,Retail,90,3,31997.81,4,2,3,New / Promising
657,Premium,90,4,31992.94,3,2,3,New / Promising
3201,Retail,90,4,31983.88,3,2,3,New / Promising
7409,Retail,90,6,31979.9,3,3,3,Loyal Customers
8755,Retail,90,6,31977.78,3,3,3,Loyal Customers
9038,Retail,90,4,31966.62,3,2,3,New / Promising
7392,Retail,90,2,31964.6,4,1,3,New / Promising
4988,Premium,90,7,31961.19,4,4,3,Loyal Customers
2498,Retail,90,6,31959.79,3,3,3,Loyal Customers
2848,Retail,188,6,31958.1,2,3,3,Regular Customers
5783,Retail,90,7,31938.92,4,4,3,Loyal Customers
666,Retail,90,3,31930.85,4,2,3,New / Promising
1186,Premium,345,7,31918.35,1,4,3,Regular Customers
376,Retail,285,7,31914.34,1,4,3,Regular Customers
503,Retail,90,4,31913.88,3,2,3,New / Promising
6037,Retail,90,6,31910.41,3,3,3,Loyal Customers
6972,Retail,90,5,31902.51,3,3,3,Loyal Customers
7258,Retail,269,5,31895.04,2,3,3,Regular Customers
8050,Retail,196,4,31892.34,2,2,3,Regular Customers
3117,Retail,152,6,31891.8,2,3,3,Regular Customers
9736,Retail,90,6,31864.44,3,3,3,Loyal Customers
5798,Retail,90,6,31855.51,3,3,3,Loyal Customers
1028,Retail,204,4,31853.03,2,2,3,Regular Customers
3642,Corporate,90,4,31851.92,3,2,3,New / Promising
7882,Retail,303,4,31839.34,1,2,3,Lapsed Customers
369,Premium,499,3,31837.5,1,2,3,Lapsed Customers
1983,Retail,331,6,31835.73,1,3,3,Regular Customers
7250,Retail,90,5,31833.03,3,3,3,Loyal Customers
6055,Retail,96,3,31821.31,3,2,3,New / Promising
901,Premium,499,5,31820.81,1,3,3,Regular Customers
1263,Retail,90,6,31817.99,3,3,3,Loyal Customers
58,Retail,413,4,31812.17,1,2,3,Lapsed Customers
6872,Retail,90,4,31807.8,3,2,3,New / Promising
5064,Retail,90,3,31802.52,4,2,3,New / Promising
8206,Retail,269,5,31782.11,2,3,3,Regular Customers
7596,Premium,178,7,31780.99,2,4,3,Regular Customers
6069,Retail,480,7,31780.93,1,4,3,Regular Customers
8864,Retail,90,7,31778.21,4,4,3,Loyal Customers
7259,Retail,414,6,31778.05,1,3,3,Regular Customers
6348,Retail,90,3,31770.79,4,2,3,New / Promising
8607,Retail,299,6,31770.2,1,3,3,Regular Customers
4193,Retail,90,5,31767.35,3,3,3,Loyal Customers
1316,Retail,417,8,31766.52,1,4,3,Regular Customers
1122,Retail,377,6,31762.47,1,3,3,Regular Customers
3131,Retail,90,5,31758.95,3,3,3,Loyal Customers
9664,Retail,317,7,31752.59,1,4,3,Regular Customers
7197,Retail,117,6,31746.98,3,3,3,Loyal Customers
8855,Retail,301,4,31746.88,1,2,3,Lapsed Customers
8348,Premium,138,6,31739.08,3,3,3,Loyal Customers
5528,Retail,329,7,31736.2,1,4,3,Regular Customers
4639,Retail,90,4,31732.4,3,2,3,New / Promising
5107,Retail,90,3,31732.11,4,2,3,New / Promising
647,Retail,90,8,31728.69,4,4,3,Loyal Customers
5307,Retail,364,4,31722.89,1,2,3,Lapsed Customers
7500,Retail,449,7,31721.72,1,4,3,Regular Customers
7154,Retail,90,4,31713.89,3,2,3,New / Promising
3878,Retail,246,3,31689.89,2,2,3,Regular Customers
1474,Retail,185,5,31688.88,2,3,3,Regular Customers
7546,Premium,90,5,31688.47,3,3,3,Loyal Customers
9109,Retail,286,5,31666.65,1,3,3,Regular Customers
3307,Retail,273,3,31660.86,2,2,3,Regular Customers
665,Retail,101,6,31658.45,3,3,3,Loyal Customers
6978,Retail,90,5,31657.02,3,3,3,Loyal Customers
1312,Premium,167,6,31629.24,2,3,3,Regular Customers
3659,Retail,207,7,31619.49,2,4,3,Regular Customers
5026,Retail,465,9,31604.25,1,4,3,Regular Customers
6754,Retail,96,8,31595.15,3,4,3,Loyal Customers
2404,Retail,278,5,31593.37,2,3,3,Regular Customers
8162,Retail,122,4,31591.51,3,2,3,New / Promising
1801,Retail,259,4,31586.95,2,2,3,Regular Customers
2827,Premium,129,6,31585.54,3,3,3,Loyal Customers
2677,Retail,90,4,31579.89,3,2,3,New / Promising
9611,Retail,90,8,31579.39,4,4,3,Loyal Customers
9860,Retail,180,6,31575.49,2,3,3,Regular Customers
7139,Premium,240,4,31573.58,2,2,3,Regular Customers
2901,Retail,161,6,31571.99,2,3,3,Regular Customers
6834,Retail,185,7,31564.16,2,4,3,Regular Customers
3469,Retail,170,4,31560.52,2,2,3,Regular Customers
7658,Premium,90,5,31559.67,3,3,3,Loyal Customers
7286,Retail,142,3,31559.12,2,2,3,Regular Customers
8354,Premium,90,6,31558.49,3,3,3,Loyal Customers
1140,Retail,90,7,31557.21,4,4,3,Loyal Customers
6126,Retail,220,4,31554.78,2,2,3,Regular Customers
9858,Retail,132,2,31552.42,3,1,3,New / Promising
9754,Premium,428,4,31552.3,1,2,3,Lapsed Customers
2394,Premium,251,5,31548.54,2,3,3,Regular Customers
7237,Retail,90,4,31535.96,3,2,3,New / Promising
3863,Premium,360,5,31534.48,1,3,3,Regular Customers
5629,Premium,106,4,31530.01,3,2,3,New / Promising
7829,Premium,90,7,31520.72,4,4,3,Loyal Customers
850,Premium,123,7,31518.16,3,4,3,Loyal Customers
8776,Retail,90,6,31516.67,3,3,3,Loyal Customers
2435,Retail,358,4,31514.3,1,2,3,Lapsed Customers
8014,Retail,336,5,31506.19,1,3,3,Regular Customers
4029,Retail,181,5,31506.11,2,3,3,Regular Customers
79,Retail,197,5,31494.27,2,3,3,Regular Customers
8210,Premium,90,5,31483.26,3,3,3,Loyal Customers
9856,Retail,265,7,31482.26,2,4,3,Regular Customers
9400,Premium,209,5,31480.76,2,3,3,Regular Customers
570,Premium,239,6,31476.71,2,3,3,Regular Customers
6265,Retail,90,6,31471.8,3,3,3,Loyal Customers
5437,Retail,317,5,31468.01,1,3,3,Regular Customers
6407,Retail,90,6,31466.82,3,3,3,Loyal Customers
6660,Corporate,166,4,31462.23,2,2,3,Regular Customers
386,Premium,354,9,31456.39,1,4,3,Regular Customers
7071,Premium,355,7,31442.16,1,4,3,Regular Customers
8712,Retail,90,5,31441.6,3,3,3,Loyal Customers
4804,Premium,90,6,31441.45,3,3,3,Loyal Customers
5445,Retail,142,4,31439.82,2,2,3,Regular Customers
3217,Premium,474,6,31417.61,1,3,3,Regular Customers
9025,Retail,90,4,31402.39,3,2,3,New / Promising
9307,Retail,225,5,31402.04,2,3,3,Regular Customers
6775,Retail,90,4,31397.09,3,2,3,New / Promising
9878,Retail,90,6,31383.08,3,3,3,Loyal Customers
1015,Retail,102,1,31377.51,3,1,3,New / Promising
6340,Retail,103,6,31375.29,3,3,3,Loyal Customers
2221,Retail,90,4,31370.83,3,2,3,New / Promising
2790,Retail,90,6,31368.77,3,3,3,Loyal Customers
7066,Retail,90,6,31364.66,3,3,3,Loyal Customers
2918,Retail,90,6,31348.16,3,3,3,Loyal Customers
5080,Premium,90,3,31344.33,4,1,3,New / Promising
9989,Retail,90,4,31327.0,3,2,3,New / Promising
6284,Retail,90,5,31317.07,3,3,3,Loyal Customers
5279,Retail,90,6,31310.59,3,3,3,Loyal Customers
3662,Retail,184,5,31309.04,2,3,3,Regular Customers
2085,Retail,206,8,31302.67,2,4,3,Regular Customers
278,Premium,90,6,31290.97,3,3,3,Loyal Customers
4131,Retail,90,9,31289.7,4,4,3,Loyal Customers
5781,Retail,139,5,31284.08,3,3,3,Loyal Customers
3425,Retail,90,5,31271.31,3,3,3,Loyal Customers
4526,Retail,90,6,31268.9,3,3,3,Loyal Customers
5194,Retail,167,7,31231.65,2,4,3,Regular Customers
5275,Retail,90,6,31228.37,3,3,3,Loyal Customers
1262,Retail,90,7,31226.84,4,4,3,Loyal Customers
1439,Premium,363,4,31225.26,1,2,3,Lapsed Customers
4421,Retail,209,3,31217.96,2,1,3,Regular Customers
8843,Premium,244,2,31210.51,2,1,3,Regular Customers
2505,Retail,238,6,31199.37,2,3,3,Regular Customers
7854,Retail,90,4,31199.08,3,2,3,New / Promising
7915,Retail,465,5,31195.17,1,3,3,Regular Customers
8532,Retail,90,5,31185.81,3,3,3,Loyal Customers
6531,Retail,494,5,31179.12,1,3,3,Regular Customers
2488,Retail,370,7,31173.94,1,4,3,Regular Customers
2453,Retail,539,5,31146.76,1,3,3,Regular Customers
8514,Retail,90,5,31146.53,3,3,3,Loyal Customers
6767,Retail,90,6,31120.5,3,3,3,Loyal Customers
362,Retail,90,3,31118.65,4,1,3,New / Promising
5058,Retail,90,3,31095.44,4,1,3,New / Promising
474,Retail,90,5,31067.38,3,3,3,Loyal Customers
6205,Retail,444,5,31063.36,1,3,3,Regular Customers
5988,Corporate,182,7,31056.87,2,4,3,Regular Customers
8341,Retail,90,4,31054.49,3,2,3,New / Promising
5282,Premium,190,6,31051.44,2,3,3,Regular Customers
8655,Retail,384,4,31028.27,1,2,3,Lapsed Customers
4995,Retail,163,3,31023.21,2,1,3,Regular Customers
4473,Retail,90,5,31016.52,3,3,3,Loyal Customers
1411,Retail,291,5,31011.68,1,3,3,Regular Customers
735,Retail,90,5,31003.67,3,3,3,Loyal Customers
3194,Corporate,224,3,30997.68,2,1,3,Regular Customers
5987,Retail,90,3,30990.83,4,1,3,New / Promising
4105,Premium,188,5,30990.51,2,3,3,Regular Customers
6054,Retail,394,5,30981.35,1,3,3,Regular Customers
1544,Retail,90,5,30954.91,3,3,3,Loyal Customers
2414,Retail,137,5,30950.73,3,3,3,Loyal Customers
5469,Retail,283,7,30947.32,2,4,3,Regular Customers
1901,Retail,185,7,30939.04,2,4,3,Regular Customers
6905,Retail,205,6,30934.35,2,3,3,Regular Customers
9341,Retail,227,2,30926.16,2,1,3,Regular Customers
6646,Retail,90,2,30917.79,4,1,3,New / Promising
2785,Retail,90,5,30910.84,3,3,3,Loyal Customers
533,Retail,339,4,30905.72,1,2,3,Lapsed Customers
4190,Retail,90,4,30899.8,3,2,3,New / Promising
8474,Retail,226,3,30898.49,2,1,3,Regular Customers
3573,Premium,187,4,30893.61,2,2,3,Regular Customers
1325,Retail,90,2,30892.85,4,1,3,New / Promising
7432,Premium,90,3,30884.57,4,1,3,New / Promising
6153,Retail,146,4,30875.01,2,2,3,Regular Customers
3639,Retail,329,8,30865.89,1,4,3,Regular Customers
2859,Premium,160,5,30849.78,2,3,3,Regular Customers
1227,Retail,155,8,30849.42,2,4,3,Regular Customers
9171,Premium,192,5,30844.16,2,3,3,Regular Customers
2191,Retail,372,5,30838.59,1,3,3,Regular Customers
6358,Corporate,221,6,30837.69,2,3,3,Regular Customers
3789,Retail,100,3,30835.19,3,1,3,New / Promising
1655,Retail,178,5,30824.92,2,3,3,Regular Customers
3188,Retail,90,5,30815.71,3,3,3,Loyal Customers
9090,Retail,90,6,30796.12,3,3,3,Loyal Customers
5214,Retail,127,6,30790.24,3,3,3,Loyal Customers
348,Premium,90,4,30777.54,3,2,3,New / Promising
4464,Retail,153,3,30776.94,2,1,3,Regular Customers
1566,Retail,268,7,30758.98,2,4,3,Regular Customers
1301,Retail,149,4,30755.12,2,2,3,Regular Customers
1809,Retail,258,6,30753.33,2,3,3,Regular Customers
1366,Retail,331,5,30752.73,1,3,3,Regular Customers
7833,Retail,266,3,30750.47,2,1,3,Regular Customers
1926,Retail,281,4,30749.93,2,2,3,Regular Customers
3519,Retail,164,5,30746.59,2,3,3,Regular Customers
6525,Premium,101,7,30739.64,3,4,3,Loyal Customers
9715,Retail,109,4,30727.05,3,2,3,New / Promising
5113,Retail,90,3,30726.5,4,1,3,New / Promising
5558,Retail,342,5,30712.03,1,3,3,Regular Customers
25,Retail,90,6,30707.32,3,3,3,Loyal Customers
212,Retail,90,6,30696.08,3,3,3,Loyal Customers
8945,Retail,524,5,30688.07,1,3,3,Regular Customers
1418,Retail,90,4,30676.87,3,2,3,New / Promising
4814,Retail,187,2,30675.67,2,1,3,Regular Customers
4066,Retail,90,4,30665.88,3,2,3,New / Promising
1721,Retail,219,5,30652.08,2,3,3,Regular Customers
3617,Retail,90,5,30649.31,3,3,3,Loyal Customers
3809,Premium,175,5,30644.09,2,3,3,Regular Customers
4880,Retail,90,3,30642.95,4,1,3,New / Promising
9429,Retail,90,5,30625.02,3,3,3,Loyal Customers
4631,Premium,331,6,30624.45,1,3,3,Regular Customers
445,Corporate,90,6,30612.34,3,3,3,Loyal Customers
7971,Retail,405,7,30611.15,1,4,3,Regular Customers
4424,Retail,372,5,30610.27,1,3,3,Regular Customers
2520,Retail,90,5,30605.61,3,3,3,Loyal Customers
5266,Retail,162,5,30605.45,2,3,3,Regular Customers
3456,Retail,90,2,30605.25,4,1,3,New / Promising
7031,Retail,90,8,30599.86,4,4,3,Loyal Customers
247,Retail,218,6,30585.28,2,3,3,Regular Customers
4078,Retail,90,4,30577.82,3,2,3,New / Promising
6782,Retail,271,6,30574.79,2,3,3,Regular Customers
4816,Retail,274,2,30573.76,2,1,3,Regular Customers
1849,Retail,90,8,30562.76,4,4,3,Loyal Customers
1872,Retail,107,6,30560.94,3,3,3,Loyal Customers
938,Retail,306,4,30542.79,1,2,3,Lapsed Customers
310,Retail,190,5,30539.86,2,3,3,Regular Customers
5920,Retail,90,5,30538.08,3,3,3,Loyal Customers
2669,Retail,446,7,30531.24,1,4,3,Regular Customers
6209,Premium,164,6,30514.32,2,3,3,Regular Customers
9280,Retail,90,4,30500.17,3,2,3,New / Promising
4112,Retail,90,5,30487.24,3,3,3,Loyal Customers
9383,Premium,90,3,30474.72,4,1,3,New / Promising
8277,Retail,184,6,30448.73,2,3,3,Regular Customers
9123,Retail,90,3,30437.21,4,1,3,New / Promising
9242,Retail,90,4,30431.36,3,2,3,New / Promising
5222,Premium,90,6,30429.05,3,3,3,Loyal Customers
5418,Retail,90,7,30428.71,4,4,3,Loyal Customers
8287,Premium,407,8,30425.15,1,4,3,Regular Customers
8263,Retail,90,6,30417.24,3,3,3,Loyal Customers
4607,Retail,90,3,30412.1,4,1,3,New / Promising
4096,Retail,90,5,30405.79,3,3,3,Loyal Customers
998,Premium,138,6,30396.27,3,3,3,Loyal Customers
5388,Retail,90,4,30395.36,3,2,3,New / Promising
7173,Retail,90,3,30392.72,4,1,3,New / Promising
4365,Premium,90,5,30389.15,3,3,3,Loyal Customers
6902,Retail,239,9,30382.86,2,4,3,Regular Customers
3967,Retail,90,4,30382.45,3,2,3,New / Promising
6315,Retail,90,4,30345.8,3,2,3,New / Promising
5195,Retail,298,6,30335.32,1,3,3,Regular Customers
9853,Retail,90,4,30335.12,3,2,3,New / Promising
5583,Retail,90,5,30333.39,3,3,3,Loyal Customers
1561,Retail,188,7,30333.1,2,4,3,Regular Customers
2118,Retail,90,8,30319.73,4,4,3,Loyal Customers
3388,Retail,90,4,30305.61,3,2,3,New / Promising
4103,Retail,320,3,30305.55,1,1,3,Lapsed Customers
1445,Retail,285,2,30303.65,1,1,3,Lapsed Customers
1836,Retail,163,8,30294.86,2,4,3,Regular Customers
2451,Retail,90,4,30289.26,3,2,3,New / Promising
2006,Retail,516,7,30282.96,1,4,3,Regular Customers
4791,Retail,276,4,30281.86,2,2,3,Regular Customers
6998,Retail,372,5,30274.49,1,3,3,Regular Customers
6362,Retail,90,5,30270.29,3,3,3,Loyal Customers
7515,Retail,90,4,30266.74,3,2,3,New / Promising
4945,Retail,402,6,30258.16,1,3,3,Regular Customers
100,Premium,514,5,30251.15,1,3,3,Regular Customers
4970,Retail,90,4,30239.54,3,2,3,New / Promising
9205,Premium,90,3,30235.11,4,1,3,New / Promising
2207,Retail,200,4,30224.05,2,2,3,Regular Customers
6169,Premium,154,5,30219.38,2,3,3,Regular Customers
6617,Retail,297,3,30215.1,1,1,3,Lapsed Customers
661,Retail,90,4,30212.07,3,2,3,New / Promising
238,Retail,249,4,30208.85,2,2,3,Regular Customers
9085,Premium,134,5,30208.74,3,3,3,Loyal Customers
1257,Retail,240,6,30204.71,2,3,3,Regular Customers
7674,Retail,186,9,30203.36,2,4,3,Regular Customers
1756,Retail,130,4,30186.72,3,2,3,New / Promising
9029,Premium,91,3,30177.22,3,1,3,New / Promising
1813,Retail,186,2,30174.46,2,1,3,Regular Customers
6934,Retail,90,6,30167.14,3,3,3,Loyal Customers
9552,Retail,281,5,30166.73,2,3,3,Regular Customers
7098,Retail,221,5,30164.54,2,3,3,Regular Customers
2445,Retail,305,4,30155.24,1,2,3,Lapsed Customers
3275,Retail,230,3,30149.17,2,1,3,Regular Customers
4038,Retail,90,5,30146.31,3,3,3,Loyal Customers
4940,Premium,140,7,30139.67,3,4,3,Loyal Customers
5486,Retail,169,3,30134.56,2,1,3,Regular Customers
9437,Retail,365,6,30132.67,1,3,3,Regular Customers
3582,Retail,125,5,30129.94,3,3,3,Loyal Customers
9718,Premium,197,6,30122.73,2,3,3,Regular Customers
8127,Retail,165,5,30120.44,2,3,3,Regular Customers
7119,Retail,90,6,30100.4,3,3,3,Loyal Customers
644,Retail,117,7,30099.09,3,4,3,Loyal Customers
1087,Retail,90,6,30097.56,3,3,3,Loyal Customers
9087,Retail,90,4,30083.12,3,2,3,New / Promising
2768,Retail,90,6,30082.12,3,3,3,Loyal Customers
1228,Retail,90,3,30080.7,4,1,3,New / Promising
7329,Retail,213,5,30075.77,2,3,3,Regular Customers
7294,Retail,328,3,30074.72,1,1,3,Lapsed Customers
2425,Premium,262,5,30071.32,2,3,3,Regular Customers
1647,Retail,308,4,30066.54,1,2,3,Lapsed Customers
8019,Retail,207,7,30052.66,2,4,3,Regular Customers
2291,Retail,90,5,30050.2,3,3,3,Loyal Customers
1287,Retail,90,6,30043.54,3,3,3,Loyal Customers
5201,Retail,363,5,30018.28,1,3,3,Regular Customers
4210,Premium,249,5,30016.04,2,3,3,Regular Customers
1865,Retail,151,4,30015.26,2,2,3,Regular Customers
6492,Retail,90,5,30008.59,3,3,3,Loyal Customers
1730,Retail,251,7,30007.44,2,4,3,Regular Customers
454,Retail,131,5,30004.87,3,3,3,Loyal Customers
164,Retail,90,5,30001.93,3,3,3,Loyal Customers
7742,Retail,178,4,30000.55,2,2,3,Regular Customers
9746,Premium,141,5,29998.49,3,3,3,Loyal Customers
4137,Retail,90,2,29997.72,4,1,3,New / Promising
3415,Retail,146,7,29981.79,2,4,3,Regular Customers
2736,Retail,351,5,29976.97,1,3,3,Regular Customers
7988,Retail,132,6,29973.97,3,3,3,Loyal Customers
8960,Retail,90,6,29968.94,3,3,3,Loyal Customers
9733,Retail,292,3,29965.05,1,1,3,Lapsed Customers
1638,Premium,90,3,29958.95,4,1,3,New / Promising
8795,Retail,148,3,29957.01,2,1,3,Regular Customers
441,Retail,90,5,29932.41,3,3,3,Loyal Customers
6788,Retail,344,6,29930.53,1,3,3,Regular Customers
2413,Retail,90,7,29930.44,4,4,3,Loyal Customers
1189,Retail,302,6,29924.58,1,3,3,Regular Customers
9846,Retail,173,7,29917.28,2,4,3,Regular Customers
3383,Retail,90,6,29916.01,3,3,3,Loyal Customers
4613,Retail,90,5,29915.87,3,3,3,Loyal Customers
2958,Retail,312,3,29914.95,1,1,3,Lapsed Customers
510,Retail,236,3,29910.11,2,2,3,Regular Customers
9102,Retail,397,5,29908.8,1,3,3,Regular Customers
3542,Retail,90,6,29904.93,3,3,3,Loyal Customers
9396,Retail,90,5,29894.91,3,3,3,Loyal Customers
1135,Retail,90,4,29889.68,3,2,3,New / Promising
375,Retail,90,5,29880.87,3,3,3,Loyal Customers
4891,Retail,90,5,29870.69,3,3,3,Loyal Customers
6448,Retail,90,7,29859.12,4,4,3,Loyal Customers
3658,Retail,90,5,29858.47,3,3,3,Loyal Customers
4568,Premium,189,6,29846.86,2,3,3,Regular Customers
1530,Retail,90,4,29837.5,3,2,3,New / Promising
2055,Retail,90,6,29836.75,3,3,3,Loyal Customers
5483,Premium,156,4,29825.51,2,2,3,Regular Customers
9482,Retail,205,4,29822.78,2,2,3,Regular Customers
9513,Retail,117,5,29818.49,3,3,3,Loyal Customers
8509,Retail,575,3,29813.59,1,2,3,Lapsed Customers
5954,Premium,267,3,29796.45,2,2,3,Regular Customers
7214,Premium,418,7,29792.35,1,4,3,Regular Customers
2268,Retail,155,5,29791.74,2,3,3,Regular Customers
1874,Retail,90,3,29791.39,4,2,3,New / Promising
2274,Retail,361,5,29790.74,1,3,3,Regular Customers
7670,Premium,434,5,29787.51,1,3,3,Regular Customers
5273,Retail,90,5,29782.82,3,3,3,Loyal Customers
6405,Retail,90,5,29777.21,3,3,3,Loyal Customers
8580,Retail,90,6,29769.27,3,3,3,Loyal Customers
4158,Retail,255,2,29768.95,2,1,3,Regular Customers
1431,Retail,90,6,29765.25,3,3,3,Loyal Customers
8044,Premium,255,4,29741.7,2,2,3,Regular Customers
2868,Retail,399,4,29732.69,1,2,3,Lapsed Customers
273,Premium,324,6,29732.36,1,3,3,Regular Customers
5774,Retail,176,6,29722.21,2,3,3,Regular Customers
5518,Retail,224,3,29718.44,2,2,3,Regular Customers
6006,Retail,90,4,29708.05,3,2,3,New / Promising
4075,Premium,109,4,29702.98,3,2,3,New / Promising
7400,Retail,94,4,29700.28,3,2,3,New / Promising
139,Retail,266,3,29696.14,2,2,3,Regular Customers
3627,Retail,90,4,29689.03,3,2,3,New / Promising
8157,Retail,306,4,29677.43,1,2,3,Lapsed Customers
2091,Retail,90,8,29673.61,4,4,3,Loyal Customers
2235,Retail,183,7,29669.24,2,4,3,Regular Customers
5286,Retail,256,2,29660.09,2,1,3,Regular Customers
2577,Premium,304,5,29657.06,1,3,3,Regular Customers
4063,Retail,90,5,29656.94,3,3,3,Loyal Customers
6713,Retail,90,9,29650.03,4,4,3,Loyal Customers
9249,Retail,228,5,29635.8,2,3,3,Regular Customers
3499,Retail,324,6,29620.67,1,3,3,Regular Customers
4699,Retail,214,6,29592.81,2,3,3,Regular Customers
9298,Retail,90,6,29590.08,3,3,2,Regular Customers
3855,Retail,90,6,29586.18,3,3,2,Regular Customers
7634,Retail,171,9,29585.3,2,4,2,Regular Customers
4161,Retail,91,6,29580.03,3,3,2,Regular Customers
1233,Premium,90,4,29578.26,3,2,2,New / Promising
4921,Retail,90,3,29563.33,4,2,2,New / Promising
6119,Retail,123,4,29556.99,3,2,2,New / Promising
2907,Retail,90,4,29543.39,3,2,2,New / Promising
9561,Retail,90,2,29523.25,3,1,2,New / Promising
1787,Retail,454,6,29512.24,1,3,2,Regular Customers
3614,Retail,291,7,29509.06,1,4,2,Regular Customers
3257,Premium,432,10,29505.44,1,4,2,Regular Customers
6225,Retail,272,5,29502.46,2,2,2,Regular Customers
4014,Retail,90,5,29492.73,3,2,2,New / Promising
6671,Retail,90,6,29487.52,3,3,2,Regular Customers
963,Retail,150,3,29480.66,2,2,2,Regular Customers
2242,Retail,90,4,29469.28,3,2,2,New / Promising
2206,Retail,174,5,29464.63,2,2,2,Regular Customers
4459,Retail,293,6,29461.81,1,3,2,Regular Customers
5272,Premium,90,3,29458.05,4,2,2,New / Promising
4999,Retail,90,6,29446.69,3,3,2,Regular Customers
2501,Retail,90,4,29443.58,3,2,2,New / Promising
5891,Retail,90,5,29433.65,3,2,2,New / Promising
6676,Retail,90,4,29431.3,3,2,2,New / Promising
5247,Retail,90,6,29425.83,3,3,2,Regular Customers
7295,Retail,464,4,29423.2,1,2,2,Lapsed Customers
2545,Retail,131,5,29421.69,3,2,2,New / Promising
3179,Retail,342,4,29418.28,1,2,2,Lapsed Customers
980,Retail,245,5,29418.26,2,2,2,Regular Customers
8457,Retail,90,8,29388.76,4,4,2,Regular Customers
5921,Retail,379,6,29376.01,1,3,2,Regular Customers
8922,Retail,389,4,29375.39,1,2,2,Lapsed Customers
5829,Retail,197,5,29373.17,2,2,2,Regular Customers
3515,Retail,393,4,29370.6,1,2,2,Lapsed Customers
4196,Retail,179,3,29368.23,2,2,2,Regular Customers
5112,Retail,90,3,29366.2,4,2,2,New / Promising
3961,Retail,90,4,29362.86,3,2,2,New / Promising
2160,Retail,264,4,29354.12,2,2,2,Regular Customers
2530,Retail,110,4,29345.25,3,2,2,New / Promising
7477,Retail,90,4,29337.01,3,2,2,New / Promising
4145,Retail,495,3,29335.53,1,2,2,Lapsed Customers
7777,Retail,151,5,29325.9,2,2,2,Regular Customers
5499,Retail,90,5,29323.54,3,2,2,New / Promising
142,Retail,176,6,29318.28,2,3,2,Regular Customers
1912,Retail,90,6,29317.87,3,3,2,Regular Customers
3871,Retail,552,6,29316.48,1,3,2,Regular Customers
3360,Retail,90,6,29309.58,3,3,2,Regular Customers
4498,Retail,90,6,29299.8,3,3,2,Regular Customers
426,Retail,118,5,29299.19,3,2,2,New / Promising
9534,Retail,255,4,29291.35,2,2,2,Regular Customers
5877,Retail,90,5,29285.73,3,2,2,New / Promising
2475,Retail,102,6,29272.71,3,3,2,Regular Customers
5814,Premium,90,3,29271.28,4,2,2,New / Promising
3847,Premium,90,6,29268.82,3,3,2,Regular Customers
169,Retail,283,3,29263.82,2,2,2,Regular Customers
7553,Retail,90,3,29262.52,4,2,2,New / Promising
957,Retail,121,6,29257.97,3,3,2,Regular Customers
5467,Retail,540,6,29254.99,1,3,2,Regular Customers
2083,Premium,408,2,29246.56,1,1,2,Lapsed Customers
1967,Retail,296,7,29240.56,1,4,2,Regular Customers
8092,Retail,127,7,29235.07,3,4,2,Regular Customers
1376,Retail,90,4,29234.16,3,2,2,New / Promising
3329,Premium,143,4,29229.2,2,2,2,Regular Customers
4519,Retail,90,5,29227.33,3,2,2,New / Promising
9153,Premium,90,10,29227.02,4,4,2,Regular Customers
6624,Retail,90,6,29220.17,3,3,2,Regular Customers
6830,Retail,347,2,29218.92,1,1,2,Lapsed Customers
1146,Retail,91,5,29214.22,3,2,2,New / Promising
5133,Retail,90,5,29206.3,3,2,2,New / Promising
1162,Retail,90,4,29205.44,3,2,2,New / Promising
6261,Retail,108,6,29195.6,3,3,2,Regular Customers
7216,Retail,151,2,29181.33,2,1,2,Regular Customers
905,Retail,90,6,29174.61,3,3,2,Regular Customers
9620,Retail,263,5,29160.03,2,2,2,Regular Customers
1535,Retail,90,3,29154.45,4,2,2,New / Promising
3756,Retail,280,8,29151.51,2,4,2,Regular Customers
984,Retail,90,4,29137.29,3,2,2,New / Promising
9489,Retail,90,4,29136.07,3,2,2,New / Promising
1694,Premium,344,7,29124.49,1,4,2,Regular Customers
2192,Retail,90,5,29124.2,3,2,2,New / Promising
1506,Retail,421,6,29120.28,1,3,2,Regular Customers
6101,Premium,184,4,29115.33,2,2,2,Regular Customers
6871,Retail,472,6,29114.01,1,3,2,Regular Customers
512,Retail,90,5,29108.37,3,2,2,New / Promising
6691,Retail,322,3,29096.59,1,2,2,Lapsed Customers
2881,Retail,90,8,29086.95,4,4,2,Regular Customers
3477,Premium,90,7,29080.96,4,4,2,Regular Customers
6503,Retail,238,5,29070.44,2,2,2,Regular Customers
2529,Retail,430,6,29064.73,1,3,2,Regular Customers
7171,Retail,108,5,29062.26,3,2,2,New / Promising
5151,Retail,217,5,29050.89,2,2,2,Regular Customers
5096,Retail,358,7,29044.71,1,4,2,Regular Customers
6995,Retail,90,3,29042.03,4,2,2,New / Promising
4508,Retail,90,9,29026.35,4,4,2,Regular Customers
8766,Retail,167,5,29016.24,2,2,2,Regular Customers
5607,Retail,279,2,29002.79,2,1,2,Regular Customers
3160,Retail,90,2,28986.7,4,1,2,New / Promising
8056,Retail,267,3,28981.08,2,2,2,Regular Customers
6986,Retail,90,5,28979.05,3,2,2,New / Promising
7600,Retail,288,3,28978.9,1,2,2,Lapsed Customers
928,Premium,206,4,28969.61,2,2,2,Regular Customers
6469,Premium,90,5,28951.08,3,2,2,New / Promising
3536,Retail,448,6,28949.04,1,3,2,Regular Customers
9934,Retail,90,4,28948.66,3,2,2,New / Promising
6912,Premium,90,5,28910.81,3,2,2,New / Promising
8432,Retail,165,5,28909.01,2,2,2,Regular Customers
4706,Retail,186,7,28908.39,2,4,2,Regular Customers
2432,Retail,90,3,28906.1,4,2,2,New / Promising
7707,Retail,90,4,28904.43,3,2,2,New / Promising
1170,Retail,106,4,28904.2,3,2,2,New / Promising
7939,Premium,467,6,28901.07,1,3,2,Regular Customers
4329,Retail,313,6,28899.79,1,3,2,Regular Customers
2062,Retail,90,5,28880.52,3,2,2,New / Promising
7775,Retail,242,2,28880.1,2,1,2,Regular Customers
6867,Retail,126,4,28864.08,3,2,2,New / Promising
1428,Retail,90,5,28862.4,3,2,2,New / Promising
1275,Retail,208,6,28854.94,2,3,2,Regular Customers
4858,Retail,90,4,28852.15,3,2,2,New / Promising
7153,Premium,143,5,28843.07,2,2,2,Regular Customers
9914,Retail,90,2,28839.5,4,1,2,New / Promising
2228,Retail,90,5,28834.69,3,2,2,New / Promising
4376,Retail,261,7,28828.66,2,4,2,Regular Customers
9893,Retail,437,3,28824.42,1,2,2,Lapsed Customers
2858,Retail,174,3,28823.89,2,2,2,Regular Customers
5485,Retail,90,5,28823.63,3,2,2,New / Promising
9106,Retail,270,6,28820.5,2,3,2,Regular Customers
8128,Retail,90,3,28814.75,4,2,2,New / Promising
3795,Retail,178,2,28812.45,2,1,2,Regular Customers
4292,Premium,90,5,28802.26,3,2,2,New / Promising
4435,Premium,90,5,28795.03,3,2,2,New / Promising
698,Premium,90,4,28777.34,3,2,2,New / Promising
5953,Retail,433,7,28773.85,1,4,2,Regular Customers
9857,Retail,283,5,28762.16,2,2,2,Regular Customers
2521,Retail,367,6,28760.66,1,3,2,Regular Customers
4886,Premium,226,6,28752.88,2,3,2,Regular Customers
5395,Retail,205,5,28751.23,2,2,2,Regular Customers
8108,Retail,330,6,28740.64,1,3,2,Regular Customers
4070,Retail,507,5,28740.15,1,2,2,Lapsed Customers
3811,Premium,131,5,28721.52,3,2,2,New / Promising
537,Retail,283,6,28721.24,2,3,2,Regular Customers
4327,Retail,90,7,28717.25,4,4,2,Regular Customers
939,Retail,159,7,28704.65,2,4,2,Regular Customers
4197,Retail,201,3,28704.02,2,2,2,Regular Customers
2648,Retail,90,6,28700.62,3,3,2,Regular Customers
2454,Retail,319,4,28690.21,1,2,2,Lapsed Customers
9392,Retail,90,5,28688.25,3,2,2,New / Promising
3698,Retail,245,3,28681.01,2,2,2,Regular Customers
4701,Retail,90,4,28680.58,3,2,2,New / Promising
1357,Retail,147,6,28672.41,2,3,2,Regular Customers
1127,Retail,90,4,28670.89,3,2,2,New / Promising
8869,Retail,90,5,28670.86,3,2,2,New / Promising
4724,Retail,201,5,28669.36,2,2,2,Regular Customers
3369,Retail,294,4,28659.02,1,2,2,Lapsed Customers
1215,Retail,485,6,28658.77,1,3,2,Regular Customers
4123,Premium,90,4,28657.41,3,2,2,New / Promising
3480,Premium,90,6,28656.12,3,3,2,Regular Customers
4689,Retail,293,4,28644.92,1,2,2,Lapsed Customers
1803,Retail,327,4,28640.4,1,2,2,Lapsed Customers
8169,Retail,90,5,28636.14,3,2,2,New / Promising
8640,Retail,90,3,28632.87,4,2,2,New / Promising
4801,Retail,90,6,28632.14,3,3,2,Regular Customers
9031,Retail,215,6,28624.39,2,3,2,Regular Customers
1810,Premium,90,4,28601.49,3,2,2,New / Promising
6454,Retail,97,6,28596.49,3,3,2,Regular Customers
844,Retail,389,4,28582.06,1,2,2,Lapsed Customers
9179,Retail,284,3,28573.87,1,2,2,Lapsed Customers
6234,Premium,90,4,28572.74,3,2,2,New / Promising
655,Retail,90,6,28571.26,3,3,2,Regular Customers
2064,Retail,90,5,28568.67,3,2,2,New / Promising
8785,Premium,236,4,28565.44,2,2,2,Regular Customers
2814,Retail,90,7,28560.1,4,4,2,Regular Customers
9183,Retail,90,5,28549.74,3,2,2,New / Promising
2510,Retail,200,4,28549.16,2,2,2,Regular Customers
3867,Retail,100,3,28547.69,3,2,2,New / Promising
3173,Retail,90,2,28544.85,4,1,2,New / Promising
5329,Retail,301,7,28542.14,1,4,2,Regular Customers
8222,Retail,280,4,28540.25,2,2,2,Regular Customers
916,Retail,260,4,28539.4,2,2,2,Regular Customers
9924,Retail,424,5,28531.71,1,2,2,Lapsed Customers
1729,Premium,98,7,28513.93,3,4,2,Regular Customers
7624,Retail,401,4,28512.72,1,2,2,Lapsed Customers
3595,Retail,289,9,28509.58,1,4,2,Regular Customers
4219,Premium,90,6,28497.57,3,3,2,Regular Customers
7149,Retail,112,5,28494.39,3,2,2,New / Promising
4391,Retail,247,6,28494.11,2,3,2,Regular Customers
7408,Retail,158,4,28490.38,2,2,2,Regular Customers
4046,Retail,580,7,28488.06,1,4,2,Regular Customers
7531,Retail,252,5,28481.52,2,2,2,Regular Customers
5362,Retail,90,6,28471.14,3,3,2,Regular Customers
4756,Retail,90,5,28469.55,3,2,2,New / Promising
2672,Retail,90,6,28462.92,3,3,2,Regular Customers
2125,Retail,104,3,28454.58,3,2,2,New / Promising
3846,Retail,90,3,28446.58,4,2,2,New / Promising
3004,Retail,90,3,28442.82,4,2,2,New / Promising
5936,Retail,223,5,28440.19,2,2,2,Regular Customers
1690,Retail,246,6,28438.84,2,3,2,Regular Customers
1608,Retail,90,3,28433.61,4,2,2,New / Promising
886,Retail,219,5,28433.12,2,2,2,Regular Customers
9954,Retail,145,4,28431.11,2,2,2,Regular Customers
8517,Retail,342,5,28414.28,1,2,2,Lapsed Customers
3262,Retail,195,4,28411.62,2,2,2,Regular Customers
1648,Retail,90,4,28408.26,3,2,2,New / Promising
1720,Retail,90,6,28403.52,3,3,2,Regular Customers
2434,Retail,110,4,28395.42,3,2,2,New / Promising
1496,Retail,187,3,28391.84,2,2,2,Regular Customers
8908,Retail,90,5,28391.21,3,2,2,New / Promising
2251,Retail,90,6,28389.43,3,3,2,Regular Customers
9465,Premium,165,3,28389.42,2,2,2,Regular Customers
1267,Retail,272,6,28387.52,2,3,2,Regular Customers
3258,Retail,344,6,28358.97,1,3,2,Regular Customers
6538,Retail,90,5,28347.67,3,2,2,New / Promising
6450,Retail,310,4,28346.22,1,2,2,Lapsed Customers
8645,Retail,90,5,28345.94,3,2,2,New / Promising
8442,Retail,193,6,28334.65,2,3,2,Regular Customers
183,Retail,90,3,28328.39,4,2,2,New / Promising
4523,Retail,288,6,28327.38,1,3,2,Regular Customers
82,Retail,98,7,28314.37,3,4,2,Regular Customers
6354,Retail,90,6,28302.57,3,3,2,Regular Customers
7811,Premium,90,6,28299.93,3,3,2,Regular Customers
2618,Retail,439,8,28278.06,1,4,2,Regular Customers
553,Retail,90,6,28277.2,3,3,2,Regular Customers
3152,Retail,256,5,28271.57,2,2,2,Regular Customers
1890,Retail,100,5,28265.43,3,2,2,New / Promising
5666,Retail,90,7,28265.43,4,4,2,Regular Customers
1666,Premium,90,4,28260.66,3,2,2,New / Promising
4951,Retail,422,8,28241.92,1,4,2,Regular Customers
6739,Retail,90,6,28227.7,3,3,2,Regular Customers
8758,Retail,90,5,28226.47,3,2,2,New / Promising
4878,Premium,90,6,28225.29,3,3,2,Regular Customers
7354,Retail,90,6,28224.61,3,3,2,Regular Customers
7527,Premium,90,7,28218.32,4,4,2,Regular Customers
3511,Retail,90,7,28211.78,4,4,2,Regular Customers
5347,Retail,334,2,28211.12,1,1,2,Lapsed Customers
5770,Premium,128,3,28210.6,3,2,2,New / Promising
4166,Retail,90,5,28187.38,3,2,2,New / Promising
7799,Retail,312,9,28177.41,1,4,2,Regular Customers
7847,Retail,90,5,28175.02,3,2,2,New / Promising
3798,Retail,414,6,28167.96,1,3,2,Regular Customers
479,Retail,90,4,28162.23,3,2,2,New / Promising
3396,Retail,90,4,28149.71,3,2,2,New / Promising
8322,Retail,96,6,28146.63,3,3,2,Regular Customers
5381,Retail,90,5,28138.3,3,2,2,New / Promising
3643,Retail,90,2,28136.04,4,1,2,New / Promising
5233,Retail,368,8,28131.47,1,4,2,Regular Customers
8362,Retail,90,5,28129.81,3,2,2,New / Promising
3141,Retail,90,3,28129.19,4,1,2,New / Promising
1627,Retail,90,5,28123.55,3,2,2,New / Promising
7816,Retail,90,4,28120.92,3,2,2,New / Promising
4716,Retail,90,5,28117.55,3,2,2,New / Promising
5454,Retail,152,5,28117.26,2,2,2,Regular Customers
2112,Retail,90,6,28108.26,3,3,2,Regular Customers
3964,Retail,90,4,28103.66,3,2,2,New / Promising
4151,Retail,229,4,28098.12,2,2,2,Regular Customers
7453,Retail,143,5,28093.67,2,2,2,Regular Customers
1035,Corporate,544,6,28093.64,1,3,2,Regular Customers
5835,Retail,178,4,28084.7,2,2,2,Regular Customers
3148,Retail,171,5,28083.57,2,2,2,Regular Customers
7488,Retail,349,5,28080.82,1,2,2,Lapsed Customers
8895,Retail,90,5,28080.3,3,2,2,New / Promising
4320,Retail,455,4,28078.83,1,2,2,Lapsed Customers
4548,Retail,90,5,28073.52,3,2,2,New / Promising
3355,Retail,90,5,28073.15,3,2,2,New / Promising
5261,Premium,102,7,28064.72,3,4,2,Regular Customers
7676,Retail,288,4,28052.68,1,2,2,Lapsed Customers
7719,Retail,344,2,28051.68,1,1,2,Lapsed Customers
1468,Premium,155,5,28049.97,2,2,2,Regular Customers
1151,Premium,90,7,28046.45,4,4,2,Regular Customers
3479,Retail,90,5,28040.17,3,2,2,New / Promising
7421,Retail,90,5,28031.99,3,2,2,New / Promising
3860,Retail,361,5,28028.25,1,2,2,Lapsed Customers
8783,Premium,335,5,28027.75,1,2,2,Lapsed Customers
960,Retail,374,3,28021.37,1,1,2,Lapsed Customers
6263,Retail,223,6,28019.17,2,3,2,Regular Customers
5025,Retail,168,5,28005.24,2,2,2,Regular Customers
3968,Retail,90,9,28004.4,4,4,2,Regular Customers
3718,Retail,376,4,28003.95,1,2,2,Lapsed Customers
7872,Retail,273,5,28000.98,2,2,2,Regular Customers
4031,Retail,90,3,27991.81,4,1,2,New / Promising
679,Premium,262,2,27986.68,2,1,2,Regular Customers
5446,Retail,243,5,27978.42,2,2,2,Regular Customers
1437,Retail,382,4,27970.36,1,2,2,Lapsed Customers
6502,Retail,90,5,27968.93,3,2,2,New / Promising
9584,Retail,512,7,27966.86,1,4,2,Regular Customers
5687,Premium,90,5,27960.84,3,2,2,New / Promising
9441,Retail,354,3,27948.87,1,1,2,Lapsed Customers
4364,Retail,90,6,27941.58,3,3,2,Regular Customers
4030,Retail,387,4,27940.19,1,2,2,Lapsed Customers
8600,Retail,90,4,27937.89,3,2,2,New / Promising
4102,Retail,90,3,27927.34,4,1,2,New / Promising
1625,Retail,157,5,27924.29,2,2,2,Regular Customers
308,Retail,113,6,27914.48,3,3,2,Regular Customers
12,Retail,90,2,27901.77,3,1,2,New / Promising
1693,Premium,112,4,27886.8,3,2,2,New / Promising
5716,Retail,90,7,27885.6,4,4,2,Regular Customers
2515,Premium,527,9,27876.07,1,4,2,Regular Customers
3385,Retail,90,2,27867.43,4,1,2,New / Promising
154,Retail,287,5,27857.94,1,2,2,Lapsed Customers
930,Retail,90,5,27852.07,3,2,2,New / Promising
2181,Retail,167,5,27838.29,2,2,2,Regular Customers
5105,Retail,256,4,27834.56,2,2,2,Regular Customers
2449,Retail,150,5,27832.97,2,2,2,Regular Customers
7190,Retail,218,5,27829.87,2,2,2,Regular Customers
5371,Retail,183,2,27822.77,2,1,2,Regular Customers
622,Retail,93,4,27820.8,3,2,2,New / Promising
8653,Retail,90,6,27820.62,3,3,2,Regular Customers
3373,Retail,90,5,27817.84,3,2,2,New / Promising
1846,Retail,90,4,27817.06,3,2,2,New / Promising
7350,Retail,90,4,27813.2,3,2,2,New / Promising
3934,Corporate,90,3,27810.04,4,1,2,New / Promising
5110,Retail,178,7,27806.85,2,4,2,Regular Customers
1361,Retail,508,4,27796.14,1,2,2,Lapsed Customers
1344,Retail,90,4,27769.14,3,2,2,New / Promising
9621,Retail,492,4,27768.03,1,2,2,Lapsed Customers
3893,Premium,234,6,27767.3,2,3,2,Regular Customers
1058,Retail,90,5,27760.99,3,2,2,New / Promising
1815,Retail,90,6,27757.39,3,3,2,Regular Customers
9962,Retail,90,7,27755.41,4,4,2,Regular Customers
1196,Retail,90,4,27730.33,3,2,2,New / Promising
9142,Retail,332,3,27710.88,1,1,2,Lapsed Customers
4612,Retail,401,4,27709.97,1,2,2,Lapsed Customers
5365,Retail,445,6,27699.07,1,3,2,Regular Customers
4173,Retail,335,5,27696.89,1,2,2,Lapsed Customers
2512,Retail,90,4,27680.25,3,2,2,New / Promising
3977,Retail,262,7,27677.32,2,4,2,Regular Customers
5268,Retail,268,2,27656.8,2,1,2,Regular Customers
2682,Retail,396,3,27656.14,1,1,2,Lapsed Customers
9873,Premium,90,6,27641.47,3,3,2,Regular Customers
1857,Retail,146,2,27640.3,2,1,2,Regular Customers
7632,Premium,242,5,27634.96,2,2,2,Regular Customers
7270,Retail,90,5,27622.92,3,2,2,New / Promising
3436,Premium,309,3,27605.57,1,1,2,Lapsed Customers
3097,Retail,425,5,27601.44,1,2,2,Lapsed Customers
4398,Premium,453,6,27589.09,1,3,2,Regular Customers
7656,Retail,422,3,27576.63,1,1,2,Lapsed Customers
7280,Retail,356,1,27565.86,1,1,2,Lapsed Customers
367,Retail,90,5,27562.96,3,2,2,New / Promising
4852,Retail,90,6,27562.68,3,3,2,Regular Customers
6458,Retail,192,3,27560.77,2,1,2,Regular Customers
299,Retail,225,3,27553.74,2,1,2,Regular Customers
7990,Retail,433,8,27548.89,1,4,2,Regular Customers
1038,Retail,582,5,27548.44,1,2,2,Lapsed Customers
3640,Retail,167,6,27546.85,2,3,2,Regular Customers
1939,Retail,90,3,27545.51,4,1,2,New / Promising
893,Retail,90,5,27544.3,3,2,2,New / Promising
1471,Retail,90,3,27541.28,4,1,2,New / Promising
8398,Retail,399,8,27540.51,1,4,2,Regular Customers
5733,Premium,90,6,27535.83,3,3,2,Regular Customers
8652,Retail,100,8,27532.24,3,4,2,Regular Customers
6391,Retail,90,5,27523.86,3,2,2,New / Promising
8110,Retail,90,4,27523.33,3,2,2,New / Promising
8571,Retail,90,6,27514.79,3,3,2,Regular Customers
1733,Premium,150,1,27510.24,2,1,2,Regular Customers
4684,Retail,326,8,27505.57,1,4,2,Regular Customers
6431,Retail,90,6,27497.16,3,3,2,Regular Customers
7644,Retail,90,5,27497.15,3,2,2,New / Promising
8387,Retail,90,4,27488.46,3,2,2,New / Promising
4289,Retail,90,5,27487.56,3,2,2,New / Promising
6793,Retail,90,4,27486.65,3,2,2,New / Promising
9589,Retail,176,6,27485.42,2,3,2,Regular Customers
5901,Retail,90,2,27469.0,4,1,2,New / Promising
2509,Retail,152,2,27466.4,2,1,2,Regular Customers
9202,Premium,188,3,27460.19,2,1,2,Regular Customers
4742,Retail,235,4,27451.5,2,2,2,Regular Customers
7097,Retail,227,7,27439.87,2,4,2,Regular Customers
3423,Retail,275,4,27438.23,2,2,2,Regular Customers
1892,Retail,302,5,27413.27,1,2,2,Lapsed Customers
3159,Retail,215,4,27397.37,2,2,2,Regular Customers
6801,Premium,90,5,27393.68,3,2,2,New / Promising
8907,Retail,90,5,27381.66,3,2,2,New / Promising
2027,Retail,90,4,27378.74,3,2,2,New / Promising
26,Retail,90,5,27375.86,3,2,2,New / Promising
2208,Retail,90,3,27370.65,4,1,2,New / Promising
9316,Retail,90,6,27369.19,3,3,2,Regular Customers
9848,Retail,90,4,27362.2,3,2,2,New / Promising
4788,Retail,532,4,27361.96,1,2,2,Lapsed Customers
7859,Premium,476,3,27354.87,1,1,2,Lapsed Customers
3155,Retail,164,5,27352.9,2,2,2,Regular Customers
8622,Retail,90,5,27347.78,3,2,2,New / Promising
1876,Retail,250,4,27346.44,2,2,2,Regular Customers
5889,Retail,90,7,27344.48,4,4,2,Regular Customers
8743,Retail,90,4,27343.71,3,2,2,New / Promising
43,Retail,202,4,27343.62,2,2,2,Regular Customers
3297,Retail,386,4,27341.34,1,2,2,Lapsed Customers
2485,Retail,90,6,27340.58,3,3,2,Regular Customers
540,Retail,537,5,27333.71,1,2,2,Lapsed Customers
2745,Premium,128,4,27333.03,3,2,2,New / Promising
8327,Premium,250,4,27326.56,2,2,2,Regular Customers
4837,Retail,455,6,27325.62,1,3,2,Regular Customers
7191,Retail,349,4,27325.56,1,2,2,Lapsed Customers
9777,Premium,90,6,27322.18,3,3,2,Regular Customers
6049,Retail,199,6,27316.86,2,3,2,Regular Customers
3599,Retail,196,2,27316.74,2,1,2,Regular Customers
5865,Retail,90,7,27294.13,4,4,2,Regular Customers
7943,Retail,90,3,27293.75,4,1,2,New / Promising
7466,Premium,323,3,27291.98,1,1,2,Lapsed Customers
1338,Retail,347,3,27290.25,1,1,2,Lapsed Customers
2815,Retail,503,3,27284.56,1,1,2,Lapsed Customers
4661,Retail,90,3,27283.9,4,1,2,New / Promising
2042,Retail,90,5,27265.85,3,2,2,New / Promising
6694,Retail,208,2,27264.95,2,1,2,Regular Customers
405,Retail,258,4,27262.57,2,2,2,Regular Customers
6559,Premium,90,6,27258.37,3,3,2,Regular Customers
5729,Premium,101,5,27256.81,3,2,2,New / Promising
2380,Retail,90,2,27256.43,4,1,2,New / Promising
9794,Premium,418,2,27235.17,1,1,2,Lapsed Customers
6386,Retail,198,4,27232.66,2,2,2,Regular Customers
9887,Retail,90,4,27225.65,3,2,2,New / Promising
3722,Retail,90,5,27223.61,3,2,2,New / Promising
9743,Premium,127,4,27219.44,3,2,2,New / Promising
9617,Retail,90,7,27217.74,4,4,2,Regular Customers
7138,Premium,90,5,27205.31,3,2,2,New / Promising
8165,Retail,361,4,27200.48,1,2,2,Lapsed Customers
6248,Retail,144,7,27198.04,2,4,2,Regular Customers
4392,Premium,90,5,27196.87,3,3,2,Regular Customers
874,Retail,381,3,27194.1,1,1,2,Lapsed Customers
974,Corporate,164,5,27194.06,2,3,2,Regular Customers
4796,Retail,463,2,27183.85,1,1,2,Lapsed Customers
2800,Retail,224,6,27179.64,2,3,2,Regular Customers
199,Premium,294,4,27179.13,1,2,2,Lapsed Customers
1995,Premium,156,5,27177.62,2,3,2,Regular Customers
4946,Retail,227,5,27176.47,2,3,2,Regular Customers
7025,Retail,294,4,27169.35,1,2,2,Lapsed Customers
3770,Retail,90,6,27165.18,3,3,2,Regular Customers
625,Retail,219,4,27162.97,2,2,2,Regular Customers
2732,Retail,106,4,27160.29,3,2,2,New / Promising
6994,Retail,124,5,27127.63,3,3,2,Regular Customers
8987,Retail,128,5,27125.61,3,3,2,Regular Customers
1722,Retail,194,5,27125.13,2,3,2,Regular Customers
2154,Retail,272,6,27114.95,2,3,2,Regular Customers
349,Retail,344,3,27112.8,1,1,2,Lapsed Customers
6077,Retail,205,8,27109.85,2,4,2,Regular Customers
6927,Retail,256,3,27108.91,2,1,2,Regular Customers
6755,Retail,90,3,27106.36,4,1,2,New / Promising
3343,Retail,477,4,27091.16,1,2,2,Lapsed Customers
6472,Retail,477,5,27090.79,1,3,2,Regular Customers
1698,Retail,338,3,27089.24,1,1,2,Lapsed Customers
8597,Retail,90,7,27081.17,4,4,2,Regular Customers
2969,Retail,90,6,27078.38,3,3,2,Regular Customers
9134,Retail,90,7,27072.62,4,4,2,Regular Customers
5334,Retail,90,4,27062.09,3,2,2,New / Promising
7347,Retail,355,6,27056.75,1,3,2,Regular Customers
1576,Retail,356,4,27048.3,1,2,2,Lapsed Customers
7702,Premium,331,7,27046.03,1,4,2,Regular Customers
2937,Retail,90,6,27043.18,3,3,2,Regular Customers
1572,Retail,374,3,27030.64,1,1,2,Lapsed Customers
9055,Retail,90,3,27019.71,4,1,2,New / Promising
8405,Retail,90,5,27014.21,3,3,2,Regular Customers
756,Retail,328,4,27006.79,1,2,2,Lapsed Customers
1300,Corporate,474,6,27005.09,1,3,2,Regular Customers
8882,Retail,333,6,27004.73,1,3,2,Regular Customers
9711,Retail,358,5,27004.66,1,3,2,Regular Customers
2979,Premium,90,4,27004.54,3,2,2,New / Promising
1755,Retail,159,5,27001.57,2,3,2,Regular Customers
8063,Retail,294,6,26999.83,1,3,2,Regular Customers
3392,Retail,90,7,26999.21,4,4,2,Regular Customers
3886,Retail,319,3,26988.39,1,1,2,Lapsed Customers
1883,Retail,418,4,26985.29,1,2,2,Lapsed Customers
3794,Premium,90,5,26972.89,3,3,2,Regular Customers
4696,Retail,90,8,26967.09,4,4,2,Regular Customers
9779,Premium,90,3,26960.89,4,1,2,New / Promising
5820,Retail,187,3,26948.76,2,1,2,Regular Customers
9347,Retail,90,4,26945.04,3,2,2,New / Promising
4976,Retail,91,4,26943.75,3,2,2,New / Promising
5507,Retail,527,3,26943.45,1,1,2,Lapsed Customers
6544,Premium,90,5,26942.43,3,3,2,Regular Customers
8158,Retail,416,5,26911.2,1,3,2,Regular Customers
5089,Retail,302,7,26905.36,1,4,2,Regular Customers
3657,Retail,145,3,26901.43,2,1,2,Regular Customers
5067,Retail,323,5,26896.74,1,3,2,Regular Customers
2697,Retail,525,4,26889.73,1,2,2,Lapsed Customers
1881,Retail,158,4,26885.29,2,2,2,Regular Customers
6636,Retail,122,5,26879.04,3,3,2,Regular Customers
8058,Retail,266,6,26877.73,2,3,2,Regular Customers
2111,Corporate,114,5,26873.85,3,3,2,Regular Customers
6714,Retail,308,5,26868.63,1,3,2,Regular Customers
197,Retail,112,5,26868.5,3,3,2,Regular Customers
4267,Retail,90,4,26866.62,3,2,2,New / Promising
1413,Retail,199,3,26866.12,2,1,2,Regular Customers
3047,Premium,157,7,26862.42,2,4,2,Regular Customers
8380,Premium,147,6,26857.24,2,3,2,Regular Customers
6577,Retail,593,3,26853.16,1,1,2,Lapsed Customers
8528,Retail,90,5,26836.85,3,3,2,Regular Customers
2581,Retail,145,7,26827.1,2,4,2,Regular Customers
5640,Retail,90,3,26825.2,4,1,2,New / Promising
8917,Retail,431,3,26823.32,1,1,2,Lapsed Customers
4485,Premium,206,2,26818.88,2,1,2,Regular Customers
3118,Retail,90,3,26811.4,4,1,2,New / Promising
8552,Premium,471,5,26804.92,1,3,2,Regular Customers
829,Retail,90,6,26804.0,3,3,2,Regular Customers
2053,Retail,369,4,26800.4,1,2,2,Lapsed Customers
2924,Retail,90,5,26800.28,3,3,2,Regular Customers
288,Retail,90,2,26797.83,4,1,2,New / Promising
6768,Premium,90,5,26794.22,3,3,2,Regular Customers
392,Retail,94,4,26794.16,3,2,2,New / Promising
3823,Retail,313,8,26793.42,1,4,2,Regular Customers
7910,Retail,238,4,26790.5,2,2,2,Regular Customers
9312,Retail,90,5,26780.9,3,3,2,Regular Customers
7697,Retail,97,6,26771.32,3,3,2,Regular Customers
7669,Retail,90,7,26768.77,4,4,2,Regular Customers
7923,Retail,200,4,26766.32,2,2,2,Regular Customers
759,Retail,406,5,26763.4,1,3,2,Regular Customers
1990,Retail,90,6,26763.24,3,3,2,Regular Customers
5700,Premium,90,4,26760.39,3,2,2,New / Promising
6615,Premium,248,5,26729.37,2,3,2,Regular Customers
4938,Retail,290,3,26696.53,1,1,2,Lapsed Customers
1999,Premium,411,3,26677.15,1,1,2,Lapsed Customers
9735,Retail,130,5,26675.85,3,3,2,Regular Customers
4185,Premium,428,6,26669.18,1,3,2,Regular Customers
3443,Retail,224,4,26663.33,2,2,2,Regular Customers
7016,Retail,90,8,26653.89,4,4,2,Regular Customers
8700,Retail,90,7,26652.91,4,4,2,Regular Customers
4506,Retail,276,6,26649.02,2,3,2,Regular Customers
7224,Premium,363,5,26640.76,1,3,2,Regular Customers
4178,Retail,196,4,26638.92,2,2,2,Regular Customers
8269,Retail,270,4,26636.38,2,2,2,Regular Customers
4610,Retail,90,4,26619.67,3,2,2,New / Promising
2522,Retail,501,4,26613.97,1,2,2,Lapsed Customers
2784,Retail,90,3,26608.62,4,1,2,New / Promising
6682,Retail,326,2,26602.93,1,1,2,Lapsed Customers
4094,Retail,161,3,26597.08,2,1,2,Regular Customers
7053,Retail,230,4,26593.73,2,2,2,Regular Customers
1388,Retail,125,5,26592.84,3,3,2,Regular Customers
6777,Retail,314,7,26586.13,1,4,2,Regular Customers
2660,Retail,425,5,26585.2,1,3,2,Regular Customers
2740,Retail,204,7,26580.15,2,4,2,Regular Customers
4671,Retail,253,6,26579.59,2,3,2,Regular Customers
1663,Retail,352,7,26575.7,1,4,2,Regular Customers
9189,Premium,325,4,26565.19,1,2,2,Lapsed Customers
5878,Retail,90,3,26552.13,4,1,2,New / Promising
9557,Retail,230,3,26551.8,2,1,2,Regular Customers
1395,Retail,127,5,26551.18,3,3,2,Regular Customers
1604,Retail,90,6,26550.22,3,3,2,Regular Customers
545,Retail,90,2,26545.83,4,1,2,New / Promising
434,Retail,426,5,26531.38,1,3,2,Regular Customers
3380,Retail,275,4,26525.65,2,2,2,Regular Customers
7689,Retail,506,7,26523.84,1,4,2,Regular Customers
9714,Retail,190,7,26505.89,2,4,2,Regular Customers
822,Premium,237,5,26497.14,2,3,2,Regular Customers
8932,Retail,175,4,26460.51,2,2,2,Regular Customers
492,Retail,108,3,26458.02,3,1,2,New / Promising
4114,Retail,90,6,26456.05,3,3,2,Regular Customers
1330,Retail,347,5,26454.99,1,3,2,Regular Customers
802,Retail,112,5,26452.2,3,3,2,Regular Customers
1456,Premium,257,4,26445.59,2,2,2,Regular Customers
7037,Retail,287,4,26439.89,1,2,2,Lapsed Customers
8082,Retail,147,5,26438.48,2,3,2,Regular Customers
827,Retail,90,3,26432.65,4,1,2,New / Promising
1303,Retail,234,6,26431.31,2,3,2,Regular Customers
9666,Retail,212,2,26429.39,2,1,2,Regular Customers
9698,Premium,432,7,26427.3,1,4,2,Regular Customers
2292,Retail,231,6,26422.4,2,3,2,Regular Customers
3557,Retail,90,6,26407.13,3,3,2,Regular Customers
122,Retail,90,5,26388.09,3,3,2,Regular Customers
1968,Retail,90,4,26386.54,3,2,2,New / Promising
7472,Retail,111,6,26384.35,3,3,2,Regular Customers
6144,Retail,90,2,26381.83,4,1,2,New / Promising
9546,Retail,360,6,26375.48,1,3,2,Regular Customers
6831,Retail,90,7,26372.16,4,4,2,Regular Customers
716,Retail,90,6,26367.29,3,3,2,Regular Customers
8197,Premium,308,3,26366.15,1,1,2,Lapsed Customers
8258,Retail,158,5,26364.08,2,3,2,Regular Customers
9868,Retail,363,3,26352.74,1,1,2,Lapsed Customers
9013,Premium,90,5,26344.92,3,3,2,Regular Customers
6565,Retail,257,4,26327.02,2,2,2,Regular Customers
6432,Retail,90,4,26326.64,3,2,2,New / Promising
9413,Retail,90,7,26317.0,4,4,2,Regular Customers
8827,Retail,374,5,26314.82,1,3,2,Regular Customers
1646,Retail,135,7,26310.8,3,4,2,Regular Customers
958,Retail,90,4,26310.41,3,2,2,New / Promising
8378,Premium,432,6,26302.82,1,3,2,Regular Customers
2998,Retail,90,5,26301.5,3,3,2,Regular Customers
4268,Premium,90,4,26295.06,3,2,2,New / Promising
7178,Premium,215,3,26293.97,2,1,2,Regular Customers
7888,Retail,148,6,26293.94,2,3,2,Regular Customers
1531,Retail,162,5,26293.68,2,3,2,Regular Customers
4171,Retail,307,4,26291.44,1,2,2,Lapsed Customers
450,Retail,430,1,26287.77,1,1,2,Lapsed Customers
2795,Retail,441,4,26282.76,1,2,2,Lapsed Customers
4023,Premium,90,3,26281.67,4,1,2,New / Promising
8884,Retail,224,4,26281.32,2,2,2,Regular Customers
6635,Retail,90,5,26278.09,3,3,2,Regular Customers
4379,Retail,135,7,26277.35,3,4,2,Regular Customers
3710,Retail,90,7,26273.73,4,4,2,Regular Customers
4719,Premium,199,3,26269.12,2,1,2,Regular Customers
7509,Premium,97,3,26268.02,3,1,2,New / Promising
5944,Retail,275,2,26262.16,2,1,2,Regular Customers
5470,Retail,443,6,26242.9,1,3,2,Regular Customers
620,Retail,526,4,26229.3,1,2,2,Lapsed Customers
6894,Premium,219,6,26228.72,2,3,2,Regular Customers
3901,Retail,163,5,26222.79,2,3,2,Regular Customers
5789,Retail,258,4,26222.16,2,2,2,Regular Customers
523,Retail,191,5,26206.39,2,3,2,Regular Customers
4643,Premium,90,3,26203.2,4,1,2,New / Promising
8831,Retail,90,7,26201.22,4,4,2,Regular Customers
5403,Retail,90,5,26193.56,3,3,2,Regular Customers
8220,Retail,90,3,26191.81,4,1,2,New / Promising
5939,Retail,90,6,26188.38,3,3,2,Regular Customers
3467,Retail,90,6,26186.91,3,3,2,Regular Customers
7992,Retail,570,4,26186.83,1,2,2,Lapsed Customers
5717,Retail,369,3,26184.9,1,1,2,Lapsed Customers
3996,Corporate,297,4,26182.73,1,2,2,Lapsed Customers
3189,Retail,242,5,26177.36,2,3,2,Regular Customers
8194,Retail,147,4,26176.98,2,2,2,Regular Customers
6614,Premium,313,3,26176.86,1,1,2,Lapsed Customers
7901,Retail,381,3,26166.58,1,1,2,Lapsed Customers
4675,Retail,90,5,26158.04,3,3,2,Regular Customers
6961,Retail,388,4,26157.2,1,2,2,Lapsed Customers
2938,Retail,90,4,26154.72,3,2,2,New / Promising
7244,Premium,389,7,26152.09,1,4,2,Regular Customers
4229,Premium,167,5,26134.86,2,3,2,Regular Customers
3050,Retail,90,4,26130.44,3,2,2,New / Promising
1249,Retail,229,5,26112.98,2,3,2,Regular Customers
8688,Retail,434,6,26112.51,1,3,2,Regular Customers
428,Premium,108,5,26094.59,3,3,2,Regular Customers
1307,Retail,442,8,26090.71,1,4,2,Regular Customers
2857,Retail,90,3,26072.54,4,1,2,New / Promising
524,Retail,119,4,26066.03,3,2,2,New / Promising
8648,Premium,289,3,26054.94,1,1,2,Lapsed Customers
1295,Retail,90,4,26049.2,3,2,2,New / Promising
7391,Retail,90,6,26036.8,3,3,2,Regular Customers
7593,Premium,220,2,26030.37,2,1,2,Regular Customers
8898,Retail,132,4,26025.41,3,2,2,New / Promising
3759,Retail,309,5,26023.03,1,3,2,Regular Customers
9742,Retail,90,5,26020.2,3,3,2,Regular Customers
99,Premium,90,6,26019.91,3,3,2,Regular Customers
457,Retail,360,3,26017.12,1,1,2,Lapsed Customers
6098,Retail,90,5,26016.49,4,3,2,Regular Customers
669,Retail,90,6,26013.71,3,3,2,Regular Customers
9792,Premium,342,5,26007.83,1,3,2,Regular Customers
8678,Retail,97,6,26006.02,3,3,2,Regular Customers
3249,Retail,226,4,25996.28,2,2,2,Regular Customers
2368,Premium,371,7,25972.9,1,4,2,Regular Customers
9399,Retail,90,2,25970.86,3,1,2,New / Promising
1875,Retail,230,4,25964.6,2,2,2,Regular Customers
2140,Retail,339,4,25960.94,1,2,2,Lapsed Customers
2322,Retail,303,4,25955.21,1,2,2,Lapsed Customers
6039,Retail,387,1,25950.48,1,1,2,Lapsed Customers
4624,Premium,544,3,25946.15,1,1,2,Lapsed Customers
300,Retail,489,6,25941.48,1,3,2,Regular Customers
9724,Retail,90,4,25935.0,3,2,2,New / Promising
3003,Retail,90,5,25916.5,4,3,2,Regular Customers
4664,Premium,204,3,25915.19,2,1,2,Regular Customers
1539,Retail,90,4,25904.91,3,2,2,New / Promising
8629,Premium,410,6,25904.84,1,3,2,Regular Customers
4868,Premium,419,4,25884.28,1,2,2,Lapsed Customers
7622,Premium,131,2,25882.01,3,1,2,New / Promising
7753,Retail,225,5,25878.2,2,3,2,Regular Customers
9637,Premium,90,4,25871.74,3,2,2,New / Promising
5628,Retail,337,4,25850.99,1,2,2,Lapsed Customers
4272,Premium,202,4,25849.66,2,2,2,Regular Customers
1161,Retail,90,7,25848.46,4,4,2,Regular Customers
3115,Retail,90,2,25845.29,4,1,2,New / Promising
6943,Retail,118,6,25844.72,3,3,2,Regular Customers
6475,Retail,238,4,25840.86,2,2,2,Regular Customers
7832,Retail,90,4,25839.54,3,2,2,New / Promising
88,Retail,145,6,25828.24,2,3,2,Regular Customers
9456,Retail,156,7,25822.27,2,4,2,Regular Customers
7577,Retail,90,3,25812.8,4,1,2,New / Promising
2942,Retail,90,4,25810.53,3,2,2,New / Promising
2004,Retail,90,4,25782.42,3,2,2,New / Promising
5765,Retail,177,5,25779.34,2,3,2,Regular Customers
7750,Retail,90,2,25778.85,4,1,2,New / Promising
5119,Retail,90,4,25776.06,3,2,2,New / Promising
6546,Retail,225,5,25772.5,2,3,2,Regular Customers
1508,Retail,183,5,25762.42,2,3,2,Regular Customers
7650,Retail,228,4,25758.54,2,2,2,Regular Customers
517,Retail,140,5,25741.03,3,3,2,Regular Customers
4129,Retail,90,6,25739.85,3,3,2,Regular Customers
9178,Premium,90,4,25735.02,3,2,2,New / Promising
1525,Retail,192,3,25732.72,2,1,2,Regular Customers
2384,Retail,203,6,25726.96,2,3,2,Regular Customers
393,Corporate,90,4,25726.16,3,2,2,New / Promising
6401,Premium,216,3,25723.75,2,1,2,Regular Customers
4883,Retail,90,7,25715.62,4,4,2,Regular Customers
1718,Premium,186,8,25715.01,2,4,2,Regular Customers
5589,Retail,90,5,25713.47,4,3,2,Regular Customers
6379,Retail,145,5,25698.87,2,3,2,Regular Customers
2523,Retail,123,5,25688.87,3,3,2,Regular Customers
1375,Retail,90,5,25688.84,4,3,2,Regular Customers
7370,Retail,261,7,25682.92,2,4,2,Regular Customers
1864,Retail,90,5,25682.07,4,3,2,Regular Customers
7133,Retail,90,4,25679.0,3,2,2,New / Promising
1306,Retail,90,1,25677.5,4,1,2,New / Promising
1700,Retail,90,5,25677.01,4,3,2,Regular Customers
9155,Retail,90,7,25675.0,4,4,2,Regular Customers
1149,Premium,90,4,25674.23,3,2,2,New / Promising
8566,Premium,257,2,25671.49,2,1,2,Regular Customers
128,Retail,205,4,25664.24,2,2,2,Regular Customers
6255,Retail,277,4,25661.7,2,2,2,Regular Customers
207,Retail,121,3,25659.49,3,1,2,New / Promising
2727,Retail,335,4,25657.69,1,2,2,Lapsed Customers
7819,Retail,222,4,25651.4,2,2,2,Regular Customers
7653,Retail,90,5,25648.31,4,3,2,Regular Customers
4895,Retail,226,5,25646.97,2,3,2,Regular Customers
1702,Retail,90,4,25640.43,3,2,2,New / Promising
3748,Premium,90,3,25622.68,4,1,2,New / Promising
9279,Retail,90,4,25614.42,3,2,2,New / Promising
2222,Retail,165,7,25609.56,2,4,2,Regular Customers
9024,Retail,90,6,25592.61,3,3,2,Regular Customers
6040,Premium,168,4,25591.51,2,2,2,Regular Customers
3675,Retail,202,4,25581.24,2,2,2,Regular Customers
3782,Retail,90,5,25580.26,4,3,2,Regular Customers
8666,Retail,330,6,25578.55,1,3,2,Regular Customers
2232,Retail,440,4,25577.49,1,2,2,Lapsed Customers
5548,Retail,462,4,25572.32,1,2,2,Lapsed Customers
5565,Retail,482,6,25549.13,1,3,2,Regular Customers
5083,Retail,369,7,25509.66,1,4,2,Regular Customers
4116,Premium,296,6,25499.37,1,3,2,Regular Customers
1878,Retail,90,2,25494.6,4,1,2,New / Promising
9303,Retail,90,4,25493.74,3,2,2,New / Promising
7978,Retail,97,3,25493.64,3,1,2,New / Promising
5210,Retail,408,2,25490.76,1,1,2,Lapsed Customers
5694,Retail,90,5,25481.54,4,3,2,Regular Customers
1190,Retail,282,6,25473.71,2,3,2,Regular Customers
2124,Premium,90,4,25471.12,3,2,2,New / Promising
2186,Retail,203,5,25469.13,2,3,2,Regular Customers
899,Retail,498,2,25459.31,1,1,2,Lapsed Customers
6992,Retail,121,2,25447.59,3,1,2,New / Promising
5299,Retail,494,5,25440.02,1,3,2,Regular Customers
3541,Retail,90,5,25429.55,4,3,2,Regular Customers
1053,Premium,309,4,25425.71,1,2,2,Lapsed Customers
4561,Retail,90,4,25415.26,3,2,2,New / Promising
1674,Retail,230,4,25415.14,2,2,2,Regular Customers
7769,Retail,90,4,25401.05,3,2,2,New / Promising
4829,Retail,90,3,25400.66,4,1,2,New / Promising
3245,Corporate,90,4,25400.21,3,2,2,New / Promising
2794,Retail,332,5,25400.11,1,3,2,Regular Customers
4628,Retail,441,4,25399.9,1,2,2,Lapsed Customers
602,Retail,119,4,25397.66,3,2,2,New / Promising
940,Premium,221,5,25390.84,2,3,2,Regular Customers
4871,Retail,442,8,25387.34,1,4,2,Regular Customers
7002,Retail,194,3,25384.4,2,1,2,Regular Customers
6181,Retail,90,6,25369.3,3,3,2,Regular Customers
1034,Retail,150,5,25362.79,2,3,2,Regular Customers
6896,Retail,191,4,25356.4,2,2,2,Regular Customers
2534,Retail,448,3,25350.65,1,1,2,Lapsed Customers
6050,Retail,317,4,25346.36,1,2,2,Lapsed Customers
574,Premium,448,3,25330.66,1,1,2,Lapsed Customers
9165,Retail,90,4,25330.52,3,2,2,New / Promising
9630,Retail,227,5,25318.15,2,3,2,Regular Customers
7284,Retail,244,4,25312.24,2,2,2,Regular Customers
1554,Retail,90,6,25302.69,3,3,2,Regular Customers
5208,Retail,132,4,25290.63,3,2,2,New / Promising
8723,Retail,90,5,25284.2,4,3,2,Regular Customers
9940,Retail,90,4,25283.57,3,2,2,New / Promising
2549,Retail,90,4,25280.51,3,2,2,New / Promising
4939,Premium,400,3,25276.13,1,1,2,Lapsed Customers
9641,Retail,197,4,25268.67,2,2,2,Regular Customers
3686,Retail,278,4,25249.48,2,2,2,Regular Customers
6975,Retail,306,7,25245.72,1,4,2,Regular Customers
4856,Retail,91,4,25241.15,3,2,2,New / Promising
5967,Retail,168,5,25223.81,2,3,2,Regular Customers
9770,Retail,90,5,25215.91,4,3,2,Regular Customers
4090,Retail,90,6,25213.86,3,3,2,Regular Customers
5411,Retail,365,5,25213.21,1,3,2,Regular Customers
3069,Retail,90,4,25212.42,3,2,2,New / Promising
1502,Retail,348,6,25212.01,1,3,2,Regular Customers
8780,Retail,152,5,25191.83,2,3,2,Regular Customers
3633,Retail,424,8,25187.71,1,4,2,Regular Customers
6202,Retail,90,2,25177.96,3,1,2,New / Promising
5390,Retail,90,3,25175.57,4,1,2,New / Promising
2233,Retail,90,2,25172.6,4,1,2,New / Promising
7052,Retail,208,4,25163.69,2,2,2,Regular Customers
5030,Retail,91,5,25152.53,3,3,2,Regular Customers
7112,Retail,90,6,25147.03,3,3,2,Regular Customers
8619,Retail,545,4,25145.39,1,2,2,Lapsed Customers
2351,Retail,261,4,25138.91,2,2,2,Regular Customers
6533,Retail,91,10,25135.25,3,4,2,Regular Customers
424,Retail,117,3,25130.52,3,1,2,New / Promising
7238,Retail,394,6,25128.81,1,3,2,Regular Customers
2096,Retail,90,4,25126.8,3,2,2,New / Promising
3697,Retail,90,5,25120.99,4,3,2,Regular Customers
4463,Retail,210,2,25109.47,2,1,2,Regular Customers
8186,Retail,164,2,25096.32,2,1,2,Regular Customers
3471,Retail,330,5,25092.93,1,3,2,Regular Customers
4520,Retail,90,7,25090.77,4,4,2,Regular Customers
858,Retail,325,8,25090.19,1,4,2,Regular Customers
1185,Retail,90,5,25089.94,4,3,2,Regular Customers
2339,Retail,564,3,25089.05,1,1,2,Lapsed Customers
4969,Retail,406,6,25085.63,1,3,2,Regular Customers
8993,Retail,90,2,25085.51,4,1,2,New / Promising
1650,Retail,90,2,25077.04,4,1,2,New / Promising
2904,Retail,297,4,25076.81,1,2,2,Lapsed Customers
9431,Retail,273,4,25071.79,2,2,2,Regular Customers
511,Retail,90,5,25068.52,4,3,2,Regular Customers
5549,Retail,189,3,25065.73,2,1,2,Regular Customers
758,Retail,90,4,25057.98,3,2,2,New / Promising
1416,Retail,90,5,25056.74,4,3,2,Regular Customers
591,Retail,90,6,25051.36,3,3,2,Regular Customers
4811,Retail,90,6,25045.66,3,3,2,Regular Customers
3191,Retail,531,6,25039.19,1,3,2,Regular Customers
2209,Retail,209,7,25035.89,2,4,2,Regular Customers
7088,Retail,387,4,25027.67,1,2,2,Lapsed Customers
8373,Retail,90,5,25025.5,4,3,2,Regular Customers
6127,Retail,306,5,25018.33,1,3,2,Regular Customers
1465,Retail,173,2,25007.0,2,1,2,Regular Customers
5711,Premium,383,2,24999.39,1,1,2,Lapsed Customers
8877,Retail,90,3,24993.66,4,1,2,New / Promising
752,Retail,445,6,24993.22,1,3,2,Regular Customers
8860,Premium,250,6,24979.63,2,3,2,Regular Customers
6738,Premium,346,5,24979.6,1,3,2,Regular Customers
5249,Retail,180,3,24978.69,2,1,2,Regular Customers
3309,Retail,473,6,24973.23,1,3,2,Regular Customers
6190,Retail,171,4,24970.73,2,2,2,Regular Customers
6078,Retail,275,4,24968.94,2,2,2,Regular Customers
2299,Premium,404,2,24967.1,1,1,2,Lapsed Customers
4410,Retail,277,6,24966.32,2,3,2,Regular Customers
6554,Retail,200,5,24953.36,2,3,2,Regular Customers
151,Retail,177,2,24939.22,2,1,2,Regular Customers
8693,Retail,90,6,24935.44,3,3,2,Regular Customers
2999,Retail,96,5,24933.44,3,3,2,Regular Customers
5488,Retail,90,4,24929.92,3,2,2,New / Promising
5614,Retail,311,4,24928.89,1,2,2,Lapsed Customers
4504,Retail,90,5,24926.93,4,3,2,Regular Customers
6496,Retail,90,4,24926.67,3,2,2,New / Promising
7529,Retail,90,3,24911.46,4,1,2,New / Promising
8292,Retail,110,7,24910.12,3,4,2,Regular Customers
7364,Retail,439,4,24906.13,1,2,2,Lapsed Customers
8900,Retail,327,2,24893.8,1,1,2,Lapsed Customers
6418,Retail,425,5,24892.72,1,3,2,Regular Customers
954,Retail,90,3,24889.1,4,1,2,New / Promising
9928,Premium,288,3,24885.89,1,1,2,Lapsed Customers
7291,Retail,252,4,24884.86,2,2,2,Regular Customers
3862,Retail,190,4,24878.85,2,2,2,Regular Customers
1062,Retail,92,4,24875.41,3,2,2,New / Promising
8677,Retail,90,5,24872.38,4,3,2,Regular Customers
149,Premium,90,6,24867.13,3,3,2,Regular Customers
3442,Retail,434,5,24853.65,1,3,2,Regular Customers
1040,Retail,119,5,24845.46,3,3,2,Regular Customers
9869,Retail,90,8,24841.04,4,4,2,Regular Customers
1852,Retail,175,5,24840.42,2,3,2,Regular Customers
1105,Retail,427,5,24840.4,1,3,2,Regular Customers
2193,Retail,181,7,24838.19,2,4,2,Regular Customers
6237,Retail,90,4,24831.54,3,2,2,New / Promising
4214,Retail,181,6,24804.14,2,3,2,Regular Customers
6761,Retail,307,4,24803.29,1,2,2,Lapsed Customers
6807,Retail,320,6,24803.14,1,3,2,Regular Customers
883,Premium,171,3,24796.03,2,1,2,Regular Customers
9643,Retail,90,5,24788.05,4,3,2,Regular Customers
634,Retail,246,2,24785.23,2,1,2,Regular Customers
1798,Retail,302,7,24785.01,1,4,2,Regular Customers
4242,Retail,266,5,24744.84,2,3,2,Regular Customers
2107,Retail,181,4,24736.12,2,2,2,Regular Customers
3239,Retail,90,3,24735.7,4,1,2,New / Promising
7849,Retail,330,3,24727.67,1,1,2,Lapsed Customers
5593,Retail,134,6,24716.13,3,3,2,Regular Customers
563,Retail,223,6,24716.03,2,3,2,Regular Customers
150,Retail,90,6,24706.26,3,3,2,Regular Customers
4440,Retail,90,7,24706.12,4,4,2,Regular Customers
5504,Retail,90,4,24701.98,3,2,2,New / Promising
3743,Retail,90,5,24697.31,4,3,2,Regular Customers
6620,Retail,297,6,24695.57,1,3,2,Regular Customers
3170,Retail,162,6,24679.74,2,3,2,Regular Customers
1797,Premium,90,5,24669.89,4,3,2,Regular Customers
1240,Retail,279,6,24666.66,2,3,2,Regular Customers
2119,Retail,90,7,24654.37,4,4,2,Regular Customers
47,Retail,138,4,24635.88,3,2,2,New / Promising
2293,Premium,161,5,24625.78,2,3,2,Regular Customers
6331,Retail,496,6,24609.77,1,3,2,Regular Customers
5926,Retail,534,7,24602.3,1,4,2,Regular Customers
1975,Retail,90,5,24601.22,4,3,2,Regular Customers
7073,Retail,119,4,24601.02,3,2,2,New / Promising
2770,Retail,90,4,24589.86,3,2,2,New / Promising
4704,Retail,90,3,24577.39,4,1,2,New / Promising
7395,Retail,90,7,24574.1,4,4,2,Regular Customers
7949,Retail,242,3,24566.3,2,1,2,Regular Customers
9306,Retail,90,5,24553.35,4,3,2,Regular Customers
580,Premium,90,6,24552.35,3,3,2,Regular Customers
1941,Premium,242,6,24544.84,2,3,2,Regular Customers
7933,Retail,339,7,24543.85,1,4,2,Regular Customers
6942,Retail,260,4,24542.03,2,2,2,Regular Customers
4916,Retail,411,7,24518.16,1,4,2,Regular Customers
2306,Retail,465,3,24517.16,1,1,2,Lapsed Customers
7490,Retail,438,4,24517.03,1,2,2,Lapsed Customers
83,Retail,460,4,24516.36,1,2,2,Lapsed Customers
4917,Retail,272,3,24516.23,2,1,2,Regular Customers
1,Retail,296,4,24510.18,1,2,2,Lapsed Customers
4401,Retail,183,4,24496.77,2,2,2,Regular Customers
4239,Premium,90,8,24493.74,4,4,2,Regular Customers
6785,Retail,99,4,24492.89,3,2,2,New / Promising
694,Premium,90,6,24485.08,3,3,2,Regular Customers
4953,Premium,90,5,24478.78,4,3,2,Regular Customers
2895,Retail,361,7,24474.07,1,4,2,Regular Customers
9252,Retail,90,6,24470.57,3,3,2,Regular Customers
8787,Retail,392,5,24462.84,1,3,2,Regular Customers
9677,Retail,90,4,24459.35,3,2,2,New / Promising
5525,Premium,90,5,24450.29,4,3,2,Regular Customers
7480,Retail,90,5,24444.14,4,3,2,Regular Customers
8841,Retail,242,4,24423.58,2,2,2,Regular Customers
3576,Retail,90,6,24413.81,3,3,2,Regular Customers
1327,Premium,123,9,24411.32,3,4,2,Regular Customers
4257,Retail,330,5,24403.24,1,3,2,Regular Customers
1932,Premium,90,4,24391.56,3,2,2,New / Promising
6946,Retail,90,3,24389.34,4,1,2,New / Promising
7293,Retail,244,5,24388.93,2,3,2,Regular Customers
7506,Retail,90,3,24386.92,4,1,2,New / Promising
9215,Retail,90,5,24382.75,4,3,2,Regular Customers
774,Retail,90,3,24375.73,4,1,2,New / Promising
1286,Retail,295,5,24374.06,1,3,2,Regular Customers
6009,Retail,382,5,24373.49,1,3,2,Regular Customers
8637,Retail,345,4,24370.6,1,2,2,Lapsed Customers
1884,Premium,90,4,24354.6,3,2,2,New / Promising
9761,Retail,222,4,24333.93,2,2,2,Regular Customers
8425,Retail,435,7,24312.28,1,4,2,Regular Customers
2952,Retail,126,4,24310.7,3,2,2,New / Promising
1598,Retail,139,2,24309.9,3,1,2,New / Promising
7830,Retail,289,7,24309.36,1,4,2,Regular Customers
6338,Retail,363,5,24309.2,1,3,2,Regular Customers
5884,Premium,301,4,24304.27,1,2,2,Lapsed Customers
8452,Retail,90,5,24300.68,4,3,2,Regular Customers
7145,Retail,345,4,24289.06,1,2,2,Lapsed Customers
6116,Retail,90,3,24282.81,4,1,2,New / Promising
2553,Retail,322,3,24279.24,1,1,2,Lapsed Customers
5812,Retail,152,7,24265.3,2,4,2,Regular Customers
1697,Retail,231,4,24261.66,2,2,2,Regular Customers
1198,Retail,92,3,24255.29,3,1,2,New / Promising
8529,Retail,90,3,24248.62,4,1,2,New / Promising
9522,Retail,205,5,24245.3,2,3,2,Regular Customers
6701,Retail,90,3,24227.92,4,1,2,New / Promising
3952,Retail,395,6,24222.52,1,3,2,Regular Customers
5715,Retail,90,2,24222.37,4,1,2,New / Promising
7842,Retail,238,4,24218.15,2,2,2,Regular Customers
2583,Retail,90,5,24215.94,4,3,2,Regular Customers
502,Retail,227,4,24213.59,2,2,2,Regular Customers
2709,Retail,90,3,24212.7,4,1,2,New / Promising
8475,Retail,144,1,24209.53,2,1,2,Regular Customers
6083,Retail,107,4,24205.89,3,2,2,New / Promising
5652,Retail,134,4,24202.15,3,2,2,New / Promising
7468,Retail,112,3,24198.23,3,1,2,New / Promising
1877,Retail,403,6,24195.72,1,3,2,Regular Customers
3773,Retail,301,6,24163.37,1,3,2,Regular Customers
3707,Retail,427,4,24160.68,1,2,2,Lapsed Customers
6504,Retail,221,4,24158.93,2,2,2,Regular Customers
64,Retail,90,4,24153.26,3,2,2,New / Promising
8365,Retail,90,4,24151.7,3,2,2,New / Promising
2169,Retail,90,3,24134.11,4,1,2,New / Promising
7662,Retail,254,3,24133.93,2,1,2,Regular Customers
7791,Retail,90,5,24129.74,4,3,2,Regular Customers
6800,Retail,90,5,24122.53,4,3,2,Regular Customers
2966,Premium,169,3,24112.89,2,1,2,Regular Customers
4955,Retail,90,5,24112.76,4,3,2,Regular Customers
6705,Retail,90,5,24109.77,4,3,2,Regular Customers
3291,Premium,339,6,24096.99,1,3,2,Regular Customers
2764,Retail,454,5,24092.23,1,3,2,Regular Customers
4681,Retail,107,5,24090.03,3,3,2,Regular Customers
6622,Retail,90,3,24077.65,4,1,2,New / Promising
1618,Premium,90,2,24076.31,4,1,2,New / Promising
1017,Retail,153,3,24069.81,2,1,2,Regular Customers
2710,Retail,90,3,24069.66,4,1,2,New / Promising
2922,Retail,90,4,24066.19,3,2,2,New / Promising
2079,Retail,431,5,24051.17,1,3,2,Regular Customers
8903,Retail,90,4,24046.9,3,2,2,New / Promising
282,Retail,116,6,24040.83,3,3,2,Regular Customers
412,Premium,288,4,24035.52,1,2,2,Lapsed Customers
8097,Retail,228,6,24032.7,2,3,2,Regular Customers
2832,Retail,90,2,24023.0,4,1,2,New / Promising
5193,Retail,90,4,24005.67,3,2,2,New / Promising
9543,Retail,127,3,24001.47,3,1,2,New / Promising
1048,Retail,90,6,23997.39,3,3,2,Regular Customers
4550,Retail,90,2,23997.06,4,1,2,New / Promising
9402,Retail,90,3,23989.7,4,1,2,New / Promising
8745,Retail,391,2,23987.26,1,1,2,Lapsed Customers
4601,Retail,90,3,23986.3,4,1,2,New / Promising
9732,Retail,251,5,23972.57,2,3,2,Regular Customers
2873,Retail,90,5,23971.22,4,3,2,Regular Customers
3225,Retail,90,5,23965.59,4,3,2,Regular Customers
7382,Retail,564,6,23950.94,1,3,2,Regular Customers
8372,Retail,90,5,23941.37,4,3,2,Regular Customers
8852,Retail,231,4,23920.83,2,2,2,Regular Customers
1086,Premium,90,3,23913.25,4,1,2,New / Promising
5217,Retail,90,3,23904.53,4,1,2,New / Promising
2986,Retail,90,3,23903.77,4,1,2,New / Promising
4875,Retail,254,5,23900.64,2,3,2,Regular Customers
6880,Retail,295,3,23898.06,1,1,2,Lapsed Customers
4087,Retail,322,4,23897.21,1,2,2,Lapsed Customers
210,Retail,127,6,23894.54,3,3,2,Regular Customers
4544,Retail,178,3,23890.96,2,1,2,Regular Customers
3970,Retail,244,4,23873.66,2,2,2,Regular Customers
997,Retail,336,6,23863.78,1,3,2,Regular Customers
4331,Retail,463,4,23856.78,1,2,2,Lapsed Customers
7948,Retail,223,5,23850.85,2,3,2,Regular Customers
2945,Retail,111,3,23848.91,3,1,2,New / Promising
7823,Retail,303,8,23844.75,1,4,2,Regular Customers
5886,Retail,90,3,23844.28,4,1,2,New / Promising
8697,Retail,172,2,23841.16,2,1,2,Regular Customers
7507,Premium,424,5,23839.16,1,3,2,Regular Customers
6436,Retail,410,4,23837.51,1,2,2,Lapsed Customers
2628,Premium,575,5,23832.89,1,3,2,Regular Customers
1188,Retail,240,4,23824.34,2,2,2,Regular Customers
2811,Retail,90,5,23812.31,4,3,2,Regular Customers
9116,Retail,90,4,23808.87,3,2,2,New / Promising
3197,Retail,177,4,23802.07,2,2,2,Regular Customers
585,Premium,299,4,23798.56,1,2,2,Lapsed Customers
1778,Retail,330,4,23789.21,1,2,2,Lapsed Customers
2103,Retail,428,5,23787.91,1,3,2,Regular Customers
3136,Retail,467,4,23778.11,1,2,2,Lapsed Customers
206,Retail,344,5,23776.55,1,3,2,Regular Customers
2059,Retail,192,3,23775.88,2,1,2,Regular Customers
6507,Retail,90,4,23775.2,3,2,2,New / Promising
488,Retail,90,3,23769.97,4,1,2,New / Promising
7698,Premium,244,3,23768.79,2,1,2,Regular Customers
5310,Retail,374,6,23755.42,1,3,2,Regular Customers
5777,Premium,90,5,23754.49,4,3,2,Regular Customers
59,Retail,123,4,23752.28,3,2,2,New / Promising
7375,Retail,319,5,23741.3,1,3,2,Regular Customers
8991,Premium,423,4,23738.09,1,2,2,Lapsed Customers
4313,Retail,412,4,23735.84,1,2,2,Lapsed Customers
3153,Retail,222,5,23728.36,2,3,2,Regular Customers
5459,Retail,139,4,23721.55,3,2,2,New / Promising
4003,Retail,495,6,23720.16,1,3,2,Regular Customers
9524,Premium,90,4,23713.96,3,2,2,New / Promising
9712,Retail,90,3,23709.91,4,1,2,New / Promising
7598,Retail,99,5,23700.41,3,3,2,Regular Customers
4495,Retail,181,4,23698.47,2,2,2,Regular Customers
6710,Retail,261,7,23698.02,2,4,2,Regular Customers
3629,Retail,90,4,23682.01,3,2,2,New / Promising
971,Retail,125,4,23676.23,3,2,2,New / Promising
6657,Retail,90,4,23671.2,3,2,2,New / Promising
5689,Retail,90,3,23664.79,4,1,2,New / Promising
2988,Corporate,90,5,23663.68,4,3,2,Regular Customers
907,Retail,90,4,23656.95,3,2,2,New / Promising
6382,Retail,113,3,23654.91,3,1,2,New / Promising
2910,Retail,247,4,23646.56,2,2,2,Regular Customers
3049,Retail,296,6,23644.84,1,3,2,Regular Customers
9902,Retail,345,7,23641.7,1,4,2,Regular Customers
3932,Retail,283,8,23641.12,2,4,2,Regular Customers
7324,Retail,90,3,23635.71,4,1,2,New / Promising
9517,Retail,120,6,23629.18,3,3,2,Regular Customers
8665,Premium,123,5,23622.24,3,3,2,Regular Customers
6317,Retail,175,3,23612.58,2,1,2,Regular Customers
3793,Retail,389,5,23612.58,1,3,2,Regular Customers
5570,Corporate,486,5,23607.36,1,3,2,Regular Customers
7215,Retail,202,5,23600.53,2,3,2,Regular Customers
4409,Premium,336,4,23594.04,1,2,2,Lapsed Customers
866,Retail,224,5,23593.78,2,3,2,Regular Customers
7457,Retail,90,4,23583.45,3,2,2,New / Promising
3947,Retail,495,3,23582.62,1,1,2,Lapsed Customers
9898,Retail,90,6,23580.4,3,3,2,Regular Customers
5337,Retail,143,5,23577.43,2,3,2,Regular Customers
3164,Retail,90,6,23549.03,3,3,2,Regular Customers
7132,Retail,193,5,23546.66,2,3,2,Regular Customers
1772,Retail,282,2,23538.81,2,1,2,Regular Customers
7003,Retail,90,4,23533.25,3,2,2,New / Promising
4040,Retail,327,4,23532.4,1,2,2,Lapsed Customers
230,Retail,270,3,23526.47,2,1,2,Regular Customers
6293,Retail,210,3,23525.29,2,1,2,Regular Customers
4855,Retail,479,4,23524.6,1,2,2,Lapsed Customers
2705,Retail,543,4,23522.67,1,2,2,Lapsed Customers
2926,Retail,159,4,23520.54,2,2,2,Regular Customers
9442,Retail,142,4,23518.06,2,2,2,Regular Customers
8793,Retail,128,4,23516.53,3,2,2,New / Promising
218,Retail,90,8,23488.36,4,4,2,Regular Customers
2330,Retail,250,4,23483.01,2,2,2,Regular Customers
4656,Premium,284,7,23482.33,2,4,2,Regular Customers
6048,Retail,90,3,23478.32,4,1,2,New / Promising
9258,Retail,90,6,23472.43,3,3,2,Regular Customers
4354,Premium,124,3,23468.76,3,1,2,New / Promising
7028,Retail,90,4,23447.51,3,2,2,New / Promising
5922,Retail,125,3,23445.75,3,1,2,New / Promising
5632,Retail,144,5,23436.86,2,3,2,Regular Customers
2151,Retail,425,6,23427.87,1,3,2,Regular Customers
7463,Retail,398,4,23425.01,1,2,2,Lapsed Customers
1979,Premium,457,6,23424.09,1,3,2,Regular Customers
13,Retail,90,4,23423.96,3,2,2,New / Promising
6875,Retail,101,4,23423.87,3,2,2,New / Promising
1425,Retail,174,4,23421.41,2,2,2,Regular Customers
2826,Retail,174,4,23406.68,2,2,2,Regular Customers
2238,Retail,456,3,23405.97,1,1,2,Lapsed Customers
1067,Retail,90,5,23403.77,4,3,2,Regular Customers
3198,Retail,90,5,23400.19,4,3,2,Regular Customers
4249,Retail,90,5,23398.77,4,3,2,Regular Customers
3911,Retail,385,5,23398.41,1,3,2,Regular Customers
7026,Retail,90,4,23391.73,3,2,2,New / Promising
8101,Retail,145,3,23391.31,2,1,2,Regular Customers
9213,Retail,90,4,23386.32,3,2,2,New / Promising
8069,Retail,90,3,23385.58,4,1,2,New / Promising
6889,Premium,440,3,23366.56,1,1,2,Lapsed Customers
9074,Retail,131,4,23353.2,3,2,2,New / Promising
805,Retail,90,5,23350.36,4,3,2,Regular Customers
5242,Retail,90,4,23343.34,3,2,2,New / Promising
5993,Retail,90,3,23340.68,4,1,2,New / Promising
2721,Retail,90,6,23336.27,3,3,2,Regular Customers
4026,Retail,90,3,23335.48,4,1,2,New / Promising
1701,Retail,196,3,23330.91,2,1,2,Regular Customers
6962,Retail,140,4,23314.41,3,2,2,New / Promising
3671,Retail,437,2,23313.66,1,1,2,Lapsed Customers
5265,Retail,90,7,23301.7,4,4,2,Regular Customers
4834,Premium,163,4,23297.74,2,2,2,Regular Customers
8022,Retail,90,4,23297.36,3,2,2,New / Promising
7285,Retail,108,5,23294.23,3,3,2,Regular Customers
3346,Retail,90,6,23290.34,3,3,2,Regular Customers
4368,Premium,397,4,23285.94,1,2,2,Lapsed Customers
1953,Retail,490,2,23281.54,1,1,2,Lapsed Customers
8349,Retail,151,3,23281.08,2,1,2,Regular Customers
8410,Retail,90,4,23279.25,3,2,2,New / Promising
3609,Retail,90,7,23276.93,4,4,2,Regular Customers
1686,Retail,90,4,23276.38,3,2,2,New / Promising
3800,Retail,261,7,23259.76,2,4,2,Regular Customers
4753,Retail,106,2,23259.06,3,1,2,New / Promising
7492,Retail,90,3,23251.61,4,1,2,New / Promising
8034,Retail,90,8,23250.22,4,4,2,Regular Customers
4406,Retail,90,5,23245.42,4,3,2,Regular Customers
2707,Retail,90,5,23242.92,4,3,2,Regular Customers
7860,Retail,90,4,23231.99,3,2,2,New / Promising
4769,Retail,249,6,23228.12,2,3,2,Regular Customers
5543,Retail,330,5,23227.16,1,3,2,Regular Customers
5709,Retail,315,6,23225.2,1,3,2,Regular Customers
3389,Retail,117,5,23219.98,3,3,2,Regular Customers
272,Premium,407,4,23219.85,1,2,2,Lapsed Customers
9268,Premium,90,4,23191.34,3,2,2,New / Promising
7381,Premium,90,4,23179.19,3,2,2,New / Promising
4159,Retail,348,3,23166.52,1,1,2,Lapsed Customers
9669,Retail,240,5,23160.21,2,3,2,Regular Customers
6070,Retail,104,5,23159.25,3,3,2,Regular Customers
1421,Retail,90,4,23155.41,3,2,2,New / Promising
3046,Retail,90,3,23145.8,4,1,2,New / Promising
8451,Retail,313,4,23143.76,1,2,2,Lapsed Customers
5254,Retail,333,3,23140.75,1,1,2,Lapsed Customers
5212,Retail,448,4,23140.12,1,2,2,Lapsed Customers
1614,Retail,90,4,23138.92,3,2,2,New / Promising
6289,Retail,364,5,23138.24,1,3,2,Regular Customers
6609,Retail,193,5,23134.84,2,3,2,Regular Customers
2409,Retail,355,3,23130.72,1,1,2,Lapsed Customers
4447,Retail,128,3,23130.71,3,1,2,New / Promising
9865,Retail,90,7,23125.13,4,4,2,Regular Customers
5012,Retail,444,3,23112.43,1,1,2,Lapsed Customers
9327,Retail,261,4,23112.4,2,2,2,Regular Customers
2231,Retail,90,4,23106.28,3,2,2,New / Promising
6277,Retail,429,3,23089.08,1,1,2,Lapsed Customers
6828,Retail,306,5,23072.25,1,3,2,Regular Customers
2587,Retail,90,2,23070.85,4,1,2,New / Promising
4861,Retail,90,5,23060.0,4,3,2,Regular Customers
6440,Premium,406,4,23059.86,1,2,2,Lapsed Customers
5241,Retail,90,6,23050.82,3,3,2,Regular Customers
7937,Retail,323,4,23041.36,1,2,2,Lapsed Customers
1964,Retail,90,5,23039.47,4,3,2,Regular Customers
7778,Retail,90,5,23039.46,4,3,2,Regular Customers
8720,Retail,90,7,23037.85,4,4,2,Regular Customers
7034,Retail,90,6,23033.14,3,3,2,Regular Customers
6423,Retail,424,3,23024.08,1,1,2,Lapsed Customers
1420,Retail,90,8,23020.1,4,4,2,Regular Customers
6480,Premium,351,6,23015.74,1,3,2,Regular Customers
4564,Retail,204,3,23008.24,2,1,2,Regular Customers
747,Retail,90,3,22999.39,4,1,2,New / Promising
9432,Retail,311,5,22994.16,1,3,2,Regular Customers
1157,Retail,322,4,22970.39,1,2,2,Lapsed Customers
1455,Retail,289,5,22968.29,1,3,2,Regular Customers
8337,Retail,321,7,22940.84,1,4,2,Regular Customers
3039,Retail,153,6,22936.06,2,3,2,Regular Customers
8674,Retail,547,2,22926.68,1,1,2,Lapsed Customers
8775,Premium,90,4,22923.84,3,2,2,New / Promising
2962,Retail,196,3,22914.13,2,1,2,Regular Customers
4500,Retail,347,5,22904.61,1,3,2,Regular Customers
8357,Retail,90,3,22902.83,4,1,2,New / Promising
7290,Retail,505,5,22899.07,1,3,2,Regular Customers
9227,Retail,90,6,22894.1,3,3,2,Regular Customers
3287,Retail,231,7,22891.84,2,4,2,Regular Customers
9875,Retail,90,6,22871.33,3,3,2,Regular Customers
8366,Retail,90,6,22863.74,3,3,2,Regular Customers
5665,Retail,311,6,22854.74,1,3,2,Regular Customers
3752,Retail,90,6,22843.28,3,3,2,Regular Customers
4124,Retail,90,4,22829.05,3,2,2,New / Promising
8719,Retail,230,8,22826.05,2,4,2,Regular Customers
8057,Retail,221,7,22819.21,2,4,2,Regular Customers
7721,Retail,478,4,22807.49,1,2,2,Lapsed Customers
86,Retail,209,5,22806.81,2,3,2,Regular Customers
4097,Retail,239,5,22804.23,2,3,2,Regular Customers
257,Retail,90,5,22799.86,4,3,2,Regular Customers
873,Retail,320,4,22790.78,1,2,2,Lapsed Customers
3370,Retail,451,5,22790.43,1,3,2,Regular Customers
2110,Retail,134,3,22781.28,3,1,2,New / Promising
1280,Retail,90,5,22776.92,4,3,2,Regular Customers
8798,Retail,277,4,22769.81,2,2,2,Regular Customers
2590,Retail,152,5,22760.44,2,3,2,Regular Customers
6171,Retail,101,5,22757.97,3,3,2,Regular Customers
5447,Premium,90,3,22755.61,4,1,2,New / Promising
4860,Retail,90,3,22753.9,4,1,2,New / Promising
9284,Retail,434,5,22735.26,1,3,2,Regular Customers
4697,Retail,326,3,22717.33,1,1,2,Lapsed Customers
7459,Premium,239,4,22714.82,2,2,2,Regular Customers
4425,Retail,228,5,22714.68,2,3,2,Regular Customers
6215,Retail,212,2,22702.03,2,1,2,Regular Customers
6493,Retail,300,3,22701.14,1,1,2,Lapsed Customers
4363,Retail,186,3,22699.04,2,1,2,Regular Customers
6674,Premium,90,5,22692.15,4,3,2,Regular Customers
4148,Retail,90,4,22673.25,3,2,2,New / Promising
2782,Retail,90,5,22668.98,4,3,2,Regular Customers
7433,Retail,298,3,22667.94,1,1,2,Lapsed Customers
956,Retail,90,5,22663.95,4,3,2,Regular Customers
4604,Retail,90,6,22655.87,3,3,2,Regular Customers
7533,Retail,90,3,22654.55,4,1,2,New / Promising
7673,Retail,90,3,22652.46,4,1,2,New / Promising
9345,Retail,90,4,22649.86,3,2,2,New / Promising
4011,Retail,129,5,22639.11,3,3,2,Regular Customers
9264,Retail,90,4,22633.25,3,2,2,New / Promising
5065,Retail,90,5,22629.75,4,3,2,Regular Customers
3246,Retail,90,5,22624.87,4,3,2,Regular Customers
5843,Retail,282,1,22623.56,2,1,2,Regular Customers
9472,Retail,90,3,22622.02,4,1,2,New / Promising
4710,Retail,249,6,22621.38,2,3,2,Regular Customers
8459,Retail,121,3,22614.9,3,1,2,New / Promising
8336,Retail,90,6,22614.87,3,3,2,Regular Customers
3403,Retail,264,3,22610.97,2,1,2,Regular Customers
6341,Retail,230,5,22608.08,2,3,2,Regular Customers
2546,Retail,339,2,22606.59,1,1,2,Lapsed Customers
8224,Retail,90,4,22606.3,3,2,2,New / Promising
5434,Retail,121,3,22603.19,3,1,2,New / Promising
7718,Premium,144,4,22601.93,2,2,2,Regular Customers
3270,Retail,90,4,22597.99,3,2,2,New / Promising
3909,Retail,90,3,22597.3,4,1,2,New / Promising
2344,Retail,90,4,22596.27,3,2,2,New / Promising
8253,Retail,391,5,22588.91,1,3,2,Regular Customers
5625,Retail,270,6,22583.62,2,3,2,Regular Customers
8481,Retail,96,4,22582.53,3,2,2,New / Promising
536,Premium,336,4,22578.56,1,2,2,Lapsed Customers
2896,Retail,90,4,22575.33,3,2,2,New / Promising
9769,Retail,90,3,22572.13,4,1,2,New / Promising
8478,Retail,253,4,22569.24,2,2,2,Regular Customers
589,Retail,130,4,22568.46,3,2,2,New / Promising
5958,Retail,90,5,22566.15,4,3,2,Regular Customers
807,Premium,181,5,22555.32,2,3,2,Regular Customers
6375,Retail,133,4,22553.1,3,2,2,New / Promising
6394,Retail,307,8,22551.25,1,4,2,Regular Customers
6575,Premium,517,6,22524.32,1,3,2,Regular Customers
5950,Retail,299,4,22523.95,1,2,2,Lapsed Customers
6744,Retail,518,6,22523.63,1,3,2,Regular Customers
374,Retail,90,6,22521.19,3,3,2,Regular Customers
867,Premium,96,6,22519.03,3,3,2,Regular Customers
7377,Retail,189,4,22517.78,2,2,2,Regular Customers
1134,Retail,90,4,22516.19,3,2,2,New / Promising
9078,Retail,168,6,22500.32,2,3,2,Regular Customers
2796,Premium,90,6,22498.15,3,3,2,Regular Customers
5542,Retail,151,3,22488.86,2,1,2,Regular Customers
6659,Retail,208,2,22486.9,2,1,2,Regular Customers
4727,Retail,197,7,22476.09,2,4,2,Regular Customers
9559,Retail,90,4,22472.15,3,2,2,New / Promising
6151,Retail,218,5,22458.86,2,3,2,Regular Customers
7263,Retail,90,4,22458.01,3,2,2,New / Promising
9266,Retail,413,4,22456.61,1,2,2,Lapsed Customers
5531,Retail,90,6,22451.84,3,3,2,Regular Customers
1669,Retail,206,3,22444.98,2,1,2,Regular Customers
5932,Premium,168,5,22441.72,2,3,2,Regular Customers
9177,Retail,511,4,22435.33,1,2,2,Lapsed Customers
3238,Retail,90,4,22433.81,3,2,2,New / Promising
1737,Retail,256,4,22433.62,2,2,2,Regular Customers
4901,Retail,143,5,22427.31,2,3,2,Regular Customers
8321,Retail,200,5,22419.4,2,3,2,Regular Customers
5768,Retail,197,5,22418.57,2,3,2,Regular Customers
6689,Retail,90,3,22418.37,4,1,2,New / Promising
6243,Retail,90,4,22396.11,3,2,2,New / Promising
7945,Retail,90,3,22390.91,4,1,2,New / Promising
7090,Retail,421,3,22386.74,1,1,2,Lapsed Customers
3393,Retail,188,3,22385.78,2,1,2,Regular Customers
3646,Retail,90,4,22376.21,3,2,2,New / Promising
7436,Retail,90,4,22372.2,3,2,2,New / Promising
1168,Retail,400,1,22371.15,1,1,2,Lapsed Customers
1212,Premium,172,4,22366.91,2,2,2,Regular Customers
9867,Retail,438,4,22366.79,1,2,2,Lapsed Customers
6510,Retail,165,6,22361.49,2,3,2,Regular Customers
991,Retail,90,5,22358.69,4,3,2,Regular Customers
9808,Retail,90,7,22353.56,4,4,2,Regular Customers
6613,Retail,156,4,22349.86,2,2,2,Regular Customers
936,Retail,90,6,22349.2,3,3,2,Regular Customers
3708,Retail,90,4,22345.91,3,2,2,New / Promising
4150,Retail,272,4,22344.21,2,2,2,Regular Customers
4113,Retail,292,7,22336.31,1,4,2,Regular Customers
7205,Retail,208,6,22335.56,2,3,2,Regular Customers
1324,Retail,90,5,22321.08,4,3,2,Regular Customers
8065,Retail,90,4,22312.28,3,2,2,New / Promising
9653,Retail,90,6,22312.04,3,3,2,Regular Customers
2683,Retail,90,6,22307.02,3,3,2,Regular Customers
3543,Retail,344,5,22302.62,1,3,2,Regular Customers
23,Premium,319,6,22302.13,1,3,2,Regular Customers
2565,Retail,138,5,22296.91,3,3,2,Regular Customers
6361,Premium,121,4,22294.89,3,2,2,New / Promising
2599,Retail,90,2,22292.0,4,1,2,New / Promising
4393,Retail,198,4,22290.32,2,2,2,Regular Customers
6907,Retail,484,5,22281.51,1,3,2,Regular Customers
4770,Retail,189,4,22277.67,2,2,2,Regular Customers
6567,Retail,229,3,22242.58,2,1,2,Regular Customers
258,Retail,90,4,22242.5,3,2,2,New / Promising
7396,Retail,504,3,22239.37,1,1,2,Lapsed Customers
9265,Retail,192,3,22236.59,2,1,2,Regular Customers
6442,Retail,383,5,22224.98,1,3,2,Regular Customers
6208,Retail,208,2,22224.65,2,1,2,Regular Customers
9196,Premium,306,5,22222.27,1,3,2,Regular Customers
4965,Retail,90,2,22204.22,4,1,2,New / Promising
8008,Retail,134,5,22200.8,3,3,2,Regular Customers
6135,Premium,224,4,22199.59,2,2,2,Regular Customers
2886,Retail,236,6,22198.4,2,3,2,Regular Customers
4841,Retail,90,4,22195.62,3,2,2,New / Promising
8582,Retail,230,5,22177.04,2,3,2,Regular Customers
252,Retail,131,6,22171.37,3,3,2,Regular Customers
3265,Retail,90,4,22164.17,3,2,2,New / Promising
5547,Retail,453,4,22153.96,1,2,2,Lapsed Customers
9127,Retail,104,4,22130.58,3,2,2,New / Promising
2405,Retail,90,3,22128.26,4,1,2,New / Promising
835,Retail,90,4,22123.47,3,2,2,New / Promising
1070,Retail,510,5,22114.88,1,3,2,Regular Customers
1879,Retail,204,5,22112.79,2,3,2,Regular Customers
3103,Premium,90,4,22111.99,3,2,2,New / Promising
5684,Premium,336,3,22110.87,1,1,2,Lapsed Customers
7195,Retail,90,4,22109.76,3,2,2,New / Promising
4750,Retail,145,3,22108.9,2,1,2,Regular Customers
1788,Premium,356,4,22107.05,1,2,2,Lapsed Customers
2869,Retail,90,6,22101.26,3,3,2,Regular Customers
3063,Retail,237,4,22100.45,2,2,2,Regular Customers
3419,Retail,540,5,22097.72,1,3,2,Regular Customers
1819,Retail,287,5,22096.79,1,3,2,Regular Customers
9807,Retail,90,2,22096.72,4,1,2,New / Promising
305,Retail,163,3,22092.5,2,1,2,Regular Customers
3786,Retail,90,3,22088.51,4,1,2,New / Promising
3021,Retail,257,5,22084.65,2,3,2,Regular Customers
5604,Premium,352,1,22051.43,1,1,2,Lapsed Customers
8805,Retail,314,4,22050.09,1,2,2,Lapsed Customers
9842,Retail,340,5,22046.1,1,3,2,Regular Customers
329,Retail,432,3,22036.72,1,1,2,Lapsed Customers
1051,Retail,91,5,22035.71,3,3,2,Regular Customers
5555,Premium,90,6,22030.93,3,3,2,Regular Customers
7150,Retail,90,4,22026.66,3,2,2,New / Promising
1683,Retail,474,4,22025.68,1,2,2,Lapsed Customers
7606,Premium,185,3,22019.2,2,1,2,Regular Customers
945,Retail,140,3,22019.14,3,1,2,New / Promising
1121,Retail,486,6,22010.15,1,3,2,Regular Customers
3316,Retail,90,3,22003.16,4,1,2,New / Promising
3231,Retail,190,3,21999.26,2,1,2,Regular Customers
4018,Retail,342,3,21998.87,1,1,2,Lapsed Customers
9935,Premium,194,4,21998.68,2,2,2,Regular Customers
1427,Retail,90,7,21998.0,4,4,2,Regular Customers
5584,Retail,285,6,21986.24,1,3,2,Regular Customers
9764,Retail,300,5,21986.17,1,3,2,Regular Customers
399,Retail,148,4,21980.71,2,2,2,Regular Customers
2914,Premium,379,3,21975.55,1,1,2,Lapsed Customers
6727,Retail,90,3,21969.82,4,1,2,New / Promising
4140,Retail,90,7,21962.66,4,4,2,Regular Customers
6824,Retail,305,3,21948.67,1,1,2,Lapsed Customers
5121,Retail,90,3,21941.75,4,1,2,New / Promising
7540,Retail,90,5,21935.04,4,3,2,Regular Customers
7403,Retail,382,6,21935.01,1,3,2,Regular Customers
3527,Premium,90,4,21928.9,3,2,2,New / Promising
194,Retail,124,3,21912.34,3,1,2,New / Promising
2731,Retail,90,6,21900.69,3,3,2,Regular Customers
4471,Retail,90,4,21897.41,3,2,2,New / Promising
4984,Retail,190,2,21892.91,2,1,2,Regular Customers
487,Premium,367,4,21891.51,1,2,2,Lapsed Customers
9518,Retail,525,4,21890.78,1,2,2,Lapsed Customers
4654,Retail,314,5,21890.5,1,3,2,Regular Customers
6336,Retail,119,2,21888.17,3,1,2,New / Promising
8434,Retail,264,2,21880.12,2,1,2,Regular Customers
7739,Retail,90,5,21878.52,4,3,2,Regular Customers
9451,Premium,192,6,21867.74,2,3,2,Regular Customers
5028,Retail,326,5,21867.15,1,3,2,Regular Customers
16,Retail,90,3,21862.28,4,1,2,New / Promising
1098,Retail,90,2,21852.19,4,1,2,New / Promising
7752,Retail,375,6,21843.48,1,3,2,Regular Customers
8861,Retail,90,4,21843.19,3,2,2,New / Promising
4188,Retail,248,5,21840.2,2,3,2,Regular Customers
3941,Retail,234,3,21832.62,2,1,2,Regular Customers
7688,Retail,198,5,21832.15,2,3,2,Regular Customers
4583,Retail,285,5,21826.94,1,3,2,Regular Customers
132,Retail,98,5,21822.56,3,3,2,Regular Customers
2217,Retail,141,4,21818.14,3,2,2,New / Promising
2972,Retail,346,6,21817.46,1,3,2,Regular Customers
3216,Retail,305,4,21794.91,1,2,2,Lapsed Customers
2088,Retail,115,3,21793.81,3,1,2,New / Promising
4337,Retail,90,3,21788.27,4,1,2,New / Promising
3712,Retail,90,5,21778.94,4,3,2,Regular Customers
4590,Retail,272,3,21774.99,2,1,2,Regular Customers
3873,Retail,90,2,21774.33,4,1,2,New / Promising
73,Retail,305,4,21769.06,1,2,2,Lapsed Customers
9152,Retail,430,4,21744.93,1,2,2,Lapsed Customers
5673,Retail,90,4,21738.85,3,2,2,New / Promising
4563,Retail,377,4,21737.68,1,2,2,Lapsed Customers
9395,Premium,471,5,21735.96,1,3,2,Regular Customers
4189,Premium,500,3,21722.22,1,1,2,Lapsed Customers
5758,Retail,90,6,21714.68,3,3,2,Regular Customers
5909,Premium,90,4,21709.88,3,2,2,New / Promising
6712,Retail,419,5,21701.0,1,3,2,Regular Customers
4952,Corporate,475,4,21696.72,1,2,2,Lapsed Customers
1723,Retail,90,4,21685.12,3,2,2,New / Promising
7096,Retail,90,2,21685.05,4,1,2,New / Promising
6036,Premium,420,4,21683.8,1,2,2,Lapsed Customers
1409,Retail,295,3,21678.18,1,1,2,Lapsed Customers
9926,Retail,315,4,21673.16,1,2,2,Lapsed Customers
4736,Retail,109,6,21654.32,3,3,2,Regular Customers
9223,Premium,213,4,21651.26,2,2,2,Regular Customers
6383,Retail,139,4,21649.29,3,2,2,New / Promising
493,Retail,198,4,21647.3,2,2,2,Regular Customers
1696,Retail,90,4,21646.34,3,2,2,New / Promising
6853,Retail,153,3,21640.73,2,1,2,Regular Customers
780,Retail,90,4,21639.87,3,2,2,New / Promising
3938,Retail,266,4,21637.81,2,2,2,Regular Customers
330,Retail,90,5,21632.55,4,3,2,Regular Customers
7913,Retail,334,5,21626.27,1,3,2,Regular Customers
1459,Retail,266,5,21625.41,2,3,2,Regular Customers
344,Retail,336,2,21625.3,1,1,2,Lapsed Customers
9961,Retail,503,5,21624.34,1,3,2,Regular Customers
6344,Retail,192,5,21614.97,2,3,2,Regular Customers
2459,Retail,90,6,21606.79,3,3,2,Regular Customers
270,Retail,190,4,21594.17,2,2,2,Regular Customers
8923,Retail,90,5,21591.31,4,3,2,Regular Customers
6120,Retail,217,5,21580.21,2,3,2,Regular Customers
7927,Retail,90,3,21577.45,4,1,2,New / Promising
8815,Retail,123,4,21564.82,3,2,2,New / Promising
3013,Retail,566,3,21563.5,1,1,2,Lapsed Customers
5672,Premium,267,4,21553.32,2,2,2,Regular Customers
9129,Premium,219,6,21548.87,2,3,2,Regular Customers
4731,Retail,90,4,21546.85,3,2,2,New / Promising
2071,Retail,103,4,21546.03,3,2,2,New / Promising
5982,Retail,90,3,21545.84,4,1,2,New / Promising
7737,Retail,287,6,21542.05,1,3,2,Regular Customers
6484,Retail,206,2,21541.76,2,1,2,Regular Customers
6201,Premium,90,3,21537.03,4,1,2,New / Promising
7844,Retail,90,5,21528.29,4,3,2,Regular Customers
9291,Premium,90,5,21527.84,4,3,2,Regular Customers
8095,Retail,334,5,21517.41,1,3,2,Regular Customers
9845,Retail,174,4,21511.87,2,2,2,Regular Customers
3312,Retail,318,3,21504.83,1,1,2,Lapsed Customers
881,Retail,90,4,21498.37,3,2,2,New / Promising
7411,Retail,154,4,21496.24,2,2,2,Regular Customers
276,Premium,265,4,21494.72,2,2,2,Regular Customers
4205,Retail,443,7,21490.51,1,4,2,Regular Customers
2845,Retail,98,6,21482.92,3,3,2,Regular Customers
2218,Premium,90,4,21482.03,3,2,2,New / Promising
4595,Retail,175,4,21473.6,2,2,2,Regular Customers
8779,Retail,269,6,21470.32,2,3,2,Regular Customers
7056,Retail,90,4,21466.15,3,2,2,New / Promising
7797,Premium,90,3,21464.99,4,1,2,New / Promising
98,Retail,90,3,21462.6,4,1,2,New / Promising
2659,Retail,90,5,21458.84,4,3,2,Regular Customers
3634,Retail,90,4,21444.82,3,2,2,New / Promising
8601,Retail,90,5,21442.23,4,3,2,Regular Customers
6789,Premium,431,3,21441.38,1,1,2,Lapsed Customers
2805,Retail,441,3,21412.19,1,1,2,Lapsed Customers
3333,Retail,179,6,21400.04,2,3,2,Regular Customers
1178,Retail,135,6,21398.41,3,3,2,Regular Customers
1575,Retail,296,4,21398.09,1,2,2,Lapsed Customers
9320,Retail,213,4,21397.87,2,2,2,Regular Customers
4655,Premium,265,3,21389.31,2,1,2,Regular Customers
5991,Retail,464,5,21387.5,1,3,2,Regular Customers
6175,Retail,90,6,21385.83,3,3,2,Regular Customers
7890,Retail,96,5,21385.24,3,3,2,Regular Customers
4642,Retail,527,4,21384.22,1,2,2,Lapsed Customers
1391,Retail,134,5,21381.99,3,3,2,Regular Customers
5199,Retail,90,5,21380.8,4,3,2,Regular Customers
8504,Retail,262,4,21377.8,2,2,2,Regular Customers
5455,Retail,302,3,21373.83,1,1,2,Lapsed Customers
5989,Retail,158,2,21373.45,2,1,2,Regular Customers
2891,Retail,413,3,21369.6,1,1,2,Lapsed Customers
48,Premium,90,4,21363.74,3,2,2,New / Promising
2101,Retail,90,4,21362.16,3,2,2,New / Promising
3147,Retail,90,3,21358.8,4,1,2,New / Promising
4850,Retail,103,2,21354.77,3,1,2,New / Promising
8735,Premium,90,2,21352.69,4,1,2,New / Promising
5087,Retail,90,4,21349.57,3,2,2,New / Promising
5093,Retail,503,3,21342.62,1,1,2,Lapsed Customers
4044,Retail,375,4,21342.14,1,2,2,Lapsed Customers
3769,Retail,90,3,21341.43,4,1,2,New / Promising
4224,Retail,90,4,21332.31,3,2,2,New / Promising
4330,Retail,90,5,21331.54,4,3,2,Regular Customers
685,Retail,90,5,21326.38,4,3,2,Regular Customers
9529,Retail,323,3,21316.09,1,1,2,Lapsed Customers
9832,Retail,164,4,21315.36,2,2,2,Regular Customers
4989,Retail,90,2,21308.57,4,1,2,New / Promising
2711,Retail,427,3,21308.36,1,1,2,Lapsed Customers
7476,Retail,90,4,21302.41,3,2,2,New / Promising
72,Retail,279,3,21292.66,2,1,2,Regular Customers
3612,Premium,230,3,21280.22,2,1,2,Regular Customers
6521,Retail,90,4,21274.83,3,2,2,New / Promising
4808,Retail,90,5,21265.7,4,3,2,Regular Customers
6711,Retail,90,5,21257.7,4,3,2,Regular Customers
6213,Retail,90,3,21257.13,4,1,2,New / Promising
4947,Premium,97,6,21256.41,3,3,2,Regular Customers
6333,Retail,468,4,21252.84,1,2,2,Lapsed Customers
6850,Retail,202,5,21246.2,2,3,2,Regular Customers
6953,Retail,157,4,21238.65,2,2,2,Regular Customers
8948,Retail,133,3,21236.88,3,1,2,New / Promising
5615,Retail,164,4,21227.44,2,2,2,Regular Customers
616,Retail,90,5,21224.34,4,3,2,Regular Customers
5022,Retail,93,4,21224.33,3,2,2,New / Promising
1816,Retail,489,3,21211.57,1,1,2,Lapsed Customers
4155,Retail,466,5,21208.01,1,3,2,Regular Customers
8934,Retail,132,7,21206.17,3,4,2,Regular Customers
5937,Premium,492,4,21198.0,1,2,2,Lapsed Customers
6835,Retail,268,3,21173.26,2,1,2,Regular Customers
9537,Retail,90,4,21172.71,3,2,2,New / Promising
420,Retail,90,3,21167.32,4,1,2,New / Promising
5930,Retail,128,6,21166.22,3,3,2,Regular Customers
8257,Retail,90,4,21160.15,3,2,2,New / Promising
4418,Premium,421,4,21159.35,1,2,2,Lapsed Customers
1457,Retail,90,4,21156.23,3,2,2,New / Promising
2484,Premium,375,4,21142.61,1,2,2,Lapsed Customers
443,Premium,463,5,21137.42,1,3,2,Regular Customers
7524,Retail,104,5,21134.94,3,3,2,Regular Customers
180,Retail,104,4,21127.31,3,2,2,New / Promising
4657,Retail,248,6,21125.15,2,3,2,Regular Customers
5853,Retail,186,3,21124.7,2,1,2,Regular Customers
4164,Retail,367,2,21110.19,1,1,2,Lapsed Customers
8142,Retail,160,3,21108.83,2,1,2,Regular Customers
9579,Retail,264,4,21101.37,2,2,2,Regular Customers
2720,Retail,186,2,21091.65,2,1,2,Regular Customers
1713,Retail,90,4,21071.31,3,2,2,New / Promising
6163,Retail,388,3,21070.09,1,1,2,Lapsed Customers
2614,Retail,288,2,21061.51,1,1,2,Lapsed Customers
5836,Retail,90,4,21061.35,3,2,2,New / Promising
4350,Retail,280,3,21060.35,2,1,2,Regular Customers
2202,Retail,415,4,21048.56,1,2,2,Lapsed Customers
7497,Retail,90,3,21045.31,4,1,2,New / Promising
8173,Premium,132,6,21040.89,3,3,2,Regular Customers
4407,Retail,289,7,21033.56,1,4,2,Regular Customers
3076,Retail,90,5,21033.49,4,3,2,Regular Customers
5270,Retail,90,6,21030.58,3,3,2,Regular Customers
7397,Retail,128,4,21029.97,3,2,2,New / Promising
3111,Retail,228,2,21019.54,2,1,2,Regular Customers
6984,Retail,377,5,20993.62,1,3,2,Regular Customers
8428,Retail,201,5,20986.33,2,3,2,Regular Customers
6837,Retail,139,5,20986.16,3,3,2,Regular Customers
3077,Retail,297,5,20981.75,1,3,2,Regular Customers
6206,Retail,90,4,20975.2,3,2,2,New / Promising
5373,Retail,319,5,20969.24,1,3,2,Regular Customers
9578,Retail,491,3,20968.65,1,1,2,Lapsed Customers
5574,Retail,90,4,20967.66,3,2,2,New / Promising
3687,Premium,291,3,20962.56,1,1,2,Lapsed Customers
9554,Premium,191,3,20961.52,2,1,2,Regular Customers
3681,Retail,212,5,20949.26,2,3,2,Regular Customers
1913,Retail,90,5,20937.54,3,3,2,Regular Customers
3397,Retail,133,3,20933.87,3,1,2,New / Promising
482,Retail,90,3,20930.86,4,1,2,New / Promising
6347,Premium,305,5,20915.83,1,3,2,Regular Customers
5076,Premium,137,2,20911.74,3,1,2,New / Promising
5833,Retail,90,4,20909.65,3,2,2,New / Promising
5808,Retail,90,4,20901.13,3,2,2,New / Promising
499,Retail,90,3,20898.82,4,1,2,New / Promising
7705,Retail,90,6,20889.58,3,3,2,Regular Customers
3829,Retail,161,2,20887.73,2,1,2,Regular Customers
7340,Retail,227,3,20886.92,2,1,2,Regular Customers
1510,Retail,220,2,20878.25,2,1,2,Regular Customers
5863,Retail,217,4,20870.49,2,2,2,Regular Customers
567,Retail,218,5,20869.7,2,3,2,Regular Customers
1321,Retail,398,5,20849.34,1,3,2,Regular Customers
3139,Premium,279,4,20839.3,2,2,2,Regular Customers
6316,Retail,503,3,20838.82,1,1,2,Lapsed Customers
6597,Retail,90,4,20837.28,3,2,2,New / Promising
9409,Retail,207,5,20806.6,2,3,2,Regular Customers
483,Retail,263,4,20804.06,2,2,2,Regular Customers
7305,Retail,90,2,20802.23,3,1,2,New / Promising
271,Corporate,380,4,20795.73,1,2,2,Lapsed Customers
2897,Retail,154,5,20785.6,2,3,2,Regular Customers
4531,Retail,463,2,20781.62,1,1,2,Lapsed Customers
2376,Retail,90,3,20773.66,4,1,2,New / Promising
9703,Retail,120,5,20773.66,3,3,2,Regular Customers
8148,Retail,475,3,20773.07,1,1,2,Lapsed Customers
1199,Retail,90,3,20761.56,4,1,2,New / Promising
2331,Retail,262,4,20760.41,2,2,2,Regular Customers
794,Retail,90,2,20755.4,3,1,2,New / Promising
9466,Retail,317,6,20747.0,1,3,2,Regular Customers
557,Retail,146,4,20746.19,2,2,2,Regular Customers
664,Retail,298,4,20732.44,1,2,2,Lapsed Customers
3505,Retail,190,4,20731.99,2,2,2,Regular Customers
3006,Premium,310,3,20719.42,1,1,2,Lapsed Customers
7973,Premium,369,5,20715.64,1,3,2,Regular Customers
3803,Retail,90,5,20708.03,3,3,2,Regular Customers
9381,Retail,388,3,20705.96,1,1,2,Lapsed Customers
8358,Retail,167,4,20703.82,2,2,2,Regular Customers
7951,Retail,104,4,20700.4,3,2,2,New / Promising
3095,Retail,90,6,20698.58,3,3,2,Regular Customers
1775,Retail,90,6,20698.11,3,3,2,Regular Customers
4275,Retail,229,5,20681.72,2,3,2,Regular Customers
8661,Retail,90,3,20679.86,4,1,2,New / Promising
3126,Retail,90,5,20678.05,3,3,2,Regular Customers
566,Retail,400,4,20677.82,1,2,2,Lapsed Customers
3364,Retail,90,4,20661.02,3,2,2,New / Promising
4641,Premium,90,5,20656.15,3,3,2,Regular Customers
7556,Retail,471,5,20652.03,1,3,2,Regular Customers
4782,Retail,175,4,20650.74,2,2,2,Regular Customers
5115,Retail,352,2,20649.58,1,1,2,Lapsed Customers
2634,Retail,100,4,20647.71,3,2,2,New / Promising
3822,Retail,189,4,20644.77,2,2,2,Regular Customers
4144,Retail,372,1,20640.0,1,1,2,Lapsed Customers
1520,Retail,332,2,20631.15,1,1,2,Lapsed Customers
5465,Retail,98,5,20627.26,3,3,2,Regular Customers
5881,Retail,289,6,20625.55,1,3,2,Regular Customers
8465,Retail,306,2,20619.7,1,1,2,Lapsed Customers
4480,Premium,155,3,20612.11,2,1,2,Regular Customers
1364,Retail,295,5,20611.12,1,3,2,Regular Customers
87,Premium,397,4,20596.64,1,2,2,Lapsed Customers
4768,Retail,364,4,20591.38,1,2,2,Lapsed Customers
5311,Retail,90,7,20590.4,4,4,2,Regular Customers
6032,Retail,162,3,20588.09,2,1,2,Regular Customers
1230,Retail,407,7,20585.92,1,4,2,Regular Customers
6091,Retail,442,5,20571.21,1,3,2,Regular Customers
2777,Retail,322,4,20559.78,1,2,2,Lapsed Customers
4980,Retail,90,4,20553.97,3,2,2,New / Promising
4382,Retail,370,3,20548.56,1,1,2,Lapsed Customers
5635,Retail,159,6,20545.8,2,3,2,Regular Customers
287,Premium,253,3,20540.41,2,1,2,Regular Customers
5321,Premium,382,4,20540.0,1,2,2,Lapsed Customers
7032,Retail,90,2,20537.74,4,1,2,New / Promising
5399,Premium,90,6,20536.56,3,3,2,Regular Customers
8495,Retail,242,5,20535.62,2,3,2,Regular Customers
4966,Retail,420,4,20535.57,1,2,2,Lapsed Customers
8824,Premium,389,3,20517.31,1,1,2,Lapsed Customers
7532,Retail,222,1,20486.24,2,1,2,Regular Customers
9050,Retail,108,2,20475.89,3,1,2,New / Promising
1299,Retail,90,6,20449.05,3,3,2,Regular Customers
7952,Retail,157,5,20435.06,2,3,2,Regular Customers
7942,Retail,90,4,20419.51,3,2,2,New / Promising
9036,Retail,356,5,20409.42,1,3,2,Regular Customers
9963,Retail,90,4,20385.38,3,2,2,New / Promising
1623,Retail,90,6,20382.74,3,3,2,Regular Customers
9652,Retail,164,4,20375.9,2,2,2,Regular Customers
8497,Retail,90,2,20375.77,4,1,2,New / Promising
964,Retail,387,3,20375.02,1,1,2,Lapsed Customers
3851,Retail,128,5,20369.49,3,3,2,Regular Customers
2121,Retail,90,3,20361.59,4,1,2,New / Promising
9246,Retail,90,2,20345.48,4,1,2,New / Promising
6952,Retail,177,4,20336.99,2,2,2,Regular Customers
145,Retail,90,4,20334.13,3,2,2,New / Promising
6858,Retail,90,4,20332.73,3,2,2,New / Promising
3376,Retail,90,5,20326.76,3,3,2,Regular Customers
7309,Retail,90,5,20322.3,3,3,2,Regular Customers
3447,Retail,90,5,20317.8,3,3,2,Regular Customers
4702,Retail,210,7,20316.04,2,4,2,Regular Customers
2273,Retail,169,6,20309.79,2,3,2,Regular Customers
7798,Retail,402,7,20303.23,1,4,2,Regular Customers
6967,Premium,90,4,20300.95,3,2,2,New / Promising
8073,Retail,90,4,20298.93,3,2,2,New / Promising
7402,Premium,90,3,20297.0,4,1,2,New / Promising
7571,Retail,90,6,20294.17,3,3,2,Regular Customers
9737,Premium,446,4,20289.17,1,2,2,Lapsed Customers
6306,Retail,316,2,20289.12,1,1,2,Lapsed Customers
3888,Retail,503,2,20287.19,1,1,2,Lapsed Customers
6592,Retail,90,4,20281.81,3,2,2,New / Promising
3483,Premium,90,2,20272.9,4,1,2,New / Promising
2802,Premium,273,4,20272.68,2,2,2,Regular Customers
1764,Retail,177,3,20272.65,2,1,2,Regular Customers
211,Retail,214,4,20267.83,2,2,2,Regular Customers
6374,Corporate,90,6,20266.96,3,3,2,Regular Customers
6335,Retail,245,5,20262.57,2,3,2,Regular Customers
595,Retail,414,5,20252.06,1,3,2,Regular Customers
3493,Retail,252,1,20251.31,2,1,2,Regular Customers
3819,Premium,247,3,20238.17,2,1,2,Regular Customers
2041,Retail,250,3,20237.36,2,1,2,Regular Customers
3491,Retail,365,7,20236.68,1,4,2,Regular Customers
3763,Retail,123,4,20230.55,3,2,2,New / Promising
6987,Retail,127,6,20227.83,3,3,2,Regular Customers
7878,Retail,132,2,20211.97,3,1,2,New / Promising
6403,Retail,408,6,20206.65,1,3,2,Regular Customers
8486,Premium,332,5,20202.41,1,3,2,Regular Customers
9920,Retail,90,5,20196.28,3,3,2,Regular Customers
575,Retail,519,4,20191.93,1,2,2,Lapsed Customers
525,Retail,401,5,20191.86,1,3,2,Regular Customers
7601,Premium,419,4,20185.44,1,2,2,Lapsed Customers
3945,Premium,392,5,20178.57,1,3,2,Regular Customers
9069,Retail,90,4,20175.34,3,2,2,New / Promising
7781,Retail,280,3,20175.12,2,1,2,Regular Customers
9346,Retail,452,3,20174.77,1,1,2,Lapsed Customers
7493,Retail,103,5,20171.29,3,3,2,Regular Customers
9218,Retail,396,6,20170.24,1,3,2,Regular Customers
2870,Retail,412,3,20168.81,1,1,2,Lapsed Customers
7070,Retail,107,2,20168.28,3,1,2,New / Promising
6654,Retail,192,3,20164.56,2,1,2,Regular Customers
3913,Retail,319,5,20161.37,1,3,2,Regular Customers
8426,Retail,281,4,20155.73,2,2,2,Regular Customers
6695,Retail,122,4,20153.34,3,2,2,New / Promising
1057,Retail,261,3,20146.98,2,1,2,Regular Customers
7083,Retail,134,3,20142.57,3,1,2,New / Promising
8412,Retail,90,3,20142.21,4,1,2,New / Promising
9526,Retail,90,5,20134.35,3,3,2,Regular Customers
2337,Retail,168,2,20121.36,2,1,2,Regular Customers
6812,Retail,90,4,20113.8,3,2,2,New / Promising
9376,Retail,222,5,20107.72,2,3,2,Regular Customers
9596,Retail,248,2,20107.72,2,1,2,Regular Customers
1973,Retail,248,5,20104.9,2,3,2,Regular Customers
2390,Retail,90,4,20102.45,3,2,2,New / Promising
3183,Retail,99,5,20079.49,3,3,2,Regular Customers
382,Retail,90,2,20079.03,4,1,2,New / Promising
385,Retail,480,3,20077.19,1,1,2,Lapsed Customers
5323,Retail,90,4,20046.27,3,2,2,New / Promising
8944,Retail,349,5,20041.97,1,3,2,Regular Customers
3943,Retail,90,3,20040.06,4,1,2,New / Promising
2855,Retail,90,6,20036.02,3,3,2,Regular Customers
6881,Retail,90,6,20033.61,3,3,2,Regular Customers
2556,Premium,449,4,20027.97,1,2,2,Lapsed Customers
985,Retail,186,3,20003.01,2,1,2,Regular Customers
7969,Retail,343,3,20001.28,1,1,2,Lapsed Customers
3344,Retail,178,4,19992.51,2,2,2,Regular Customers
9124,Retail,109,4,19965.93,3,2,2,New / Promising
1055,Retail,90,3,19951.67,4,1,2,New / Promising
6279,Retail,246,4,19944.71,2,2,2,Regular Customers
6177,Retail,189,4,19940.08,2,2,2,Regular Customers
2789,Retail,285,5,19933.25,1,3,2,Regular Customers
1860,Retail,90,4,19931.19,3,2,2,New / Promising
4547,Retail,90,4,19928.32,3,2,2,New / Promising
1959,Retail,90,3,19924.5,4,1,2,New / Promising
7993,Retail,161,3,19920.07,2,1,2,Regular Customers
2615,Retail,384,5,19917.94,1,3,2,Regular Customers
6019,Retail,90,5,19917.74,3,3,2,Regular Customers
1282,Retail,90,4,19915.32,3,2,2,New / Promising
2535,Retail,90,2,19913.7,4,1,2,New / Promising
7271,Premium,292,5,19912.3,1,3,2,Regular Customers
8231,Retail,384,4,19910.65,1,2,2,Lapsed Customers
1567,Retail,90,3,19909.44,4,1,2,New / Promising
1613,Retail,90,3,19906.21,4,1,2,New / Promising
2836,Retail,90,6,19902.93,3,3,2,Regular Customers
6758,Retail,144,4,19884.1,2,2,2,Regular Customers
5819,Retail,90,5,19878.93,3,3,2,Regular Customers
3504,Retail,214,4,19878.7,2,2,2,Regular Customers
1071,Premium,90,3,19878.2,4,1,2,New / Promising
1141,Retail,90,5,19876.62,3,3,2,Regular Customers
5795,Retail,392,1,19872.61,1,1,2,Lapsed Customers
9243,Premium,167,4,19871.78,2,2,2,Regular Customers
1708,Retail,90,4,19863.45,3,2,2,New / Promising
3837,Retail,139,5,19859.88,3,3,2,Regular Customers
1172,Retail,90,3,19859.68,4,1,2,New / Promising
6776,Retail,90,2,19848.07,4,1,2,New / Promising
1039,Retail,90,6,19842.59,3,3,2,Regular Customers
3532,Retail,467,8,19840.94,1,4,2,Regular Customers
9577,Retail,167,5,19833.12,2,3,2,Regular Customers
9582,Retail,90,4,19826.49,3,2,2,New / Promising
3622,Retail,109,5,19824.97,3,3,2,Regular Customers
6870,Retail,477,3,19811.32,1,1,2,Lapsed Customers
2635,Retail,448,1,19799.62,1,1,2,Lapsed Customers
5519,Retail,90,5,19797.25,3,3,2,Regular Customers
5120,Retail,321,5,19794.5,1,3,2,Regular Customers
6668,Premium,90,4,19787.51,3,2,2,New / Promising
8280,Retail,90,3,19778.11,4,1,2,New / Promising
1165,Premium,297,4,19774.58,1,2,2,Lapsed Customers
8429,Retail,267,3,19772.86,2,1,2,Regular Customers
3731,Retail,94,4,19766.64,3,2,2,New / Promising
4375,Retail,234,4,19761.24,2,2,2,Regular Customers
7572,Premium,90,4,19759.74,3,2,2,New / Promising
1773,Retail,241,4,19758.9,2,2,2,Regular Customers
542,Retail,180,2,19758.47,2,1,2,Regular Customers
1475,Retail,90,4,19757.16,3,2,2,New / Promising
768,Retail,311,6,19743.56,1,3,2,Regular Customers
8289,Retail,327,4,19733.0,1,2,2,Lapsed Customers
8692,Retail,90,3,19731.07,4,1,2,New / Promising
2980,Retail,90,6,19703.85,3,3,2,Regular Customers
3751,Premium,90,2,19703.5,4,1,2,New / Promising
4691,Retail,470,4,19703.36,1,2,2,Lapsed Customers
9709,Retail,90,5,19696.93,3,3,2,Regular Customers
5516,Retail,90,5,19686.96,3,3,2,Regular Customers
4912,Retail,90,3,19685.3,4,1,2,New / Promising
1749,Retail,90,4,19679.61,3,2,2,New / Promising
3719,Retail,102,2,19676.53,3,1,2,New / Promising
4616,Retail,231,3,19672.33,2,1,2,Regular Customers
2227,Retail,90,3,19660.75,4,1,2,New / Promising
646,Retail,350,4,19660.31,1,2,2,Lapsed Customers
8868,Premium,347,5,19659.84,1,3,2,Regular Customers
66,Retail,330,4,19653.9,1,2,2,Lapsed Customers
3931,Retail,211,2,19653.77,2,1,2,Regular Customers
8424,Retail,316,4,19653.14,1,2,2,Lapsed Customers
9496,Retail,90,6,19647.28,3,3,2,Regular Customers
2385,Retail,257,4,19640.05,2,2,2,Regular Customers
292,Retail,273,2,19634.74,2,1,2,Regular Customers
2250,Retail,103,4,19629.42,3,2,2,New / Promising
4012,Retail,90,4,19627.23,3,2,2,New / Promising
9817,Premium,140,5,19621.17,3,3,2,Regular Customers
7991,Retail,475,6,19620.27,1,3,2,Regular Customers
1534,Retail,90,4,19619.76,3,2,2,New / Promising
3709,Retail,295,3,19614.05,1,1,2,Lapsed Customers
5582,Retail,90,4,19598.26,3,2,2,New / Promising
4152,Retail,328,5,19595.63,1,3,2,Regular Customers
8103,Retail,342,3,19591.34,1,1,2,Lapsed Customers
2699,Retail,243,2,19588.46,2,1,2,Regular Customers
4972,Retail,336,4,19575.06,1,2,2,Lapsed Customers
9037,Premium,285,3,19568.19,1,1,2,Lapsed Customers
8086,Premium,90,4,19561.44,3,2,2,New / Promising
8284,Retail,90,7,19556.84,4,4,2,Regular Customers
1216,Retail,372,5,19553.09,1,3,2,Regular Customers
1634,Retail,90,5,19547.77,3,3,2,Regular Customers
3288,Premium,276,5,19546.75,2,3,2,Regular Customers
6274,Retail,90,6,19542.39,3,3,2,Regular Customers
7167,Retail,217,5,19538.93,2,3,2,Regular Customers
6044,Retail,177,4,19536.62,2,2,2,Regular Customers
5903,Retail,295,2,19534.16,1,1,2,Lapsed Customers
3304,Retail,371,3,19529.67,1,1,2,Lapsed Customers
2108,Retail,395,3,19525.09,1,1,2,Lapsed Customers
9955,Premium,319,2,19522.61,1,1,2,Lapsed Customers
5515,Premium,309,2,19517.25,1,1,2,Lapsed Customers
4057,Retail,90,4,19504.69,3,2,2,New / Promising
4679,Retail,98,4,19503.56,3,2,2,New / Promising
9157,Premium,118,2,19496.83,3,1,2,New / Promising
1084,Retail,90,7,19491.2,4,4,2,Regular Customers
7222,Retail,90,5,19487.49,3,3,2,Regular Customers
4760,Retail,90,1,19484.38,4,1,2,New / Promising
6485,Retail,90,4,19481.67,3,2,2,New / Promising
7120,Retail,115,4,19477.9,3,2,2,New / Promising
3227,Retail,220,5,19471.52,2,3,2,Regular Customers
6467,Retail,104,6,19468.32,3,3,2,Regular Customers
1117,Retail,90,4,19468.25,3,2,2,New / Promising
6941,Retail,90,8,19462.92,4,4,2,Regular Customers
6376,Retail,90,3,19455.52,4,1,2,New / Promising
3461,Premium,138,5,19454.72,3,3,2,Regular Customers
4231,Retail,215,5,19453.15,2,3,2,Regular Customers
6722,Retail,90,6,19440.56,3,3,2,Regular Customers
815,Retail,122,6,19437.67,3,3,2,Regular Customers
1596,Retail,149,6,19433.17,2,3,2,Regular Customers
5969,Retail,225,5,19432.81,2,3,2,Regular Customers
6246,Retail,308,7,19416.74,1,4,2,Regular Customers
4286,Retail,90,2,19413.18,3,1,2,New / Promising
4310,Retail,90,3,19412.53,4,1,2,New / Promising
3560,Premium,203,5,19403.48,2,3,2,Regular Customers
5498,Retail,242,3,19402.44,2,1,2,Regular Customers
2822,Retail,90,3,19396.25,4,1,2,New / Promising
9933,Premium,468,3,19390.99,1,1,2,Lapsed Customers
337,Retail,90,3,19390.27,4,1,2,New / Promising
2257,Retail,90,3,19386.38,4,1,2,New / Promising
9016,Retail,388,3,19377.31,1,1,2,Lapsed Customers
3561,Retail,431,2,19363.58,1,1,2,Lapsed Customers
2975,Premium,114,3,19355.85,3,1,2,New / Promising
500,Retail,118,3,19354.88,3,1,2,New / Promising
2909,Retail,509,4,19352.88,1,2,2,Lapsed Customers
8628,Retail,90,3,19347.36,4,1,2,New / Promising
1163,Retail,125,1,19346.08,3,1,2,New / Promising
7668,Retail,318,3,19344.53,1,1,2,Lapsed Customers
8261,Retail,90,4,19342.2,3,2,2,New / Promising
8515,Retail,108,5,19332.25,3,3,2,Regular Customers
9108,Retail,90,4,19329.92,3,2,2,New / Promising
3796,Retail,202,4,19327.42,2,2,2,Regular Customers
4452,Retail,224,6,19319.47,2,3,2,Regular Customers
6506,Retail,393,6,19318.44,1,3,2,Regular Customers
3586,Retail,178,5,19306.23,2,3,2,Regular Customers
4315,Retail,91,5,19306.08,3,3,2,Regular Customers
9531,Retail,190,2,19305.85,2,1,2,Regular Customers
8937,Premium,90,4,19304.36,3,2,2,New / Promising
8636,Retail,90,4,19303.85,3,2,2,New / Promising
7560,Retail,90,3,19298.69,4,1,2,New / Promising
248,Retail,256,4,19298.52,2,2,2,Regular Customers
6223,Retail,90,3,19298.43,4,1,2,New / Promising
6456,Retail,408,4,19288.68,1,2,2,Lapsed Customers
6428,Retail,234,2,19287.84,2,1,2,Regular Customers
9829,Retail,90,5,19285.91,3,3,2,Regular Customers
7857,Retail,434,4,19282.22,1,2,2,Lapsed Customers
1765,Retail,99,4,19280.61,3,2,2,New / Promising
4408,Retail,363,5,19277.72,1,3,2,Regular Customers
1619,Retail,168,4,19273.64,2,2,2,Regular Customers
667,Retail,90,5,19272.9,3,3,2,Regular Customers
4844,Retail,417,5,19272.01,1,3,2,Regular Customers
9992,Retail,90,3,19258.27,4,1,2,New / Promising
2833,Retail,90,3,19256.64,4,1,2,New / Promising
8268,Retail,90,5,19252.6,3,3,2,Regular Customers
3858,Corporate,511,4,19240.7,1,2,2,Lapsed Customers
9536,Retail,117,2,19231.17,3,1,2,New / Promising
909,Retail,340,5,19227.97,1,3,2,Regular Customers
112,Retail,90,2,19226.21,4,1,2,New / Promising
9654,Retail,426,7,19217.43,1,4,2,Regular Customers
4072,Retail,90,5,19213.55,3,3,2,Regular Customers
7027,Premium,373,3,19204.43,1,1,2,Lapsed Customers
4711,Premium,316,2,19192.17,1,1,2,Lapsed Customers
3704,Retail,90,3,19192.01,4,1,2,New / Promising
8039,Retail,135,5,19189.99,3,3,2,Regular Customers
5183,Retail,90,6,19189.75,3,3,2,Regular Customers
8111,Retail,410,6,19188.19,1,3,2,Regular Customers
8444,Premium,586,3,19187.4,1,1,2,Lapsed Customers
4803,Retail,225,5,19183.78,2,2,2,Regular Customers
3015,Retail,171,5,19183.11,2,2,2,Regular Customers
2474,Retail,427,4,19168.57,1,2,2,Lapsed Customers
5490,Retail,312,2,19152.63,1,1,2,Lapsed Customers
2788,Premium,408,3,19139.79,1,1,2,Lapsed Customers
8921,Premium,90,3,19131.65,4,1,2,New / Promising
7241,Retail,213,1,19125.74,2,1,2,Regular Customers
5760,Premium,472,4,19110.04,1,2,2,Lapsed Customers
1419,Premium,90,3,19105.58,4,1,2,New / Promising
1903,Retail,132,2,19103.94,3,1,2,New / Promising
3958,Retail,112,5,19097.08,3,2,2,New / Promising
1074,Retail,283,5,19093.4,2,2,2,Regular Customers
1260,Retail,170,5,19091.57,2,2,2,Regular Customers
6029,Retail,205,4,19083.72,2,2,2,Regular Customers
2304,Retail,90,4,19083.07,3,2,2,New / Promising
5229,Retail,90,6,19081.42,3,3,2,Regular Customers
4884,Retail,102,6,19078.98,3,3,2,Regular Customers
7675,Retail,90,5,19072.82,3,2,2,New / Promising
54,Retail,210,5,19067.42,2,2,2,Regular Customers
6677,Retail,90,2,19062.31,4,1,2,New / Promising
3142,Retail,90,3,19052.13,4,1,2,New / Promising
7188,Retail,316,5,19048.62,1,2,2,Lapsed Customers
4676,Retail,90,5,19042.64,3,2,2,New / Promising
9583,Retail,90,1,19038.65,4,1,2,New / Promising
9209,Retail,188,4,19038.49,2,2,2,Regular Customers
8750,Retail,90,4,19032.98,3,2,2,New / Promising
6839,Retail,308,6,19025.25,1,3,2,Regular Customers
9461,Retail,312,5,19022.29,1,2,2,Lapsed Customers
9444,Retail,90,5,19015.27,3,2,2,New / Promising
4462,Retail,416,2,19012.86,1,1,2,Lapsed Customers
1743,Retail,333,2,19010.5,1,1,2,Lapsed Customers
3409,Premium,90,3,19007.44,4,1,2,New / Promising
5869,Retail,90,4,19001.45,3,2,2,New / Promising
8557,Retail,90,6,18996.56,3,3,2,Regular Customers
4021,Retail,432,4,18994.36,1,2,2,Lapsed Customers
1479,Retail,90,5,18990.77,3,2,2,New / Promising
6513,Retail,250,4,18986.53,2,2,2,Regular Customers
8845,Premium,90,5,18982.9,3,2,2,New / Promising
2215,Premium,524,5,18980.59,1,2,2,Lapsed Customers
4587,Retail,214,4,18973.39,2,2,2,Regular Customers
4241,Retail,90,7,18964.94,4,4,2,Regular Customers
8279,Retail,253,3,18963.51,2,1,2,Regular Customers
3971,Premium,141,4,18951.72,3,2,2,New / Promising
7424,Retail,90,6,18948.68,3,3,2,Regular Customers
5762,Retail,412,5,18943.86,1,2,2,Lapsed Customers
3196,Retail,122,3,18930.38,3,1,2,New / Promising
5219,Retail,90,3,18925.41,4,1,2,New / Promising
3449,Retail,221,2,18923.52,2,1,2,Regular Customers
8561,Retail,126,1,18904.99,3,1,2,New / Promising
4823,Retail,90,4,18900.67,3,2,2,New / Promising
34,Retail,272,4,18895.01,2,2,2,Regular Customers
6367,Retail,90,5,18893.08,3,2,2,New / Promising
4958,Retail,383,5,18882.4,1,2,2,Lapsed Customers
4905,Retail,454,4,18877.18,1,2,2,Lapsed Customers
5453,Premium,90,5,18876.87,3,2,2,New / Promising
1996,Premium,185,4,18874.43,2,2,2,Regular Customers
9110,Retail,148,4,18867.73,2,2,2,Regular Customers
755,Retail,170,1,18866.09,2,1,2,Regular Customers
8299,Retail,334,4,18865.34,1,2,2,Lapsed Customers
2093,Premium,90,5,18861.74,3,2,2,New / Promising
6068,Retail,260,5,18860.12,2,2,2,Regular Customers
7431,Retail,90,4,18857.42,3,2,2,New / Promising
2008,Retail,109,5,18854.0,3,2,2,New / Promising
2463,Retail,200,6,18837.31,2,3,2,Regular Customers
1719,Retail,377,5,18829.4,1,2,2,Lapsed Customers
8134,Retail,454,5,18823.45,1,2,2,Lapsed Customers
3320,Retail,510,3,18812.16,1,1,2,Lapsed Customers
2420,Retail,321,3,18808.73,1,1,2,Lapsed Customers
4774,Retail,90,3,18804.03,4,1,2,New / Promising
6129,Retail,90,7,18803.94,4,4,2,Regular Customers
9911,Retail,90,5,18797.22,3,2,2,New / Promising
2303,Premium,161,1,18796.55,2,1,2,Regular Customers
1835,Retail,332,3,18792.7,1,1,2,Lapsed Customers
1004,Retail,90,3,18787.52,4,1,2,New / Promising
401,Retail,90,6,18775.49,3,3,2,Regular Customers
1639,Premium,272,5,18775.47,2,2,2,Regular Customers
1175,Retail,449,4,18762.09,1,2,2,Lapsed Customers
3482,Retail,300,3,18760.64,1,1,2,Lapsed Customers
7873,Retail,133,3,18756.82,3,1,2,New / Promising
3566,Retail,453,6,18754.48,1,3,2,Regular Customers
1448,Retail,90,6,18744.68,3,3,2,Regular Customers
6437,Retail,90,3,18739.87,4,1,2,New / Promising
9191,Retail,404,4,18729.73,1,2,2,Lapsed Customers
8419,Retail,90,3,18729.15,4,1,2,New / Promising
8445,Retail,200,5,18726.86,2,2,2,Regular Customers
5748,Premium,282,6,18726.58,2,3,2,Regular Customers
5312,Retail,90,6,18724.75,3,3,2,Regular Customers
626,Retail,188,3,18720.8,2,1,2,Regular Customers
61,Retail,90,2,18710.32,3,1,2,New / Promising
6644,Retail,379,4,18706.73,1,2,2,Lapsed Customers
3084,Retail,446,5,18689.4,1,2,2,Lapsed Customers
29,Retail,90,3,18685.61,4,1,2,New / Promising
4700,Retail,232,4,18681.28,2,2,2,Regular Customers
108,Retail,175,4,18673.3,2,2,2,Regular Customers
2809,Corporate,90,4,18656.46,3,2,2,New / Promising
4428,Retail,311,3,18656.12,1,1,2,Lapsed Customers
3808,Premium,403,3,18650.92,1,1,2,Lapsed Customers
7841,Retail,359,2,18649.94,1,1,2,Lapsed Customers
8446,Retail,176,5,18633.21,2,2,2,Regular Customers
1167,Retail,302,5,18631.58,1,2,2,Lapsed Customers
1833,Retail,133,5,18623.63,3,2,2,New / Promising
8718,Retail,98,4,18619.4,3,2,2,New / Promising
1685,Retail,404,6,18616.75,1,3,2,Regular Customers
3299,Retail,212,6,18615.56,2,3,2,Regular Customers
9281,Retail,259,6,18613.47,2,3,2,Regular Customers
6097,Retail,90,2,18611.88,4,1,2,New / Promising
6235,Premium,90,5,18609.68,3,2,2,New / Promising
4297,Retail,90,4,18608.59,3,2,2,New / Promising
2982,Premium,433,5,18598.82,1,2,2,Lapsed Customers
5202,Premium,94,3,18588.35,3,1,2,New / Promising
8300,Retail,332,3,18584.67,1,1,2,Lapsed Customers
2283,Retail,341,4,18577.72,1,2,2,Lapsed Customers
4842,Retail,485,2,18574.46,1,1,2,Lapsed Customers
3691,Retail,395,4,18570.34,1,2,2,Lapsed Customers
2726,Retail,139,4,18565.62,3,2,2,New / Promising
3138,Retail,90,5,18547.55,3,2,2,New / Promising
3286,Retail,273,2,18544.71,2,1,2,Regular Customers
1726,Retail,90,4,18543.03,3,2,2,New / Promising
3260,Retail,100,3,18542.61,3,1,2,New / Promising
2359,Retail,99,3,18530.76,3,1,2,New / Promising
478,Retail,339,5,18526.95,1,2,2,Lapsed Customers
1099,Retail,391,5,18526.67,1,2,2,Lapsed Customers
4198,Retail,369,5,18525.77,1,2,2,Lapsed Customers
920,Retail,90,4,18523.36,3,2,2,New / Promising
6530,Retail,192,2,18522.4,2,1,2,Regular Customers
4458,Retail,514,4,18521.33,1,2,2,Lapsed Customers
6716,Premium,227,6,18515.44,2,3,2,Regular Customers
8847,Premium,441,4,18514.56,1,2,2,Lapsed Customers
8138,Retail,90,3,18511.35,4,1,2,New / Promising
840,Retail,90,2,18509.47,4,1,2,New / Promising
178,Retail,314,5,18506.63,1,2,2,Lapsed Customers
5500,Premium,438,5,18506.61,1,2,2,Lapsed Customers
3965,Retail,238,7,18500.97,2,4,2,Regular Customers
5639,Retail,458,3,18491.65,1,1,2,Lapsed Customers
4942,Retail,90,4,18484.2,3,2,2,New / Promising
4427,Retail,279,2,18483.25,2,1,2,Regular Customers
534,Retail,110,6,18481.59,3,3,2,Regular Customers
7638,Premium,90,4,18478.42,3,2,2,New / Promising
8804,Retail,220,4,18461.4,2,2,2,Regular Customers
6365,Retail,90,2,18452.96,4,1,2,New / Promising
4389,Retail,100,3,18444.19,3,1,2,New / Promising
306,Retail,236,4,18439.7,2,2,2,Regular Customers
4236,Retail,245,3,18436.3,2,1,2,Regular Customers
1848,Retail,339,3,18430.62,1,1,2,Lapsed Customers
1823,Retail,388,5,18415.47,1,2,2,Lapsed Customers
702,Retail,107,3,18409.9,3,1,2,New / Promising
2094,Premium,201,3,18405.58,2,1,2,Regular Customers
2226,Retail,266,5,18402.95,2,2,2,Regular Customers
7226,Retail,90,3,18401.82,4,1,2,New / Promising
3764,Retail,90,3,18389.6,4,1,2,New / Promising
4062,Premium,270,5,18387.67,2,2,2,Regular Customers
8047,Retail,260,5,18381.4,2,2,2,Regular Customers
5807,Retail,90,3,18375.78,4,1,2,New / Promising
7074,Retail,215,4,18367.37,2,2,2,Regular Customers
2610,Premium,90,3,18366.06,4,1,2,New / Promising
2943,Retail,156,3,18364.15,2,1,2,Regular Customers
4709,Premium,117,4,18352.1,3,2,2,New / Promising
1662,Premium,90,4,18347.99,3,2,2,New / Promising
5192,Retail,90,3,18346.69,4,1,2,New / Promising
6312,Retail,90,1,18346.04,3,1,2,New / Promising
8650,Retail,431,7,18344.14,1,4,2,Regular Customers
9752,Retail,279,4,18336.82,2,2,2,Regular Customers
9896,Premium,166,5,18335.18,2,2,2,Regular Customers
1399,Retail,458,3,18329.02,1,1,2,Lapsed Customers
1463,Premium,534,6,18326.82,1,3,2,Regular Customers
6269,Retail,175,2,18324.07,2,1,2,Regular Customers
7551,Retail,286,5,18322.1,1,2,2,Lapsed Customers
9691,Premium,220,5,18321.82,2,2,2,Regular Customers
9603,Retail,248,4,18318.8,2,2,2,Regular Customers
440,Retail,360,2,18313.37,1,1,2,Lapsed Customers
7579,Retail,90,3,18313.25,4,1,2,New / Promising
4570,Retail,272,2,18304.57,2,1,2,Regular Customers
8196,Retail,256,3,18301.54,2,1,2,Regular Customers
4778,Retail,205,5,18294.26,2,2,2,Regular Customers
6863,Premium,150,4,18290.57,2,2,2,Regular Customers
5876,Retail,345,2,18290.06,1,1,2,Lapsed Customers
2302,Retail,241,3,18289.56,2,1,2,Regular Customers
2073,Retail,250,6,18284.33,2,3,2,Regular Customers
601,Retail,257,3,18271.57,2,1,2,Regular Customers
7825,Retail,90,3,18250.06,4,1,2,New / Promising
8242,Retail,90,4,18242.37,3,2,2,New / Promising
3318,Premium,122,5,18240.67,3,2,2,New / Promising
1640,Retail,419,5,18232.55,1,2,2,Lapsed Customers
202,Retail,90,4,18229.38,3,2,2,New / Promising
2853,Retail,235,3,18229.24,2,1,2,Regular Customers
5389,Retail,163,5,18227.88,2,2,2,Regular Customers
9831,Retail,287,4,18226.5,1,2,2,Lapsed Customers
6300,Retail,424,2,18222.52,1,1,2,Lapsed Customers
3900,Retail,90,2,18218.86,4,1,2,New / Promising
1785,Retail,217,2,18209.27,2,1,2,Regular Customers
9500,Premium,314,4,18209.17,1,2,2,Lapsed Customers
3025,Retail,275,1,18202.54,2,1,2,Regular Customers
7121,Retail,90,5,18201.89,3,2,2,New / Promising
8296,Retail,90,2,18201.87,4,1,2,New / Promising
2597,Retail,289,3,18200.31,1,1,2,Lapsed Customers
9850,Retail,297,2,18200.01,1,1,2,Lapsed Customers
9760,Retail,232,5,18187.29,2,2,2,Regular Customers
7151,Retail,216,4,18185.31,2,2,2,Regular Customers
203,Retail,344,4,18182.79,1,2,2,Lapsed Customers
9420,Retail,422,3,18180.86,1,1,2,Lapsed Customers
4200,Retail,236,3,18180.2,2,1,2,Regular Customers
2741,Retail,237,5,18163.01,2,2,2,Regular Customers
2431,Premium,510,5,18160.67,1,2,2,Lapsed Customers
7765,Retail,305,3,18152.36,1,1,2,Lapsed Customers
3776,Retail,230,4,18151.89,2,2,2,Regular Customers
1209,Retail,449,3,18151.19,1,1,2,Lapsed Customers
600,Retail,90,4,18146.43,3,2,2,New / Promising
341,Retail,90,4,18140.96,3,2,2,New / Promising
7665,Retail,125,4,18140.26,3,2,2,New / Promising
5738,Retail,90,5,18138.8,3,2,2,New / Promising
7001,Retail,90,4,18130.86,3,2,2,New / Promising
496,Retail,310,5,18117.41,1,2,2,Lapsed Customers
8503,Retail,90,4,18116.12,3,2,2,New / Promising
6148,Retail,90,3,18114.77,4,1,2,New / Promising
5739,Premium,184,3,18114.24,2,1,2,Regular Customers
9759,Retail,90,4,18109.49,3,2,2,New / Promising
2598,Premium,90,4,18103.44,3,2,2,New / Promising
3841,Retail,90,4,18096.3,3,2,2,New / Promising
6231,Retail,282,2,18092.9,2,1,2,Regular Customers
7184,Retail,327,7,18088.81,1,4,2,Regular Customers
2049,Retail,90,3,18086.06,4,1,2,New / Promising
7023,Retail,157,4,18080.98,2,2,2,Regular Customers
8469,Retail,191,3,18075.42,2,1,2,Regular Customers
3085,Retail,164,6,18075.36,2,3,2,Regular Customers
8032,Retail,273,5,18073.36,2,2,2,Regular Customers
5382,Retail,90,3,18069.24,4,1,2,New / Promising
2253,Premium,393,5,18068.9,1,2,2,Lapsed Customers
92,Premium,90,3,18068.44,4,1,2,New / Promising
7682,Retail,90,2,18067.49,4,1,2,New / Promising
2797,Retail,90,4,18054.48,3,2,2,New / Promising
8588,Premium,229,3,18046.35,2,1,2,Regular Customers
430,Retail,90,5,18020.02,3,2,2,New / Promising
3962,Retail,90,4,18011.79,3,2,2,New / Promising
9816,Retail,392,3,18001.06,1,2,2,Lapsed Customers
7029,Retail,108,5,17991.67,3,2,2,New / Promising
4949,Retail,258,4,17982.2,2,2,2,Regular Customers
6449,Retail,428,2,17978.14,1,1,2,Lapsed Customers
773,Retail,507,4,17977.09,1,2,2,Lapsed Customers
9879,Retail,190,3,17971.42,2,2,2,Regular Customers
7559,Retail,217,7,17966.22,2,4,2,Regular Customers
9101,Retail,287,3,17950.63,1,2,2,Lapsed Customers
6843,Retail,90,3,17942.0,4,2,2,New / Promising
234,Retail,90,4,17941.16,3,2,2,New / Promising
2477,Retail,330,4,17923.7,1,2,2,Lapsed Customers
3853,Retail,515,5,17908.31,1,2,2,Lapsed Customers
7994,Retail,311,4,17906.82,1,2,2,Lapsed Customers
1402,Retail,116,4,17898.59,3,2,2,New / Promising
7916,Corporate,90,5,17896.12,3,2,2,New / Promising
3361,Retail,116,3,17881.13,3,2,2,New / Promising
6053,Premium,386,4,17880.4,1,2,2,Lapsed Customers
7678,Retail,90,6,17878.66,3,3,2,Regular Customers
3199,Retail,90,6,17872.11,3,3,2,Regular Customers
6314,Retail,362,3,17868.3,1,2,2,Lapsed Customers
4246,Retail,305,4,17867.37,1,2,2,Lapsed Customers
2574,Retail,157,4,17852.02,2,2,2,Regular Customers
6307,Retail,90,4,17849.22,3,2,2,New / Promising
1082,Retail,90,5,17830.89,3,2,2,New / Promising
7328,Retail,91,4,17811.95,3,2,2,New / Promising
6553,Retail,272,5,17804.28,2,2,2,Regular Customers
7302,Retail,362,2,17802.14,1,1,2,Lapsed Customers
598,Retail,90,4,17793.96,3,2,2,New / Promising
4366,Retail,90,7,17780.62,4,4,2,Regular Customers
6064,Retail,557,4,17780.19,1,2,2,Lapsed Customers
1384,Premium,90,3,17775.73,4,2,2,New / Promising
4914,Retail,90,3,17769.74,4,2,2,New / Promising
4785,Retail,90,6,17766.44,3,3,2,Regular Customers
4042,Retail,201,1,17756.14,2,1,2,Regular Customers
7967,Retail,378,5,17753.09,1,2,2,Lapsed Customers
1221,Retail,90,4,17752.49,3,2,2,New / Promising
8550,Retail,218,2,17751.37,2,1,2,Regular Customers
2550,Retail,233,5,17748.38,2,2,2,Regular Customers
311,Retail,90,6,17748.3,3,3,2,Regular Customers
6262,Premium,90,6,17731.88,3,3,2,Regular Customers
5890,Retail,90,4,17708.28,3,2,2,New / Promising
431,Retail,185,5,17695.76,2,2,2,Regular Customers
3166,Retail,390,3,17695.02,1,2,2,Lapsed Customers
6741,Retail,387,3,17684.18,1,2,2,Lapsed Customers
229,Retail,90,4,17678.99,3,2,2,New / Promising
2653,Retail,90,4,17677.09,3,2,2,New / Promising
7996,Retail,204,5,17676.12,2,2,2,Regular Customers
4400,Retail,90,4,17675.3,3,2,2,New / Promising
7040,Retail,90,5,17671.18,3,2,2,New / Promising
4324,Retail,142,4,17670.03,2,2,2,Regular Customers
2706,Retail,114,5,17662.99,3,2,2,New / Promising
9645,Retail,292,5,17662.42,1,2,2,Lapsed Customers
7415,Retail,275,6,17657.57,2,3,2,Regular Customers
1363,Retail,273,3,17655.76,2,2,2,Regular Customers
7338,Retail,227,2,17649.88,2,1,2,Regular Customers
659,Retail,462,4,17647.83,1,2,2,Lapsed Customers
1010,Premium,331,3,17646.03,1,2,2,Lapsed Customers
3127,Retail,90,2,17640.07,4,1,2,New / Promising
5679,Retail,90,5,17638.38,3,2,2,New / Promising
9692,Retail,96,2,17626.52,3,1,2,New / Promising
5714,Retail,137,3,17622.26,3,2,2,New / Promising
9624,Premium,90,7,17621.58,4,4,2,Regular Customers
9863,Retail,90,3,17618.69,4,2,2,New / Promising
8551,Retail,90,4,17615.24,3,2,2,New / Promising
314,Retail,228,7,17610.01,2,4,2,Regular Customers
2229,Retail,90,5,17602.33,3,2,2,New / Promising
1274,Retail,211,4,17599.39,2,2,2,Regular Customers
8849,Premium,414,4,17598.16,1,2,2,Lapsed Customers
824,Retail,260,4,17593.15,2,2,2,Regular Customers
9032,Retail,209,3,17585.92,2,2,2,Regular Customers
950,Retail,269,3,17581.93,2,2,2,Regular Customers
6966,Retail,90,3,17580.06,4,2,2,New / Promising
9156,Premium,546,5,17549.78,1,2,2,Lapsed Customers
6468,Retail,339,2,17546.8,1,1,2,Lapsed Customers
5517,Retail,245,6,17538.35,2,3,2,Regular Customers
9841,Retail,90,3,17535.05,4,2,2,New / Promising
765,Retail,282,6,17532.08,2,3,2,Regular Customers
7831,Retail,90,5,17529.76,3,2,2,New / Promising
2134,Retail,286,1,17521.55,1,1,2,Lapsed Customers
1064,Retail,142,2,17519.91,2,1,2,Regular Customers
9897,Retail,198,4,17516.84,2,2,2,Regular Customers
4615,Retail,90,6,17515.23,3,3,2,Regular Customers
6124,Retail,141,3,17508.21,3,2,2,New / Promising
4192,Retail,334,4,17501.92,1,2,2,Lapsed Customers
2389,Retail,90,5,17500.1,3,2,2,New / Promising
387,Retail,398,6,17496.46,1,3,2,Regular Customers
8123,Retail,90,3,17495.82,4,2,2,New / Promising
1083,Retail,90,3,17494.14,4,2,2,New / Promising
9406,Premium,370,2,17493.88,1,1,2,Lapsed Customers
7744,Retail,368,6,17490.69,1,3,2,Regular Customers
3386,Retail,297,3,17485.76,1,2,2,Lapsed Customers
5408,Retail,90,4,17481.74,3,2,2,New / Promising
7641,Retail,90,2,17474.7,4,1,2,New / Promising
2888,Retail,352,4,17473.16,1,2,2,Lapsed Customers
1032,Retail,505,2,17470.29,1,1,2,Lapsed Customers
7264,Retail,90,3,17462.28,4,2,2,New / Promising
9895,Retail,247,2,17443.13,2,1,2,Regular Customers
5641,Retail,90,4,17424.86,3,2,2,New / Promising
5017,Retail,154,6,17423.92,2,3,2,Regular Customers
3426,Retail,90,2,17418.89,4,1,2,New / Promising
637,Retail,273,5,17418.17,2,2,2,Regular Customers
5645,Retail,90,4,17415.73,3,2,2,New / Promising
9112,Retail,90,4,17414.64,3,2,2,New / Promising
691,Retail,90,4,17413.73,3,2,2,New / Promising
5415,Retail,90,3,17409.87,4,2,2,New / Promising
8060,Retail,90,3,17399.2,4,2,2,New / Promising
6600,Retail,303,8,17399.01,1,4,2,Regular Customers
2031,Retail,120,3,17378.33,3,2,2,New / Promising
5767,Retail,90,5,17374.36,3,2,2,New / Promising
606,Retail,90,4,17369.16,3,2,2,New / Promising
8096,Retail,339,3,17367.79,1,2,2,Lapsed Customers
5147,Retail,282,3,17356.65,2,2,2,Regular Customers
2604,Retail,169,2,17349.56,2,1,2,Regular Customers
9964,Corporate,325,3,17348.63,1,2,2,Lapsed Customers
3078,Retail,90,5,17347.57,3,2,2,New / Promising
6185,Retail,90,5,17342.2,3,2,2,New / Promising
1131,Retail,336,3,17338.69,1,2,2,Lapsed Customers
8567,Retail,148,2,17337.07,2,1,2,Regular Customers
7850,Retail,126,4,17336.73,3,2,2,New / Promising
615,Retail,101,7,17331.33,3,4,2,Regular Customers
3650,Retail,90,4,17328.82,3,2,2,New / Promising
6109,Retail,124,3,17320.28,3,2,2,New / Promising
9137,Retail,124,4,17318.83,3,2,2,New / Promising
2245,Retail,90,2,17308.02,4,1,2,New / Promising
315,Retail,474,4,17307.94,1,2,2,Lapsed Customers
1645,Retail,431,3,17307.93,1,2,2,Lapsed Customers
2301,Retail,413,1,17294.39,1,1,2,Lapsed Customers
1761,Retail,277,3,17291.18,2,2,2,Regular Customers
4086,Retail,90,3,17290.34,4,2,2,New / Promising
1583,Premium,284,3,17279.8,2,2,2,Regular Customers
5536,Retail,90,5,17270.31,3,2,2,New / Promising
6874,Retail,346,3,17263.09,1,2,2,Lapsed Customers
4845,Retail,245,3,17260.89,2,2,2,Regular Customers
2487,Retail,114,3,17260.53,3,2,2,New / Promising
2991,Retail,218,5,17256.24,2,2,2,Regular Customers
7386,Retail,548,4,17248.67,1,2,2,Lapsed Customers
2241,Retail,453,2,17236.17,1,1,2,Lapsed Customers
675,Retail,90,4,17228.52,3,2,2,New / Promising
2656,Premium,147,3,17225.63,2,2,2,Regular Customers
3007,Retail,205,3,17225.55,2,2,2,Regular Customers
4897,Retail,90,3,17223.7,4,2,2,New / Promising
1489,Retail,280,4,17220.3,2,2,2,Regular Customers
8389,Retail,119,7,17209.09,3,4,2,Regular Customers
6745,Retail,90,3,17201.94,4,2,2,New / Promising
45,Retail,459,4,17194.57,1,2,2,Lapsed Customers
7868,Retail,323,5,17190.08,1,2,2,Lapsed Customers
3339,Retail,90,2,17186.14,4,1,2,New / Promising
9393,Retail,165,3,17184.3,2,2,2,Regular Customers
7425,Retail,90,3,17181.78,4,2,2,New / Promising
1577,Retail,327,3,17178.85,1,2,2,Lapsed Customers
4600,Retail,225,4,17176.0,2,2,2,Regular Customers
6364,Retail,235,4,17173.06,2,2,2,Regular Customers
7441,Premium,360,5,17167.13,1,2,2,Lapsed Customers
8569,Retail,237,5,17165.75,2,2,2,Regular Customers
3044,Retail,366,1,17162.21,1,1,2,Lapsed Customers
5231,Retail,275,4,17160.7,2,2,2,Regular Customers
3701,Retail,506,3,17157.2,1,2,2,Lapsed Customers
1620,Retail,98,5,17153.52,3,2,2,New / Promising
9476,Premium,540,4,17144.78,1,2,2,Lapsed Customers
1976,Retail,406,4,17130.49,1,2,2,Lapsed Customers
5899,Retail,90,6,17125.27,3,3,2,Regular Customers
7648,Retail,528,3,17121.92,1,2,2,Lapsed Customers
7720,Retail,471,3,17096.11,1,2,2,Lapsed Customers
6949,Retail,346,2,17094.04,1,1,2,Lapsed Customers
9075,Retail,90,4,17091.67,3,2,2,New / Promising
987,Retail,184,5,17087.28,2,2,2,Regular Customers
237,Retail,242,4,17087.17,2,2,2,Regular Customers
7539,Premium,460,6,17080.32,1,3,2,Regular Customers
9350,Premium,90,3,17069.41,4,2,2,New / Promising
9595,Retail,90,7,17067.44,4,4,2,Regular Customers
3898,Retail,570,4,17065.65,1,2,2,Lapsed Customers
3061,Retail,90,7,17063.85,4,4,2,Regular Customers
8502,Retail,275,5,17058.73,2,2,2,Regular Customers
9767,Retail,231,4,17051.43,2,2,2,Regular Customers
5951,Retail,90,4,17047.18,3,2,2,New / Promising
5562,Retail,351,3,17030.52,1,2,2,Lapsed Customers
8264,Retail,152,4,17029.03,2,2,2,Regular Customers
7562,Retail,355,2,17021.8,1,1,2,Lapsed Customers
3295,Retail,372,4,17017.39,1,2,2,Lapsed Customers
8856,Retail,417,4,17013.91,1,2,2,Lapsed Customers
219,Retail,304,3,17009.5,1,2,2,Lapsed Customers
8511,Retail,238,3,17008.01,2,2,2,Regular Customers
7418,Retail,90,5,16994.43,3,2,2,New / Promising
6249,Retail,520,4,16988.62,1,2,2,Lapsed Customers
8,Retail,217,3,16984.16,2,2,2,Regular Customers
7968,Retail,418,2,16971.0,1,1,2,Lapsed Customers
7458,Retail,90,7,16968.07,4,4,2,Regular Customers
2631,Retail,90,4,16965.71,3,2,2,New / Promising
3856,Retail,90,2,16962.54,4,1,2,New / Promising
5656,Retail,373,6,16961.63,1,3,2,Regular Customers
8850,Retail,231,4,16954.31,2,2,2,Regular Customers
6278,Retail,90,3,16927.82,4,2,2,New / Promising
3285,Retail,377,3,16924.38,1,2,2,Lapsed Customers
2995,Retail,90,4,16922.9,3,2,2,New / Promising
6971,Premium,100,5,16920.9,3,2,2,New / Promising
6844,Retail,286,4,16914.17,1,2,2,Lapsed Customers
5367,Premium,401,2,16911.31,1,1,2,Lapsed Customers
3169,Retail,90,3,16907.01,4,2,2,New / Promising
184,Retail,216,3,16904.18,2,2,2,Regular Customers
9070,Premium,94,5,16902.6,3,2,2,New / Promising
7883,Retail,90,4,16880.17,3,2,2,New / Promising
5754,Retail,90,4,16879.9,3,2,2,New / Promising
6675,Retail,284,3,16874.84,2,2,2,Regular Customers
6081,Retail,90,3,16874.12,4,2,2,New / Promising
4180,Retail,133,5,16869.0,3,2,2,New / Promising
7348,Retail,366,2,16864.63,1,1,2,Lapsed Customers
4256,Retail,91,2,16863.74,3,1,2,New / Promising
7141,Retail,275,3,16863.15,2,2,2,Regular Customers
2516,Retail,90,5,16860.09,3,2,2,New / Promising
538,Retail,231,3,16857.56,2,2,2,Regular Customers
6065,Retail,90,3,16856.4,4,2,2,New / Promising
1113,Retail,287,2,16851.53,1,1,2,Lapsed Customers
1393,Retail,90,2,16850.83,4,1,2,New / Promising
8071,Retail,213,5,16846.1,2,2,2,Regular Customers
5532,Retail,90,3,16842.33,4,2,2,New / Promising
2596,Premium,90,3,16837.71,4,2,2,New / Promising
9343,Retail,90,6,16834.19,3,3,2,Regular Customers
4557,Retail,137,3,16831.69,3,2,2,New / Promising
9900,Retail,90,3,16830.28,4,2,2,New / Promising
2543,Retail,90,2,16830.27,4,1,2,New / Promising
6210,Retail,152,4,16827.81,2,2,2,Regular Customers
4403,Retail,313,3,16822.01,1,2,2,Lapsed Customers
5278,Retail,90,4,16816.28,3,2,2,New / Promising
2175,Retail,90,3,16814.19,4,2,2,New / Promising
4121,Retail,247,2,16809.71,2,1,2,Regular Customers
2655,Retail,90,2,16809.58,4,1,2,New / Promising
1367,Retail,394,2,16802.78,1,1,2,Lapsed Customers
3736,Retail,259,3,16801.47,2,2,2,Regular Customers
5243,Retail,90,3,16798.42,4,2,2,New / Promising
294,Retail,342,2,16798.34,1,1,2,Lapsed Customers
9322,Retail,122,4,16797.37,3,2,2,New / Promising
8436,Retail,499,3,16796.57,1,2,2,Lapsed Customers
1089,Retail,90,2,16787.92,4,1,2,New / Promising
5997,Retail,135,2,16777.11,3,1,2,New / Promising
1065,Retail,217,2,16775.27,2,1,2,Regular Customers
3488,Retail,90,3,16765.39,4,2,2,New / Promising
1954,Retail,323,3,16761.81,1,2,2,Lapsed Customers
7189,Retail,153,5,16759.1,2,2,2,Regular Customers
7079,Retail,344,3,16759.02,1,2,2,Lapsed Customers
6402,Retail,90,3,16758.71,4,2,2,New / Promising
2716,Retail,153,4,16753.97,2,2,2,Regular Customers
8916,Retail,237,3,16748.65,2,2,2,Regular Customers
4511,Retail,434,5,16747.59,1,2,2,Lapsed Customers
1482,Retail,399,5,16745.8,1,2,2,Lapsed Customers
3218,Retail,335,4,16740.96,1,2,2,Lapsed Customers
5179,Retail,156,4,16740.2,2,2,2,Regular Customers
1536,Retail,183,5,16737.17,2,2,2,Regular Customers
9988,Retail,357,4,16733.97,1,2,2,Lapsed Customers
751,Retail,108,4,16731.87,3,2,2,New / Promising
9747,Retail,184,2,16720.58,2,1,2,Regular Customers
8462,Retail,90,4,16714.58,3,2,2,New / Promising
3022,Retail,491,3,16700.44,1,2,2,Lapsed Customers
5859,Retail,203,4,16700.27,2,2,2,Regular Customers
5197,Retail,90,3,16693.83,4,2,2,New / Promising
6763,Retail,546,2,16691.25,1,1,2,Lapsed Customers
6088,Retail,380,2,16686.69,1,1,2,Lapsed Customers
5335,Retail,90,4,16678.17,4,2,2,New / Promising
2189,Retail,371,4,16674.71,1,2,2,Lapsed Customers
6648,Retail,216,2,16670.81,2,1,2,Regular Customers
1077,Retail,172,3,16653.09,2,2,2,Regular Customers
4385,Retail,183,4,16647.15,2,2,2,Regular Customers
6588,Retail,90,4,16645.51,4,2,2,New / Promising
2321,Retail,482,6,16643.4,1,3,2,Regular Customers
3987,Retail,460,2,16639.21,1,1,2,Lapsed Customers
5796,Retail,463,7,16636.24,1,4,2,Regular Customers
304,Retail,90,5,16631.81,3,2,2,New / Promising
8702,Retail,471,2,16630.48,1,1,2,Lapsed Customers
3559,Retail,373,4,16622.02,1,2,2,Lapsed Customers
1379,Retail,90,6,16621.05,3,3,2,Regular Customers
7046,Premium,381,4,16620.51,1,2,2,Lapsed Customers
1335,Premium,258,3,16613.67,2,2,2,Regular Customers
2675,Retail,90,3,16612.35,4,2,2,New / Promising
1398,Retail,90,3,16608.34,4,2,2,New / Promising
4663,Retail,359,4,16600.64,1,2,2,Lapsed Customers
9049,Retail,300,3,16598.96,1,2,2,Lapsed Customers
4954,Retail,382,4,16594.16,1,2,2,Lapsed Customers
7131,Retail,152,3,16588.15,2,2,2,Regular Customers
4578,Retail,374,5,16580.55,1,2,2,Lapsed Customers
2422,Retail,90,5,16577.25,3,2,2,New / Promising
7323,Retail,132,3,16576.95,3,2,2,New / Promising
316,Retail,90,7,16575.24,4,4,2,Regular Customers
969,Retail,90,3,16568.06,4,2,2,New / Promising
3619,Retail,137,6,16555.81,3,3,2,Regular Customers
9477,Retail,221,5,16553.56,2,2,2,Regular Customers
4876,Retail,165,5,16553.43,2,2,2,Regular Customers
8487,Retail,356,4,16542.15,1,2,2,Lapsed Customers
7035,Retail,90,3,16532.88,4,2,2,New / Promising
8199,Retail,109,4,16532.71,3,2,2,New / Promising
3391,Retail,158,4,16530.83,2,2,2,Regular Customers
9671,Retail,90,4,16530.34,4,2,2,New / Promising
5710,Retail,90,4,16507.61,4,2,2,New / Promising
4987,Premium,90,2,16504.07,4,1,2,New / Promising
9555,Retail,166,3,16495.86,2,2,2,Regular Customers
5749,Retail,145,4,16495.29,2,2,2,Regular Customers
895,Retail,148,3,16491.56,2,2,2,Regular Customers
7729,Retail,342,3,16485.8,1,2,2,Lapsed Customers
4334,Retail,90,4,16484.41,4,2,2,New / Promising
262,Retail,412,5,16484.2,1,2,2,Lapsed Customers
3180,Retail,377,3,16477.98,1,2,2,Lapsed Customers
4001,Premium,90,6,16476.76,3,3,2,Regular Customers
185,Retail,90,2,16464.97,4,1,2,New / Promising
2887,Retail,124,3,16462.58,3,2,2,New / Promising
266,Retail,197,4,16459.17,2,2,2,Regular Customers
3271,Retail,403,1,16456.74,1,1,2,Lapsed Customers
914,Retail,90,4,16453.33,4,2,2,New / Promising
7856,Retail,90,4,16451.43,4,2,2,New / Promising
101,Retail,90,3,16451.39,4,2,2,New / Promising
9287,Retail,90,3,16411.08,4,2,2,New / Promising
416,Retail,90,5,16410.5,3,2,2,New / Promising
6860,Retail,90,4,16410.46,4,2,2,New / Promising
9728,Retail,90,4,16394.07,4,2,2,New / Promising
5724,Retail,197,5,16380.26,2,2,2,Regular Customers
7267,Retail,103,4,16378.97,3,2,2,New / Promising
8889,Retail,90,4,16368.54,4,2,2,New / Promising
7065,Retail,414,4,16363.53,1,2,2,Lapsed Customers
3428,Retail,90,6,16360.07,3,3,2,Regular Customers
4854,Retail,277,4,16358.6,2,2,2,Regular Customers
9836,Retail,194,5,16355.05,2,2,2,Regular Customers
36,Retail,528,7,16354.1,1,4,2,Regular Customers
3093,Retail,90,4,16350.9,4,2,2,New / Promising
3568,Retail,487,4,16348.3,1,2,2,Lapsed Customers
279,Retail,426,6,16333.8,1,3,2,Regular Customers
7793,Retail,117,6,16331.5,3,3,2,Regular Customers
8483,Retail,90,5,16330.83,3,2,2,New / Promising
6014,Retail,90,3,16329.08,4,2,2,New / Promising
544,Retail,288,4,16322.13,1,2,2,Lapsed Customers
327,Retail,199,6,16312.15,2,3,2,Regular Customers
3226,Retail,90,2,16302.77,4,1,2,New / Promising
5677,Retail,144,4,16291.81,2,2,2,Regular Customers
8593,Retail,286,2,16286.05,1,1,2,Lapsed Customers
2884,Premium,215,4,16281.93,2,2,2,Regular Customers
7733,Retail,264,3,16280.49,2,2,2,Regular Customers
2702,Retail,90,4,16278.82,4,2,2,New / Promising
2713,Retail,90,2,16278.2,4,1,2,New / Promising
9339,Retail,90,4,16274.62,4,2,2,New / Promising
6180,Retail,90,4,16274.0,4,2,2,New / Promising
9927,Retail,182,2,16268.81,2,1,2,Regular Customers
2013,Retail,434,3,16268.18,1,2,2,Lapsed Customers
9459,Retail,208,3,16266.7,2,2,2,Regular Customers
8160,Retail,344,2,16261.31,1,1,2,Lapsed Customers
2854,Retail,412,5,16260.03,1,2,2,Lapsed Customers
6236,Retail,139,3,16254.27,3,2,2,New / Promising
7045,Retail,153,5,16232.84,2,2,2,Regular Customers
7369,Retail,463,4,16232.13,1,2,2,Lapsed Customers
6922,Retail,104,4,16211.62,3,2,2,New / Promising
8010,Retail,90,4,16210.31,4,2,2,New / Promising
4741,Retail,299,5,16209.86,1,2,2,Lapsed Customers
8027,Retail,194,5,16209.7,2,2,2,Regular Customers
8760,Retail,330,4,16200.84,1,2,2,Lapsed Customers
437,Premium,211,6,16187.72,2,3,2,Regular Customers
8476,Retail,90,4,16181.14,4,2,2,New / Promising
3942,Retail,440,2,16165.9,1,1,2,Lapsed Customers
3335,Retail,498,3,16162.0,1,2,2,Lapsed Customers
5073,Retail,464,4,16159.96,1,2,2,Lapsed Customers
4238,Retail,447,3,16152.43,1,2,2,Lapsed Customers
5659,Retail,90,7,16152.02,4,4,2,Regular Customers
3503,Retail,358,4,16151.23,1,2,2,Lapsed Customers
995,Retail,90,2,16146.56,4,1,2,New / Promising
221,Retail,249,5,16146.42,2,2,2,Regular Customers
1556,Retail,305,5,16144.85,1,2,2,Lapsed Customers
7543,Retail,327,3,16134.33,1,2,2,Lapsed Customers
1751,Retail,90,4,16131.81,4,2,2,New / Promising
5752,Retail,373,2,16131.42,1,1,2,Lapsed Customers
1213,Retail,237,5,16128.25,2,2,2,Regular Customers
2837,Retail,90,3,16124.14,4,2,2,New / Promising
7156,Retail,424,5,16123.47,1,2,2,Lapsed Customers
721,Premium,385,3,16093.32,1,2,2,Lapsed Customers
7712,Retail,475,6,16090.27,1,3,2,Regular Customers
3308,Retail,314,3,16082.56,1,2,2,Lapsed Customers
8549,Retail,140,6,16082.55,3,3,2,Regular Customers
8976,Premium,466,4,16080.49,1,2,2,Lapsed Customers
3865,Retail,90,3,16079.5,4,2,2,New / Promising
6895,Retail,90,4,16076.43,4,2,2,New / Promising
5616,Retail,116,3,16075.49,3,2,2,New / Promising
2340,Premium,423,3,16069.24,1,2,2,Lapsed Customers
7401,Retail,90,3,16060.03,4,2,2,New / Promising
1073,Retail,90,4,16043.68,4,2,2,New / Promising
7928,Retail,399,4,16037.5,1,2,2,Lapsed Customers
489,Retail,191,4,16026.54,2,2,2,Regular Customers
8359,Retail,90,2,16023.03,4,1,2,New / Promising
3806,Retail,173,3,16023.01,2,2,2,Regular Customers
941,Retail,90,3,16018.95,4,2,2,New / Promising
5669,Retail,181,4,16011.62,2,2,2,Regular Customers
7989,Retail,442,6,16009.3,1,3,1,Regular Customers
804,Retail,130,3,16006.16,3,2,1,New / Promising
7057,Retail,392,3,16001.65,1,2,1,Lapsed Customers
6574,Premium,253,4,15992.39,2,2,1,Regular Customers
7503,Retail,90,3,15992.22,4,2,1,New / Promising
2775,Retail,90,6,15990.11,3,3,1,Regular Customers
6435,Retail,97,4,15987.51,3,2,1,New / Promising
3894,Retail,191,3,15978.85,2,2,1,Regular Customers
9923,Retail,252,3,15977.28,2,2,1,Regular Customers
2692,Retail,300,2,15975.33,1,1,1,Lapsed Customers
6639,Premium,207,4,15955.5,2,2,1,Regular Customers
2876,Retail,90,4,15955.1,4,2,1,New / Promising
3096,Premium,172,3,15949.98,2,2,1,Regular Customers
1271,Retail,243,3,15942.85,2,2,1,Regular Customers
1585,Retail,90,3,15942.0,4,2,1,New / Promising
4294,Retail,331,3,15937.88,1,2,1,Lapsed Customers
5290,Retail,419,5,15928.7,1,2,1,Lapsed Customers
2338,Retail,90,3,15927.39,4,2,1,New / Promising
1804,Retail,328,3,15922.98,1,2,1,Lapsed Customers
7530,Retail,180,5,15918.3,2,2,1,Regular Customers
8507,Retail,90,2,15913.13,4,1,1,New / Promising
5343,Retail,90,3,15911.08,4,2,1,New / Promising
2312,Retail,399,6,15907.58,1,3,1,Regular Customers
4342,Retail,156,4,15901.38,2,2,1,Regular Customers
3531,Retail,103,5,15896.79,3,2,1,New / Promising
2844,Retail,233,2,15889.33,2,1,1,Regular Customers
3745,Retail,473,3,15888.13,1,2,1,Lapsed Customers
4721,Premium,94,4,15877.76,3,2,1,New / Promising
9535,Premium,403,5,15877.4,1,2,1,Lapsed Customers
1007,Retail,90,4,15870.1,4,2,1,New / Promising
660,Premium,187,3,15869.63,2,2,1,Regular Customers
2237,Retail,123,3,15864.09,3,2,1,New / Promising
5494,Retail,423,3,15861.1,1,2,1,Lapsed Customers
2933,Retail,143,4,15859.58,2,2,1,Regular Customers
224,Retail,330,3,15856.43,1,2,1,Lapsed Customers
1018,Premium,145,3,15852.38,2,2,1,Regular Customers
3024,Retail,222,5,15850.85,2,2,1,Regular Customers
3327,Retail,114,4,15849.75,3,2,1,New / Promising
7123,Retail,90,3,15847.41,4,2,1,New / Promising
8956,Retail,471,2,15847.39,1,1,1,Lapsed Customers
2462,Retail,334,4,15845.11,1,2,1,Lapsed Customers
5805,Retail,339,2,15840.18,1,1,1,Lapsed Customers
7870,Retail,90,3,15837.24,4,2,1,New / Promising
9560,Retail,96,3,15837.04,3,2,1,New / Promising
3102,Retail,90,3,15829.88,4,2,1,New / Promising
5502,Retail,130,5,15826.12,3,2,1,New / Promising
5561,Retail,90,4,15825.98,4,2,1,New / Promising
1904,Retail,213,5,15820.69,2,2,1,Regular Customers
4181,Retail,90,2,15819.41,4,1,1,New / Promising
8485,Retail,332,1,15818.92,1,1,1,Lapsed Customers
6242,Retail,269,4,15814.09,2,2,1,Regular Customers
5557,Retail,401,4,15808.15,1,2,1,Lapsed Customers
3923,Retail,90,3,15802.53,4,2,1,New / Promising
8794,Retail,388,2,15800.83,1,1,1,Lapsed Customers
4134,Retail,215,3,15786.04,2,2,1,Regular Customers
1560,Retail,90,4,15782.15,4,2,1,New / Promising
1668,Retail,224,3,15780.5,2,2,1,Regular Customers
5378,Retail,420,4,15777.39,1,2,1,Lapsed Customers
4936,Retail,262,3,15774.69,2,2,1,Regular Customers
6337,Retail,220,3,15772.09,2,2,1,Regular Customers
6310,Retail,359,1,15770.69,1,1,1,Lapsed Customers
630,Retail,215,3,15767.56,2,2,1,Regular Customers
3507,Retail,90,3,15763.9,4,2,1,New / Promising
1068,Retail,243,2,15761.21,2,1,1,Regular Customers
663,Retail,535,4,15760.14,1,2,1,Lapsed Customers
7261,Retail,479,4,15756.6,1,2,1,Lapsed Customers
4863,Retail,90,3,15753.77,4,2,1,New / Promising
3323,Retail,167,2,15753.74,2,1,1,Regular Customers
4589,Premium,249,3,15752.53,2,2,1,Regular Customers
7982,Retail,90,3,15732.62,4,2,1,New / Promising
4035,Retail,222,3,15725.01,2,2,1,Regular Customers
6396,Retail,209,5,15723.28,2,2,1,Regular Customers
8828,Retail,432,6,15720.19,1,3,1,Regular Customers
7525,Retail,338,4,15718.48,1,2,1,Lapsed Customers
8028,Retail,332,4,15715.94,1,2,1,Lapsed Customers
5016,Retail,90,3,15704.64,4,2,1,New / Promising
7470,Retail,271,6,15700.6,2,3,1,Regular Customers
5011,Premium,90,4,15699.35,4,2,1,New / Promising
7611,Retail,428,5,15699.19,1,2,1,Lapsed Customers
2104,Retail,307,6,15691.52,1,3,1,Regular Customers
4079,Retail,431,4,15691.35,1,2,1,Lapsed Customers
2568,Retail,147,4,15660.3,2,2,1,Regular Customers
9490,Retail,504,2,15654.84,1,1,1,Lapsed Customers
1867,Retail,479,1,15646.5,1,1,1,Lapsed Customers
4743,Retail,90,4,15638.24,4,2,1,New / Promising
7363,Retail,591,4,15633.15,1,2,1,Lapsed Customers
9530,Retail,90,5,15630.59,3,2,1,New / Promising
7975,Retail,354,4,15627.77,1,2,1,Lapsed Customers
9545,Retail,90,4,15627.75,4,2,1,New / Promising
7092,Retail,102,4,15624.56,3,2,1,New / Promising
919,Premium,437,4,15618.24,1,2,1,Lapsed Customers
9997,Retail,90,6,15615.36,3,3,1,Regular Customers
404,Retail,90,5,15591.94,3,2,1,New / Promising
8386,Retail,291,4,15589.91,1,2,1,Lapsed Customers
2428,Retail,90,4,15585.46,4,2,1,New / Promising
5992,Premium,90,2,15585.12,3,1,1,New / Promising
1120,Retail,308,5,15581.16,1,2,1,Lapsed Customers
652,Retail,238,5,15567.93,2,2,1,Regular Customers
7584,Premium,90,3,15557.74,4,2,1,New / Promising
4149,Retail,174,4,15552.8,2,2,1,Regular Customers
4636,Retail,164,1,15544.81,2,1,1,Regular Customers
3844,Retail,90,4,15534.39,4,2,1,New / Promising
2100,Retail,249,6,15532.6,2,3,1,Regular Customers
583,Retail,348,3,15523.54,1,2,1,Lapsed Customers
1317,Retail,90,2,15521.09,3,1,1,New / Promising
8146,Retail,270,3,15517.08,2,2,1,Regular Customers
3925,Retail,163,2,15514.94,2,1,1,Regular Customers
5391,Retail,434,4,15514.4,1,2,1,Lapsed Customers
1433,Retail,203,4,15510.04,2,2,1,Regular Customers
5735,Retail,238,3,15495.42,2,2,1,Regular Customers
76,Retail,343,2,15493.1,1,1,1,Lapsed Customers
8799,Retail,90,2,15485.07,3,1,1,New / Promising
2105,Retail,90,5,15482.48,3,2,1,New / Promising
4802,Retail,90,4,15477.23,4,2,1,New / Promising
408,Retail,469,4,15472.61,1,2,1,Lapsed Customers
3590,Retail,90,4,15463.95,4,2,1,New / Promising
1557,Premium,90,7,15457.31,4,4,1,Regular Customers
2024,Retail,99,5,15453.25,3,2,1,New / Promising
7794,Retail,90,4,15437.58,4,2,1,New / Promising
6855,Retail,155,6,15437.17,2,3,1,Regular Customers
7240,Premium,90,5,15436.18,3,2,1,New / Promising
433,Retail,120,2,15427.26,3,1,1,New / Promising
4559,Retail,90,2,15422.1,3,1,1,New / Promising
3432,Retail,184,2,15417.96,2,1,1,Regular Customers
9211,Premium,90,3,15412.31,4,2,1,New / Promising
4304,Retail,526,2,15407.12,1,1,1,Lapsed Customers
4717,Retail,139,4,15400.97,3,2,1,New / Promising
1651,Retail,404,2,15393.47,1,1,1,Lapsed Customers
7030,Retail,90,2,15386.75,3,1,1,New / Promising
7628,Retail,319,4,15370.17,1,2,1,Lapsed Customers
6737,Premium,322,3,15364.04,1,2,1,Lapsed Customers
9815,Retail,110,3,15354.1,3,2,1,New / Promising
5934,Retail,90,2,15347.24,3,1,1,New / Promising
4417,Retail,195,3,15343.86,2,2,1,Regular Customers
1715,Retail,90,4,15339.82,4,2,1,New / Promising
2099,Retail,161,6,15336.73,2,3,1,Regular Customers
8036,Retail,257,7,15335.26,2,4,1,Regular Customers
57,Retail,313,3,15313.16,1,2,1,Lapsed Customers
2539,Retail,90,2,15307.89,3,1,1,New / Promising
3203,Retail,90,6,15305.28,3,3,1,Regular Customers
2223,Retail,568,5,15290.12,1,2,1,Lapsed Customers
9186,Retail,106,3,15288.31,3,2,1,New / Promising
5203,Retail,90,3,15287.54,4,2,1,New / Promising
6499,Retail,276,4,15277.03,2,2,1,Regular Customers
1692,Retail,90,3,15266.49,4,2,1,New / Promising
9365,Retail,262,2,15264.74,2,1,1,Regular Customers
9200,Retail,383,4,15262.89,1,2,1,Lapsed Customers
3578,Retail,90,2,15255.08,3,1,1,New / Promising
9809,Retail,412,2,15248.4,1,1,1,Lapsed Customers
1617,Retail,90,3,15246.09,4,2,1,New / Promising
839,Retail,350,5,15242.16,1,2,1,Lapsed Customers
6445,Retail,277,4,15241.57,2,2,1,Regular Customers
8599,Retail,257,4,15236.92,2,2,1,Regular Customers
5900,Retail,90,4,15229.64,4,2,1,New / Promising
7012,Retail,90,4,15222.47,4,2,1,New / Promising
1423,Retail,156,2,15214.07,2,1,1,Regular Customers
5122,Retail,228,2,15209.0,2,1,1,Regular Customers
2391,Retail,356,5,15205.31,1,2,1,Lapsed Customers
7695,Retail,90,3,15195.69,4,2,1,New / Promising
8414,Retail,377,5,15195.54,1,2,1,Lapsed Customers
977,Premium,384,4,15195.47,1,2,1,Lapsed Customers
3059,Premium,280,3,15191.84,2,2,1,Regular Customers
461,Retail,90,3,15186.49,4,2,1,New / Promising
3804,Retail,245,4,15182.48,2,2,1,Regular Customers
4059,Retail,203,4,15177.8,2,2,1,Regular Customers
1320,Retail,113,2,15173.41,3,1,1,New / Promising
8025,Retail,424,1,15169.75,1,1,1,Lapsed Customers
9121,Retail,266,1,15166.31,2,1,1,Regular Customers
5276,Retail,90,5,15161.53,3,2,1,New / Promising
403,Retail,290,4,15157.09,1,2,1,Lapsed Customers
8708,Retail,358,3,15156.37,1,2,1,Lapsed Customers
3440,Retail,90,3,15156.19,4,2,1,New / Promising
4554,Retail,310,5,15154.9,1,2,1,Lapsed Customers
4603,Retail,359,5,15154.04,1,2,1,Lapsed Customers
2646,Retail,360,3,15143.77,1,2,1,Lapsed Customers
760,Retail,90,2,15143.2,3,1,1,New / Promising
6706,Retail,430,4,15139.37,1,2,1,Lapsed Customers
6556,Retail,90,4,15114.48,4,2,1,New / Promising
8649,Retail,90,4,15114.25,4,2,1,New / Promising
1906,Premium,402,3,15107.25,1,2,1,Lapsed Customers
3832,Retail,480,3,15091.26,1,2,1,Lapsed Customers
955,Retail,90,2,15084.92,3,1,1,New / Promising
2025,Retail,482,2,15084.68,1,1,1,Lapsed Customers
1899,Retail,90,5,15077.38,3,2,1,New / Promising
2047,Retail,389,1,15071.16,1,1,1,Lapsed Customers
8977,Retail,90,4,15069.79,4,2,1,New / Promising
8768,Retail,186,4,15068.43,2,2,1,Regular Customers
9915,Retail,114,2,15059.97,3,1,1,New / Promising
2109,Retail,231,4,15059.72,2,2,1,Regular Customers
4873,Retail,511,3,15059.45,1,2,1,Lapsed Customers
104,Retail,538,3,15057.01,1,2,1,Lapsed Customers
8553,Retail,90,3,15053.5,4,2,1,New / Promising
8524,Retail,90,2,15048.68,3,1,1,New / Promising
4136,Retail,90,6,15045.87,3,3,1,Regular Customers
9798,Retail,90,4,15043.83,4,2,1,New / Promising
4222,Retail,145,4,15043.51,2,2,1,Regular Customers
7439,Retail,227,2,15038.0,2,1,1,Regular Customers
7930,Retail,131,4,15033.83,3,2,1,New / Promising
6016,Retail,382,2,15032.76,1,1,1,Lapsed Customers
6795,Retail,172,5,15025.58,2,2,1,Regular Customers
719,Retail,276,2,15025.0,2,1,1,Regular Customers
6794,Retail,496,4,15013.72,1,2,1,Lapsed Customers
4614,Retail,308,2,15013.63,1,1,1,Lapsed Customers
9773,Retail,90,3,15013.23,4,2,1,New / Promising
124,Retail,228,1,15010.15,2,1,1,Regular Customers
6611,Retail,295,5,15007.06,1,2,1,Lapsed Customers
1229,Retail,250,4,15002.49,2,2,1,Regular Customers
9533,Retail,259,4,15001.35,2,2,1,Regular Customers
2946,Retail,530,4,14999.99,1,2,1,Lapsed Customers
6325,Retail,90,4,14996.7,4,2,1,New / Promising
8156,Premium,193,2,14990.77,2,1,1,Regular Customers
3516,Retail,90,5,14984.23,3,2,1,New / Promising
6662,Retail,90,5,14983.47,3,2,1,New / Promising
5450,Retail,126,4,14976.71,3,2,1,New / Promising
4089,Retail,90,3,14976.0,4,2,1,New / Promising
7444,Retail,325,5,14969.55,1,2,1,Lapsed Customers
6313,Retail,447,2,14963.48,1,1,1,Lapsed Customers
4010,Retail,524,6,14945.68,1,3,1,Regular Customers
8137,Retail,90,1,14941.89,4,1,1,New / Promising
2266,Retail,490,2,14932.3,1,1,1,Lapsed Customers
4163,Retail,150,4,14920.74,2,2,1,Regular Customers
3248,Retail,455,4,14914.19,1,2,1,Lapsed Customers
578,Retail,313,3,14906.96,1,2,1,Lapsed Customers
5703,Retail,399,3,14904.75,1,2,1,Lapsed Customers
4174,Retail,283,3,14904.73,2,2,1,Regular Customers
7467,Retail,90,3,14904.36,4,2,1,New / Promising
4516,Corporate,90,4,14904.28,4,2,1,New / Promising
8603,Retail,383,5,14879.75,1,2,1,Lapsed Customers
7635,Retail,412,5,14857.17,1,2,1,Lapsed Customers
7786,Retail,218,2,14846.84,2,1,1,Regular Customers
2939,Retail,90,3,14841.8,4,2,1,New / Promising
3854,Retail,399,3,14840.67,1,2,1,Lapsed Customers
8228,Retail,224,3,14840.42,2,2,1,Regular Customers
6074,Retail,305,3,14839.44,1,2,1,Lapsed Customers
8343,Retail,338,3,14834.96,1,2,1,Lapsed Customers
9292,Retail,90,3,14824.39,4,2,1,New / Promising
8565,Retail,207,3,14815.64,2,2,1,Regular Customers
6868,Premium,417,4,14812.46,1,2,1,Lapsed Customers
7999,Premium,401,6,14808.39,1,3,1,Regular Customers
174,Retail,126,3,14803.68,3,2,1,New / Promising
5509,Retail,166,2,14793.35,2,1,1,Regular Customers
7451,Retail,90,4,14773.3,4,2,1,New / Promising
8402,Retail,476,2,14770.61,1,1,1,Lapsed Customers
1792,Retail,185,1,14770.59,2,1,1,Regular Customers
2144,Retail,90,6,14768.57,3,3,1,Regular Customers
2388,Retail,90,5,14767.53,3,2,1,New / Promising
1637,Retail,464,4,14765.32,1,2,1,Lapsed Customers
501,Retail,303,5,14746.16,1,2,1,Lapsed Customers
6663,Retail,90,5,14743.1,3,2,1,New / Promising
19,Retail,94,5,14728.15,3,2,1,New / Promising
7567,Retail,90,4,14727.12,4,2,1,New / Promising
5240,Retail,90,4,14719.07,4,2,1,New / Promising
9151,Retail,90,4,14715.88,4,2,1,New / Promising
8498,Retail,302,3,14712.7,1,2,1,Lapsed Customers
5712,Retail,90,3,14705.61,4,2,1,New / Promising
4295,Retail,90,2,14702.55,3,1,1,New / Promising
3204,Retail,314,3,14702.51,1,2,1,Lapsed Customers
5612,Retail,194,3,14701.78,2,2,1,Regular Customers
8809,Retail,152,2,14700.25,2,1,1,Regular Customers
3293,Retail,457,4,14696.35,1,2,1,Lapsed Customers
1302,Retail,206,2,14696.27,2,1,1,Regular Customers
5125,Retail,269,4,14694.97,2,2,1,Regular Customers
8087,Retail,161,1,14693.24,2,1,1,Regular Customers
613,Retail,90,2,14688.69,3,1,1,New / Promising
1059,Premium,318,4,14671.31,1,2,1,Lapsed Customers
7327,Retail,232,2,14664.08,2,1,1,Regular Customers
674,Retail,524,4,14650.07,1,2,1,Lapsed Customers
6891,Retail,275,3,14644.62,2,2,1,Regular Customers
5162,Retail,286,4,14635.92,1,2,1,Lapsed Customers
5973,Premium,267,4,14635.84,2,2,1,Regular Customers
6920,Retail,90,4,14630.29,4,2,1,New / Promising
7427,Retail,90,2,14626.44,3,1,1,New / Promising
1891,Retail,468,5,14619.81,1,2,1,Lapsed Customers
2065,Retail,207,3,14618.57,2,2,1,Regular Customers
9458,Retail,268,1,14616.56,2,1,1,Regular Customers
5281,Retail,90,3,14609.52,4,2,1,New / Promising
1451,Retail,340,4,14608.66,1,2,1,Lapsed Customers
3587,Retail,316,3,14605.2,1,2,1,Lapsed Customers
5508,Retail,480,2,14601.72,1,1,1,Lapsed Customers
2481,Retail,90,2,14601.31,3,1,1,New / Promising
8630,Retail,574,4,14594.27,1,2,1,Lapsed Customers
2377,Retail,90,1,14586.6,4,1,1,New / Promising
321,Retail,228,4,14585.77,2,2,1,Regular Customers
7502,Retail,272,3,14575.52,2,2,1,Regular Customers
1515,Retail,113,5,14569.28,3,3,1,Regular Customers
4571,Retail,90,5,14556.97,3,3,1,Regular Customers
4918,Retail,339,4,14551.63,1,2,1,Lapsed Customers
3537,Retail,241,3,14537.31,2,2,1,Regular Customers
156,Retail,232,4,14536.5,2,2,1,Regular Customers
1027,Retail,480,6,14535.93,1,3,1,Regular Customers
5661,Retail,226,7,14531.7,2,4,1,Regular Customers
522,Retail,90,4,14525.99,4,2,1,New / Promising
7520,Retail,365,4,14520.76,1,2,1,Lapsed Customers
4784,Retail,90,4,14519.08,4,2,1,New / Promising
8643,Retail,90,1,14516.48,4,1,1,New / Promising
3723,Premium,90,4,14513.98,4,2,1,New / Promising
696,Retail,90,10,14509.95,4,4,1,Regular Customers
2665,Retail,90,6,14502.89,3,3,1,Regular Customers
7690,Retail,90,2,14495.83,3,1,1,New / Promising
216,Retail,428,5,14491.62,1,3,1,Regular Customers
9060,Retail,128,2,14480.4,3,1,1,New / Promising
4975,Retail,131,2,14478.84,3,1,1,New / Promising
9866,Retail,90,4,14469.64,4,2,1,New / Promising
4536,Retail,226,4,14468.32,2,2,1,Regular Customers
138,Retail,412,2,14463.03,1,1,1,Lapsed Customers
7538,Retail,115,4,14460.5,3,2,1,New / Promising
3106,Retail,201,4,14457.65,2,2,1,Regular Customers
5264,Retail,270,3,14442.03,2,2,1,Regular Customers
4630,Retail,198,3,14440.73,2,2,1,Regular Customers
7912,Retail,90,3,14439.71,4,2,1,New / Promising
6353,Retail,441,3,14435.97,1,2,1,Lapsed Customers
7187,Retail,290,4,14435.94,1,2,1,Lapsed Customers
3992,Retail,160,3,14426.88,2,2,1,Regular Customers
6392,Retail,90,4,14424.01,4,2,1,New / Promising
4117,Retail,575,5,14418.98,1,3,1,Regular Customers
4243,Retail,90,4,14396.1,4,2,1,New / Promising
2913,Retail,265,4,14393.62,2,2,1,Regular Customers
8213,Retail,90,3,14383.73,4,2,1,New / Promising
9876,Retail,90,4,14380.81,4,2,1,New / Promising
4326,Retail,90,4,14374.59,4,2,1,New / Promising
3214,Retail,90,3,14370.81,4,2,1,New / Promising
6155,Retail,251,5,14364.73,2,3,1,Regular Customers
7399,Retail,530,5,14363.04,1,3,1,Regular Customers
8839,Retail,90,4,14358.8,4,2,1,New / Promising
2793,Retail,90,3,14358.75,4,2,1,New / Promising
8621,Retail,171,5,14357.02,2,3,1,Regular Customers
3696,Retail,167,2,14354.75,2,1,1,Regular Customers
2176,Retail,167,3,14349.92,2,2,1,Regular Customers
3284,Retail,432,4,14336.62,1,2,1,Lapsed Customers
775,Retail,90,3,14336.49,4,2,1,New / Promising
8521,Retail,167,2,14330.05,2,1,1,Regular Customers
8310,Retail,215,7,14329.85,2,3,1,Regular Customers
710,Retail,90,3,14329.18,4,2,1,New / Promising
3716,Retail,211,4,14327.02,2,2,1,Regular Customers
1030,Retail,371,1,14326.8,1,1,1,Lapsed Customers
5918,Retail,432,3,14324.25,1,2,1,Lapsed Customers
3300,Retail,122,4,14323.05,3,2,1,New / Promising
6626,Retail,90,2,14320.58,3,1,1,New / Promising
9418,Premium,228,4,14319.98,2,2,1,Regular Customers
6822,Retail,90,4,14308.56,4,2,1,New / Promising
8298,Retail,272,5,14305.58,2,3,1,Regular Customers
720,Retail,95,3,14285.87,3,2,1,New / Promising
2502,Premium,530,5,14285.34,1,3,1,Regular Customers
1969,Retail,147,3,14278.9,2,2,1,Regular Customers
1791,Retail,90,6,14274.12,3,3,1,Regular Customers
8124,Corporate,198,2,14271.35,2,1,1,Regular Customers
8826,Retail,90,6,14267.75,3,3,1,Regular Customers
1179,Retail,259,6,14259.51,2,3,1,Regular Customers
3729,Retail,421,2,14256.99,1,1,1,Lapsed Customers
8803,Retail,90,4,14255.4,4,2,1,New / Promising
1115,Retail,90,4,14251.87,4,2,1,New / Promising
9096,Retail,213,5,14250.74,2,3,1,Regular Customers
3606,Retail,368,2,14242.01,1,1,1,Lapsed Customers
9154,Retail,181,3,14239.52,2,2,1,Regular Customers
6642,Retail,391,2,14232.05,1,1,1,Lapsed Customers
7155,Premium,262,2,14225.86,2,1,1,Regular Customers
6649,Retail,90,3,14222.57,4,2,1,New / Promising
8562,Retail,517,3,14221.91,1,2,1,Lapsed Customers
766,Retail,90,4,14220.71,4,2,1,New / Promising
241,Retail,332,3,14220.39,1,2,1,Lapsed Customers
1108,Retail,90,3,14219.32,4,2,1,New / Promising
569,Retail,232,4,14216.22,2,2,1,Regular Customers
7981,Retail,90,3,14214.63,4,2,1,New / Promising
687,Retail,333,3,14201.65,1,2,1,Lapsed Customers
2689,Retail,205,4,14192.13,2,2,1,Regular Customers
4108,Retail,94,2,14190.69,3,1,1,New / Promising
8714,Retail,90,3,14188.69,4,2,1,New / Promising
4627,Retail,578,4,14182.15,1,2,1,Lapsed Customers
102,Retail,207,5,14178.18,2,3,1,Regular Customers
2723,Retail,357,5,14170.06,1,3,1,Regular Customers
3939,Retail,90,1,14169.89,3,1,1,New / Promising
733,Retail,90,3,14158.29,4,2,1,New / Promising
5410,Retail,226,3,14158.23,2,2,1,Regular Customers
6981,Retail,320,4,14152.81,1,2,1,Lapsed Customers
8781,Retail,293,2,14146.53,1,1,1,Lapsed Customers
5660,Retail,90,5,14142.96,3,3,1,Regular Customers
4487,Retail,170,2,14140.76,2,1,1,Regular Customers
7629,Retail,90,4,14132.87,4,2,1,New / Promising
3556,Retail,103,3,14131.94,3,2,1,New / Promising
2018,Retail,149,5,14131.38,2,3,1,Regular Customers
8584,Retail,318,3,14129.3,1,2,1,Lapsed Customers
41,Retail,324,4,14118.65,1,2,1,Lapsed Customers
6478,Premium,381,3,14117.75,1,2,1,Lapsed Customers
2056,Retail,402,4,14114.55,1,2,1,Lapsed Customers
4881,Retail,368,6,14114.06,1,3,1,Regular Customers
20,Retail,90,3,14112.69,4,2,1,New / Promising
5209,Retail,244,5,14108.81,2,3,1,Regular Customers
8842,Retail,388,3,14105.68,1,2,1,Lapsed Customers
6836,Premium,90,3,14105.36,4,2,1,New / Promising
8919,Retail,250,4,14102.23,2,2,1,Regular Customers
684,Retail,90,3,14098.78,4,2,1,New / Promising
7795,Retail,480,3,14089.86,1,2,1,Lapsed Customers
4543,Retail,90,1,14083.61,3,1,1,New / Promising
5397,Retail,90,4,14083.46,4,2,1,New / Promising
9861,Retail,302,4,14083.45,1,2,1,Lapsed Customers
313,Retail,452,3,14075.85,1,2,1,Lapsed Customers
5006,Retail,90,4,14075.81,4,2,1,New / Promising
5398,Retail,332,2,14075.36,1,1,1,Lapsed Customers
9091,Retail,90,6,14073.05,3,3,1,Regular Customers
5471,Retail,90,5,14072.85,3,3,1,Regular Customers
2358,Retail,409,4,14070.41,1,2,1,Lapsed Customers
3874,Premium,284,3,14069.07,2,1,1,Regular Customers
9599,Retail,194,4,14066.57,2,2,1,Regular Customers
3645,Retail,90,4,14066.04,4,2,1,New / Promising
4468,Retail,90,4,14061.15,4,2,1,New / Promising
2537,Retail,221,4,14060.79,2,2,1,Regular Customers
9697,Retail,131,3,14059.73,3,1,1,New / Promising
8031,Retail,269,3,14052.14,2,1,1,Regular Customers
6355,Retail,90,2,14048.54,4,1,1,New / Promising
5363,Retail,90,4,14025.24,4,2,1,New / Promising
3957,Retail,201,2,14007.53,2,1,1,Regular Customers
4488,Retail,283,5,14005.26,2,3,1,Regular Customers
6518,Retail,260,5,14004.31,2,3,1,Regular Customers
7157,Premium,90,2,14003.56,4,1,1,New / Promising
4085,Retail,90,3,14000.68,4,1,1,New / Promising
7384,Retail,341,1,14000.58,1,1,1,Lapsed Customers
9100,Retail,188,4,13998.46,2,2,1,Regular Customers
6909,Retail,371,3,13997.21,1,1,1,Lapsed Customers
6797,Retail,326,4,13996.51,1,2,1,Lapsed Customers
166,Premium,90,3,13995.99,4,1,1,New / Promising
6268,Retail,232,5,13986.27,2,3,1,Regular Customers
9499,Retail,90,4,13986.08,4,2,1,New / Promising
363,Retail,500,3,13980.53,1,1,1,Lapsed Customers
1132,Retail,90,4,13974.05,4,2,1,New / Promising
8784,Retail,90,4,13972.93,4,2,1,New / Promising
3161,Retail,414,3,13969.38,1,1,1,Lapsed Customers
737,Retail,197,2,13968.61,2,1,1,Regular Customers
7255,Retail,110,3,13962.47,3,1,1,New / Promising
3861,Retail,182,3,13951.32,2,1,1,Regular Customers
8297,Retail,90,2,13945.74,4,1,1,New / Promising
6381,Retail,334,1,13940.56,1,1,1,Lapsed Customers
4076,Retail,306,4,13937.43,1,2,1,Lapsed Customers
8130,Retail,489,3,13935.47,1,1,1,Lapsed Customers
5842,Retail,90,2,13928.8,4,1,1,New / Promising
2138,Retail,349,3,13922.75,1,1,1,Lapsed Customers
7064,Premium,363,3,13907.04,1,1,1,Lapsed Customers
1781,Retail,441,5,13903.72,1,3,1,Regular Customers
6623,Retail,90,2,13903.31,4,1,1,New / Promising
6680,Retail,90,5,13900.72,3,3,1,Regular Customers
8505,Retail,121,3,13898.24,3,1,1,New / Promising
6182,Retail,90,4,13896.23,4,2,1,New / Promising
4889,Retail,169,2,13885.7,2,1,1,Regular Customers
9707,Retail,353,4,13884.48,1,2,1,Lapsed Customers
9263,Retail,455,2,13877.53,1,1,1,Lapsed Customers
5757,Premium,137,4,13874.77,3,2,1,New / Promising
5412,Retail,274,4,13869.59,2,2,1,Regular Customers
220,Retail,90,2,13865.12,4,1,1,New / Promising
5472,Retail,183,3,13863.93,2,1,1,Regular Customers
1438,Retail,275,4,13863.68,2,2,1,Regular Customers
33,Retail,429,1,13858.43,1,1,1,Lapsed Customers
9734,Premium,267,4,13842.8,2,2,1,Regular Customers
9010,Retail,459,3,13839.75,1,1,1,Lapsed Customers
2335,Retail,90,5,13821.38,3,3,1,Regular Customers
3434,Retail,200,3,13821.32,2,1,1,Regular Customers
7362,Retail,217,2,13820.32,2,1,1,Regular Customers
7604,Retail,366,3,13816.05,1,1,1,Lapsed Customers
903,Retail,371,4,13813.38,1,2,1,Lapsed Customers
9491,Premium,347,3,13811.38,1,1,1,Lapsed Customers
9072,Retail,416,4,13807.34,1,2,1,Lapsed Customers
7640,Retail,90,4,13797.51,4,2,1,New / Promising
9387,Retail,90,3,13796.31,4,1,1,New / Promising
6778,Retail,333,1,13792.99,1,1,1,Lapsed Customers
4640,Retail,90,2,13792.24,4,1,1,New / Promising
7474,Retail,474,5,13790.99,1,3,1,Regular Customers
6591,Retail,218,2,13790.57,2,1,1,Regular Customers
3529,Premium,489,1,13790.18,1,1,1,Lapsed Customers
2703,Retail,182,3,13776.5,2,1,1,Regular Customers
6281,Retail,424,3,13768.71,1,1,1,Lapsed Customers
727,Retail,234,3,13768.19,2,1,1,Regular Customers
6634,Retail,90,3,13767.37,4,1,1,New / Promising
848,Retail,524,3,13767.07,1,1,1,Lapsed Customers
3775,Retail,90,7,13764.24,4,4,1,Regular Customers
8404,Retail,90,4,13756.76,4,2,1,New / Promising
7080,Retail,188,4,13749.59,2,2,1,Regular Customers
3328,Retail,90,2,13744.58,4,1,1,New / Promising
7655,Retail,451,4,13742.6,1,2,1,Lapsed Customers
5085,Retail,277,3,13741.15,2,1,1,Regular Customers
2356,Retail,238,3,13739.36,2,1,1,Regular Customers
3750,Retail,141,2,13738.12,3,1,1,New / Promising
3562,Retail,439,4,13737.95,1,2,1,Lapsed Customers
1661,Retail,276,4,13736.24,2,2,1,Regular Customers
6123,Retail,90,3,13732.48,4,1,1,New / Promising
7446,Retail,90,4,13726.5,4,2,1,New / Promising
6569,Retail,246,6,13721.45,2,3,1,Regular Customers
398,Retail,142,5,13717.0,2,3,1,Regular Customers
5010,Retail,186,4,13715.35,2,2,1,Regular Customers
4899,Retail,90,4,13714.55,4,2,1,New / Promising
8871,Retail,575,3,13713.57,1,1,1,Lapsed Customers
6977,Retail,168,2,13713.39,2,1,1,Regular Customers
2834,Retail,132,2,13704.5,3,1,1,New / Promising
9784,Premium,263,5,13701.32,2,3,1,Regular Customers
6112,Retail,90,5,13696.75,3,3,1,Regular Customers
322,Retail,297,5,13695.83,1,3,1,Regular Customers
3336,Retail,468,2,13692.5,1,1,1,Lapsed Customers
4470,Retail,90,2,13686.66,4,1,1,New / Promising
2760,Retail,258,6,13686.09,2,3,1,Regular Customers
9881,Retail,280,2,13683.7,2,1,1,Regular Customers
4766,Retail,422,2,13682.97,1,1,1,Lapsed Customers
8024,Retail,189,5,13680.77,2,3,1,Regular Customers
6669,Retail,299,2,13679.31,1,1,1,Lapsed Customers
2801,Retail,90,3,13678.91,4,1,1,New / Promising
7093,Retail,281,4,13672.94,2,2,1,Regular Customers
2262,Premium,90,5,13659.47,3,3,1,Regular Customers
9748,Retail,97,2,13657.02,3,1,1,New / Promising
2106,Retail,258,3,13655.73,2,1,1,Regular Customers
4335,Retail,90,4,13655.44,4,2,1,New / Promising
3135,Retail,209,4,13654.65,2,2,1,Regular Customers
785,Retail,334,4,13652.8,1,2,1,Lapsed Customers
5721,Retail,90,4,13652.69,4,2,1,New / Promising
2589,Retail,90,2,13652.37,4,1,1,New / Promising
8604,Retail,181,3,13638.95,2,1,1,Regular Customers
1919,Retail,179,3,13636.96,2,1,1,Regular Customers
4340,Retail,294,3,13635.45,1,1,1,Lapsed Customers
2392,Retail,90,4,13624.8,4,2,1,New / Promising
2499,Retail,551,3,13623.89,1,1,1,Lapsed Customers
4358,Retail,428,1,13620.0,1,1,1,Lapsed Customers
6605,Retail,90,4,13603.82,4,2,1,New / Promising
4101,Retail,464,3,13603.11,1,1,1,Lapsed Customers
3521,Retail,90,4,13597.13,4,2,1,New / Promising
9059,Retail,90,3,13595.99,4,1,1,New / Promising
3781,Retail,496,4,13595.57,1,2,1,Lapsed Customers
5723,Retail,90,3,13593.81,4,1,1,New / Promising
2993,Retail,380,4,13593.31,1,2,1,Lapsed Customers
5871,Retail,90,5,13586.44,3,3,1,Regular Customers
924,Retail,347,3,13582.88,1,1,1,Lapsed Customers
4338,Retail,253,4,13581.29,2,2,1,Regular Customers
3034,Retail,494,3,13577.68,1,1,1,Lapsed Customers
6258,Retail,175,4,13577.08,2,2,1,Regular Customers
3083,Retail,379,3,13567.5,1,1,1,Lapsed Customers
4486,Retail,207,5,13563.64,2,3,1,Regular Customers
8311,Retail,493,3,13551.53,1,1,1,Lapsed Customers
8981,Retail,94,3,13544.66,3,1,1,New / Promising
6371,Retail,90,4,13534.44,4,2,1,New / Promising
1574,Retail,184,5,13534.08,2,3,1,Regular Customers
635,Retail,340,3,13533.66,1,1,1,Lapsed Customers
2424,Retail,90,2,13520.73,4,1,1,New / Promising
9973,Retail,90,3,13515.05,4,1,1,New / Promising
5713,Retail,265,4,13514.89,2,2,1,Regular Customers
2508,Premium,241,2,13510.71,2,1,1,Regular Customers
8330,Retail,272,4,13504.15,2,2,1,Regular Customers
3981,Retail,196,4,13494.13,2,2,1,Regular Customers
9699,Retail,90,3,13487.68,4,1,1,New / Promising
3026,Retail,90,2,13481.67,4,1,1,New / Promising
5631,Retail,326,3,13480.07,1,1,1,Lapsed Customers
4925,Retail,155,3,13479.02,2,1,1,Regular Customers
5790,Retail,90,3,13474.83,4,1,1,New / Promising
7443,Retail,90,3,13473.59,4,1,1,New / Promising
2113,Retail,90,2,13470.32,4,1,1,New / Promising
9051,Retail,90,4,13449.96,4,2,1,New / Promising
9235,Retail,344,5,13431.12,1,3,1,Regular Customers
5077,Retail,90,4,13420.16,4,2,1,New / Promising
5879,Retail,197,3,13404.3,2,1,1,Regular Customers
2316,Retail,195,3,13397.88,2,1,1,Regular Customers
1116,Premium,217,3,13396.05,2,1,1,Regular Customers
7900,Retail,309,3,13382.58,1,1,1,Lapsed Customers
3421,Retail,175,3,13380.58,2,1,1,Regular Customers
7372,Retail,90,5,13379.24,3,3,1,Regular Customers
1945,Retail,236,5,13376.6,2,3,1,Regular Customers
6152,Retail,90,5,13374.08,3,3,1,Regular Customers
8091,Retail,279,2,13372.63,2,1,1,Regular Customers
2954,Retail,334,4,13371.42,1,2,1,Lapsed Customers
8271,Retail,355,5,13369.86,1,3,1,Regular Customers
6960,Retail,99,3,13369.51,3,1,1,New / Promising
5751,Retail,90,3,13367.79,4,1,1,New / Promising
9259,Retail,422,2,13364.12,1,1,1,Lapsed Customers
6774,Retail,155,3,13351.68,2,1,1,Regular Customers
8590,Retail,119,3,13348.89,3,1,1,New / Promising
7898,Retail,90,2,13347.56,4,1,1,New / Promising
4748,Premium,152,4,13345.28,2,2,1,Regular Customers
4244,Retail,290,5,13341.93,1,3,1,Regular Customers
7909,Retail,353,3,13340.22,1,1,1,Lapsed Customers
3319,Retail,90,3,13338.1,4,1,1,New / Promising
1085,Retail,273,4,13331.11,2,2,1,Regular Customers
8990,Retail,142,3,13328.83,2,1,1,Regular Customers
9862,Retail,149,2,13322.71,2,1,1,Regular Customers
605,Retail,90,5,13318.65,3,3,1,Regular Customers
6497,Retail,182,1,13315.06,2,1,1,Regular Customers
7051,Retail,90,2,13305.89,4,1,1,New / Promising
3463,Retail,179,3,13300.08,2,1,1,Regular Customers
9629,Premium,207,4,13297.81,2,2,1,Regular Customers
5537,Retail,304,2,13291.95,1,1,1,Lapsed Customers
5885,Premium,437,3,13288.15,1,1,1,Lapsed Customers
259,Retail,410,2,13274.55,1,1,1,Lapsed Customers
5304,Retail,314,6,13272.28,1,3,1,Regular Customers
5238,Retail,189,4,13271.62,2,2,1,Regular Customers
520,Retail,207,2,13258.15,2,1,1,Regular Customers
5823,Retail,90,4,13256.71,4,2,1,New / Promising
7209,Retail,327,4,13254.22,1,2,1,Lapsed Customers
217,Retail,121,5,13249.44,3,3,1,Regular Customers
2000,Premium,357,3,13242.9,1,1,1,Lapsed Customers
8259,Retail,180,3,13240.36,2,1,1,Regular Customers
4512,Retail,176,3,13236.42,2,1,1,Regular Customers
460,Retail,459,5,13236.0,1,3,1,Regular Customers
2552,Retail,385,2,13231.52,1,1,1,Lapsed Customers
4962,Retail,180,4,13231.15,2,2,1,Regular Customers
5043,Retail,122,3,13227.45,3,1,1,New / Promising
828,Retail,90,3,13227.36,4,1,1,New / Promising
2748,Retail,98,6,13216.45,3,3,1,Regular Customers
3924,Retail,318,3,13216.43,1,1,1,Lapsed Customers
9825,Retail,327,4,13216.43,1,2,1,Lapsed Customers
8143,Retail,243,3,13210.39,2,1,1,Regular Customers
7692,Retail,116,5,13205.01,3,3,1,Regular Customers
8320,Retail,219,3,13204.91,2,1,1,Regular Customers
1814,Retail,260,3,13198.83,2,1,1,Regular Customers
4658,Retail,90,4,13196.8,4,2,1,New / Promising
4045,Retail,90,4,13192.49,4,2,1,New / Promising
8443,Retail,379,2,13187.19,1,1,1,Lapsed Customers
3762,Retail,90,4,13186.58,4,2,1,New / Promising
9275,Retail,447,3,13179.4,1,1,1,Lapsed Customers
682,Retail,512,3,13177.81,1,1,1,Lapsed Customers
3178,Retail,280,2,13176.03,2,1,1,Regular Customers
2382,Retail,342,3,13172.94,1,1,1,Lapsed Customers
8925,Retail,344,3,13168.1,1,1,1,Lapsed Customers
7713,Retail,372,2,13164.57,1,1,1,Lapsed Customers
3655,Retail,258,2,13160.93,2,1,1,Regular Customers
2694,Retail,206,3,13158.8,2,1,1,Regular Customers
2023,Retail,171,6,13149.87,2,3,1,Regular Customers
4943,Premium,148,4,13147.13,2,2,1,Regular Customers
6244,Retail,435,3,13146.28,1,1,1,Lapsed Customers
8797,Retail,172,4,13143.74,2,2,1,Regular Customers
7005,Retail,371,3,13138.9,1,1,1,Lapsed Customers
2600,Retail,343,4,13132.85,1,2,1,Lapsed Customers
5719,Retail,90,2,13122.83,4,1,1,New / Promising
5849,Premium,90,4,13116.36,4,2,1,New / Promising
9125,Retail,491,1,13108.74,1,1,1,Lapsed Customers
2270,Retail,90,4,13102.78,4,2,1,New / Promising
4744,Retail,207,2,13100.96,2,1,1,Regular Customers
4477,Retail,90,4,13099.56,4,2,1,New / Promising
2224,Retail,90,4,13098.62,4,2,1,New / Promising
5129,Retail,255,4,13090.7,2,2,1,Regular Customers
9175,Retail,346,2,13088.5,1,1,1,Lapsed Customers
3234,Retail,590,2,13072.98,1,1,1,Lapsed Customers
2661,Retail,90,5,13072.17,3,3,1,Regular Customers
4429,Retail,90,3,13068.98,4,1,1,New / Promising
9670,Retail,181,5,13068.51,2,3,1,Regular Customers
1660,Retail,90,3,13051.66,4,1,1,New / Promising
5708,Retail,208,3,13043.18,2,1,1,Regular Customers
6219,Retail,442,3,13042.44,1,1,1,Lapsed Customers
2755,Retail,90,3,13038.87,4,1,1,New / Promising
5053,Retail,90,3,13034.48,4,1,1,New / Promising
2957,Retail,90,4,13029.87,4,2,1,New / Promising
2734,Retail,450,5,13021.54,1,3,1,Regular Customers
7117,Retail,272,4,13016.14,2,2,1,Regular Customers
7595,Retail,319,2,13013.23,1,1,1,Lapsed Customers
8239,Retail,90,6,13012.01,3,3,1,Regular Customers
3184,Retail,337,4,13011.58,1,2,1,Lapsed Customers
7144,Retail,366,3,13010.93,1,1,1,Lapsed Customers
4644,Retail,556,2,13009.82,1,1,1,Lapsed Customers
3895,Retail,90,4,13009.08,4,2,1,New / Promising
4734,Retail,90,3,13006.63,4,1,1,New / Promising
289,Retail,196,4,12998.52,2,2,1,Regular Customers
6430,Premium,454,3,12996.66,1,1,1,Lapsed Customers
1449,Retail,90,3,12992.39,4,1,1,New / Promising
1109,Retail,90,2,12991.71,4,1,1,New / Promising
3949,Retail,90,2,12991.53,4,1,1,New / Promising
3058,Retail,416,3,12989.82,1,1,1,Lapsed Customers
5230,Retail,221,2,12987.15,2,1,1,Regular Customers
6270,Retail,90,4,12985.95,4,2,1,New / Promising
8466,Retail,195,3,12984.18,2,1,1,Regular Customers
7708,Retail,150,2,12964.13,2,1,1,Regular Customers
1706,Retail,90,3,12956.08,4,1,1,New / Promising
5097,Retail,121,5,12954.19,3,3,1,Regular Customers
5316,Premium,90,5,12952.16,3,3,1,Regular Customers
8172,Retail,90,4,12944.82,4,2,1,New / Promising
9614,Retail,134,3,12944.1,3,1,1,New / Promising
2820,Retail,206,3,12943.87,2,1,1,Regular Customers
3635,Retail,90,3,12935.65,4,1,1,New / Promising
2808,Retail,231,4,12931.39,2,2,1,Regular Customers
484,Retail,90,2,12922.36,4,1,1,New / Promising
38,Retail,90,3,12879.54,4,1,1,New / Promising
1887,Retail,113,2,12878.51,3,1,1,New / Promising
8647,Retail,133,3,12874.71,3,1,1,New / Promising
1220,Retail,334,2,12863.34,1,1,1,Lapsed Customers
4139,Retail,150,2,12859.99,2,1,1,Regular Customers
5159,Retail,397,2,12840.88,1,1,1,Lapsed Customers
813,Retail,115,3,12836.57,3,1,1,New / Promising
9851,Retail,499,2,12834.44,1,1,1,Lapsed Customers
9999,Retail,90,3,12826.32,4,1,1,New / Promising
5949,Retail,90,4,12823.32,4,2,1,New / Promising
9027,Retail,90,3,12818.39,4,1,1,New / Promising
1406,Premium,401,4,12813.5,1,2,1,Lapsed Customers
8765,Retail,332,2,12796.24,1,1,1,Lapsed Customers
1488,Retail,413,2,12794.38,1,1,1,Lapsed Customers
1966,Retail,107,2,12785.57,3,1,1,New / Promising
5143,Retail,136,3,12777.24,3,1,1,New / Promising
9455,Premium,379,3,12769.86,1,1,1,Lapsed Customers
7054,Retail,423,2,12768.01,1,1,1,Lapsed Customers
7612,Retail,420,2,12764.43,1,1,1,Lapsed Customers
7510,Retail,90,4,12761.27,4,2,1,New / Promising
742,Retail,90,4,12759.1,4,2,1,New / Promising
5892,Retail,303,3,12757.11,1,1,1,Lapsed Customers
2935,Retail,90,4,12756.62,4,2,1,New / Promising
3105,Retail,244,2,12755.06,2,1,1,Regular Customers
3552,Retail,90,5,12754.69,3,3,1,Regular Customers
172,Retail,290,5,12720.67,1,3,1,Regular Customers
3715,Retail,90,2,12710.08,4,1,1,New / Promising
681,Premium,90,3,12698.17,4,1,1,New / Promising
8361,Retail,189,2,12694.91,2,1,1,Regular Customers
4130,Retail,90,4,12694.9,4,2,1,New / Promising
7455,Retail,155,4,12693.67,2,2,1,Regular Customers
6198,Retail,424,3,12690.18,1,1,1,Lapsed Customers
7746,Retail,453,3,12688.44,1,1,1,Lapsed Customers
5072,Premium,90,6,12685.75,3,3,1,Regular Customers
8767,Retail,304,4,12684.08,1,2,1,Lapsed Customers
1184,Retail,114,4,12681.37,3,2,1,New / Promising
5793,Retail,106,5,12675.91,3,3,1,Regular Customers
159,Retail,138,3,12675.69,3,1,1,New / Promising
825,Retail,202,3,12672.24,2,1,1,Regular Customers
2036,Retail,90,5,12670.71,3,3,1,Regular Customers
9716,Retail,90,2,12669.34,4,1,1,New / Promising
951,Retail,129,4,12667.41,3,2,1,New / Promising
1394,Retail,90,4,12659.3,4,2,1,New / Promising
1072,Retail,305,5,12657.85,1,3,1,Regular Customers
6787,Retail,90,3,12657.28,4,1,1,New / Promising
4502,Retail,90,4,12651.4,4,2,1,New / Promising
5358,Retail,90,2,12643.91,4,1,1,New / Promising
3341,Retail,278,3,12643.86,2,1,1,Regular Customers
5232,Premium,90,3,12642.26,4,1,1,New / Promising
4646,Retail,262,1,12640.1,2,1,1,Regular Customers
9166,Retail,90,3,12636.44,4,1,1,New / Promising
6769,Retail,292,3,12635.73,1,1,1,Lapsed Customers
8491,Retail,90,3,12628.42,4,1,1,New / Promising
4434,Retail,395,2,12626.61,1,1,1,Lapsed Customers
5417,Retail,316,5,12626.38,1,3,1,Regular Customers
1741,Retail,90,4,12624.58,4,2,1,New / Promising
1422,Retail,90,2,12618.8,4,1,1,New / Promising
3897,Retail,264,3,12616.17,2,1,1,Regular Customers
8526,Retail,180,3,12612.09,2,1,1,Regular Customers
8369,Retail,90,2,12610.38,4,1,1,New / Promising
9647,Retail,295,4,12606.69,1,2,1,Lapsed Customers
6007,Premium,179,5,12606.37,2,3,1,Regular Customers
4680,Retail,546,3,12605.9,1,1,1,Lapsed Customers
9574,Retail,296,5,12602.33,1,3,1,Regular Customers
5042,Retail,196,4,12579.12,2,2,1,Regular Customers
7499,Retail,297,3,12578.6,1,1,1,Lapsed Customers
1624,Retail,90,3,12577.91,4,1,1,New / Promising
5554,Retail,184,2,12576.41,2,1,1,Regular Customers
10,Retail,508,4,12572.7,1,2,1,Lapsed Customers
5605,Retail,212,3,12567.42,2,1,1,Regular Customers
9639,Retail,90,5,12562.73,3,3,1,Regular Customers
5144,Retail,90,3,12561.35,4,1,1,New / Promising
3349,Retail,171,7,12560.34,2,4,1,Regular Customers
5839,Retail,391,1,12539.24,1,1,1,Lapsed Customers
3382,Retail,90,3,12537.07,4,1,1,New / Promising
8614,Retail,178,3,12533.15,2,1,1,Regular Customers
2894,Retail,90,5,12531.15,3,3,1,Regular Customers
7931,Retail,309,2,12511.9,1,1,1,Lapsed Customers
1710,Retail,478,3,12511.66,1,1,1,Lapsed Customers
7599,Retail,413,4,12506.41,1,2,1,Lapsed Customers
7863,Retail,90,4,12504.14,4,2,1,New / Promising
4565,Retail,90,3,12489.85,4,1,1,New / Promising
8190,Premium,404,3,12484.28,1,1,1,Lapsed Customers
3596,Premium,387,3,12480.25,1,1,1,Lapsed Customers
9187,Retail,90,4,12477.83,4,2,1,New / Promising
204,Retail,162,2,12473.39,2,1,1,Regular Customers
5345,Retail,252,2,12466.46,2,1,1,Regular Customers
933,Retail,361,2,12464.49,1,1,1,Lapsed Customers
9613,Retail,364,1,12458.15,1,1,1,Lapsed Customers
4283,Retail,244,3,12450.63,2,1,1,Regular Customers
4930,Retail,233,2,12441.04,2,1,1,Regular Customers
4690,Retail,173,3,12436.96,2,1,1,Regular Customers
8401,Retail,103,4,12429.56,3,2,1,New / Promising
5424,Retail,459,2,12421.54,1,1,1,Lapsed Customers
125,Retail,90,4,12415.13,4,2,1,New / Promising
9353,Retail,569,3,12413.7,1,1,1,Lapsed Customers
5476,Retail,90,4,12399.99,4,2,1,New / Promising
3705,Retail,90,2,12399.95,4,1,1,New / Promising
857,Retail,90,3,12395.66,4,1,1,New / Promising
1408,Retail,90,4,12385.76,4,2,1,New / Promising
1767,Premium,258,2,12384.73,2,1,1,Regular Customers
267,Retail,282,4,12363.36,2,2,1,Regular Customers
240,Retail,201,4,12362.54,2,2,1,Regular Customers
9282,Retail,390,3,12361.84,1,1,1,Lapsed Customers
225,Retail,90,2,12360.73,4,1,1,New / Promising
6764,Retail,167,3,12359.89,2,1,1,Regular Customers
1591,Retail,90,3,12356.19,4,1,1,New / Promising
2185,Retail,90,3,12354.9,4,1,1,New / Promising
1929,Retail,333,2,12351.73,1,1,1,Lapsed Customers
6854,Premium,562,3,12349.26,1,1,1,Lapsed Customers
2444,Retail,478,6,12341.57,1,3,1,Regular Customers
2415,Retail,214,4,12340.28,2,2,1,Regular Customers
6233,Retail,317,4,12337.08,1,2,1,Lapsed Customers
4345,Retail,176,2,12333.05,2,1,1,Regular Customers
5550,Retail,116,4,12332.38,3,2,1,New / Promising
3917,Retail,557,2,12328.52,1,1,1,Lapsed Customers
8316,Retail,216,3,12328.17,2,1,1,Regular Customers
4633,Retail,413,4,12323.48,1,2,1,Lapsed Customers
3792,Premium,437,2,12306.56,1,1,1,Lapsed Customers
7426,Retail,90,3,12301.27,4,1,1,New / Promising
2037,Retail,123,4,12296.68,3,2,1,New / Promising
5374,Retail,187,5,12295.83,2,3,1,Regular Customers
1657,Retail,90,4,12294.08,4,2,1,New / Promising
413,Retail,90,3,12287.57,4,1,1,New / Promising
7235,Premium,244,3,12281.58,2,1,1,Regular Customers
2213,Retail,90,3,12280.86,4,1,1,New / Promising
7212,Retail,355,4,12263.18,1,2,1,Lapsed Customers
3144,Retail,90,3,12259.62,4,1,1,New / Promising
5927,Retail,90,3,12257.96,4,1,1,New / Promising
686,Retail,91,4,12256.67,3,2,1,New / Promising
190,Retail,308,2,12253.25,1,1,1,Lapsed Customers
6102,Retail,90,3,12251.83,4,1,1,New / Promising
6846,Retail,131,3,12251.6,3,1,1,New / Promising
6490,Premium,508,4,12248.31,1,2,1,Lapsed Customers
7972,Retail,245,3,12237.6,2,1,1,Regular Customers
9119,Retail,90,2,12237.59,4,1,1,New / Promising
2347,Retail,309,3,12231.17,1,1,1,Lapsed Customers
1328,Retail,191,2,12225.05,2,1,1,Regular Customers
7019,Retail,328,3,12206.66,1,1,1,Lapsed Customers
6753,Retail,182,4,12202.78,2,2,1,Regular Customers
897,Retail,169,2,12200.01,2,1,1,Regular Customers
2871,Retail,90,5,12186.86,3,3,1,Regular Customers
2647,Retail,108,4,12186.35,3,2,1,New / Promising
8070,Retail,397,4,12184.29,1,2,1,Lapsed Customers
4695,Retail,104,2,12178.47,3,1,1,New / Promising
792,Retail,353,2,12177.67,1,1,1,Lapsed Customers
2203,Retail,206,3,12172.69,2,1,1,Regular Customers
6762,Retail,90,4,12167.8,4,2,1,New / Promising
1472,Retail,90,4,12161.24,4,2,1,New / Promising
9225,Retail,438,3,12158.76,1,1,1,Lapsed Customers
3799,Retail,418,4,12154.75,1,2,1,Lapsed Customers
3437,Retail,378,5,12151.51,1,3,1,Regular Customers
3459,Retail,90,3,12142.17,4,1,1,New / Promising
1154,Retail,90,3,12140.66,4,1,1,New / Promising
8968,Retail,423,2,12135.5,1,1,1,Lapsed Customers
7485,Retail,539,3,12131.21,1,1,1,Lapsed Customers
875,Retail,90,2,12124.85,4,1,1,New / Promising
6529,Premium,165,1,12118.14,2,1,1,Regular Customers
2239,Retail,149,5,12107.07,2,3,1,Regular Customers
8018,Retail,371,4,12103.72,1,2,1,Lapsed Customers
9089,Retail,491,4,12103.37,1,2,1,Lapsed Customers
1750,Retail,193,3,12103.32,2,1,1,Regular Customers
148,Retail,433,1,12099.76,1,1,1,Lapsed Customers
7867,Retail,90,3,12096.46,4,1,1,New / Promising
5872,Retail,357,5,12094.01,1,3,1,Regular Customers
9521,Retail,90,4,12086.41,4,2,1,New / Promising
3852,Retail,384,3,12082.27,1,1,1,Lapsed Customers
9172,Retail,90,4,12076.37,4,2,1,New / Promising
1371,Premium,161,3,12074.4,2,1,1,Regular Customers
1636,Retail,119,4,12073.86,3,2,1,New / Promising
8054,Retail,103,2,12072.58,3,1,1,New / Promising
3528,Retail,449,6,12062.61,1,3,1,Regular Customers
8265,Retail,431,2,12056.17,1,1,1,Lapsed Customers
8685,Retail,90,4,12053.83,4,2,1,New / Promising
2799,Retail,90,4,12053.33,4,2,1,New / Promising
3187,Retail,90,3,12052.1,4,1,1,New / Promising
8433,Retail,444,3,12049.46,1,1,1,Lapsed Customers
5994,Retail,230,3,12039.95,2,1,1,Regular Customers
3294,Retail,331,3,12038.5,1,1,1,Lapsed Customers
7335,Retail,389,4,12027.91,1,2,1,Lapsed Customers
1429,Retail,169,3,12025.81,2,1,1,Regular Customers
8829,Retail,90,5,12021.57,3,3,1,Regular Customers
9949,Premium,90,3,12011.13,4,1,1,New / Promising
9771,Retail,492,4,12010.96,1,2,1,Lapsed Customers
2676,Retail,186,3,12009.69,2,1,1,Regular Customers
1653,Retail,481,3,12004.27,1,1,1,Lapsed Customers
6945,Retail,97,2,11996.85,3,1,1,New / Promising
1707,Retail,90,2,11992.09,4,1,1,New / Promising
1478,Retail,131,3,11980.42,3,1,1,New / Promising
6017,Retail,242,3,11970.19,2,1,1,Regular Customers
2912,Retail,402,3,11967.14,1,1,1,Lapsed Customers
5535,Retail,395,2,11965.06,1,1,1,Lapsed Customers
3121,Retail,90,4,11959.28,4,2,1,New / Promising
7646,Premium,90,6,11957.23,3,3,1,Regular Customers
5168,Premium,383,3,11957.0,1,1,1,Lapsed Customers
5052,Retail,267,7,11955.64,2,4,1,Regular Customers
126,Retail,216,3,11934.4,2,1,1,Regular Customers
5383,Retail,297,4,11919.35,1,2,1,Lapsed Customers
4893,Retail,521,2,11919.1,1,1,1,Lapsed Customers
6486,Retail,90,5,11895.89,3,3,1,Regular Customers
9966,Premium,320,3,11893.62,1,1,1,Lapsed Customers
3868,Retail,90,4,11863.73,4,2,1,New / Promising
4761,Premium,90,2,11858.24,4,1,1,New / Promising
4017,Retail,90,3,11839.01,4,1,1,New / Promising
2997,Retail,264,6,11831.68,2,3,1,Regular Customers
8936,Retail,93,2,11827.94,3,1,1,New / Promising
62,Retail,90,2,11807.0,4,1,1,New / Promising
2514,Retail,90,2,11797.52,4,1,1,New / Promising
7298,Retail,360,3,11793.14,1,1,1,Lapsed Customers
9435,Retail,90,4,11785.75,4,2,1,New / Promising
507,Retail,90,3,11781.56,4,1,1,New / Promising
9083,Retail,279,4,11774.95,2,2,1,Regular Customers
5931,Retail,90,3,11766.33,4,1,1,New / Promising
5657,Retail,146,2,11754.98,2,1,1,Regular Customers
9519,Retail,90,3,11751.49,4,1,1,New / Promising
1235,Retail,254,4,11740.09,2,2,1,Regular Customers
4067,Retail,90,2,11733.83,4,1,1,New / Promising
8244,Retail,90,2,11725.97,4,1,1,New / Promising
8229,Retail,90,3,11723.39,4,1,1,New / Promising
862,Retail,90,1,11722.82,4,1,1,New / Promising
653,Retail,375,4,11719.75,1,2,1,Lapsed Customers
8763,Retail,90,2,11718.07,4,1,1,New / Promising
6746,Premium,90,3,11709.21,4,1,1,New / Promising
2729,Retail,270,3,11702.08,2,1,1,Regular Customers
9433,Premium,90,3,11685.39,4,1,1,New / Promising
255,Premium,90,2,11684.25,4,1,1,New / Promising
4172,Retail,322,4,11657.56,1,2,1,Lapsed Customers
1100,Retail,174,2,11655.11,2,1,1,Regular Customers
63,Retail,278,3,11652.38,2,1,1,Regular Customers
2519,Retail,503,5,11649.63,1,3,1,Regular Customers
4652,Premium,90,3,11647.48,4,1,1,New / Promising
833,Retail,330,2,11647.38,1,1,1,Lapsed Customers
6897,Retail,381,5,11641.66,1,3,1,Regular Customers
6964,Retail,90,4,11639.53,4,2,1,New / Promising
932,Retail,90,5,11632.19,3,3,1,Regular Customers
6656,Retail,90,3,11631.97,4,1,1,New / Promising
8715,Retail,90,3,11618.12,4,1,1,New / Promising
4413,Retail,448,2,11610.62,1,1,1,Lapsed Customers
9515,Retail,90,4,11604.99,4,2,1,New / Promising
354,Retail,172,3,11595.17,2,1,1,Regular Customers
8178,Retail,147,3,11595.11,2,1,1,Regular Customers
9854,Retail,90,2,11592.32,4,1,1,New / Promising
599,Retail,90,3,11581.28,4,1,1,New / Promising
4052,Retail,258,4,11567.29,2,2,1,Regular Customers
1602,Retail,90,2,11565.28,4,1,1,New / Promising
8575,Retail,90,3,11556.61,4,1,1,New / Promising
6827,Retail,326,1,11554.19,1,1,1,Lapsed Customers
2450,Retail,491,3,11554.08,1,1,1,Lapsed Customers
8591,Retail,98,3,11543.44,3,1,1,New / Promising
2161,Retail,90,4,11536.43,4,2,1,New / Promising
7561,Retail,90,3,11534.68,4,1,1,New / Promising
1440,Retail,90,3,11531.85,4,1,1,New / Promising
3236,Retail,90,2,11529.88,4,1,1,New / Promising
8886,Retail,90,4,11529.64,4,2,1,New / Promising
2452,Retail,90,2,11527.24,4,1,1,New / Promising
7062,Premium,370,4,11525.64,1,2,1,Lapsed Customers
3379,Retail,90,2,11525.22,4,1,1,New / Promising
8370,Retail,163,2,11522.06,2,1,1,Regular Customers
1390,Retail,90,3,11519.51,4,1,1,New / Promising
1181,Retail,215,2,11516.65,2,1,1,Regular Customers
9439,Retail,90,6,11514.98,3,3,1,Regular Customers
7268,Retail,329,2,11513.02,1,1,1,Lapsed Customers
8998,Retail,90,3,11504.2,4,1,1,New / Promising
1225,Retail,90,3,11501.94,4,1,1,New / Promising
6947,Retail,90,4,11498.25,4,2,1,New / Promising
1744,Retail,435,3,11471.42,1,1,1,Lapsed Customers
9588,Retail,90,2,11458.7,4,1,1,New / Promising
8233,Retail,170,3,11456.67,2,1,1,Regular Customers
3027,Retail,469,2,11453.73,1,1,1,Lapsed Customers
6560,Retail,90,3,11445.94,4,1,1,New / Promising
4291,Retail,573,2,11445.27,1,1,1,Lapsed Customers
6687,Retail,376,3,11436.38,1,1,1,Lapsed Customers
5906,Retail,549,1,11427.69,1,1,1,Lapsed Customers
3395,Retail,158,2,11419.78,2,1,1,Regular Customers
3056,Retail,309,3,11418.65,1,1,1,Lapsed Customers
3247,Retail,90,3,11417.51,4,1,1,New / Promising
2166,Retail,90,1,11413.33,3,1,1,New / Promising
9479,Retail,223,5,11406.54,2,3,1,Regular Customers
4799,Retail,90,5,11392.02,3,3,1,Regular Customers
3551,Retail,321,2,11374.27,1,1,1,Lapsed Customers
1193,Retail,417,3,11366.7,1,1,1,Lapsed Customers
9180,Retail,90,3,11365.55,4,1,1,New / Promising
8464,Retail,490,4,11358.04,1,2,1,Lapsed Customers
1832,Retail,90,2,11355.71,4,1,1,New / Promising
8530,Retail,90,4,11352.59,4,2,1,New / Promising
5976,Retail,90,5,11338.36,3,3,1,Regular Customers
4312,Retail,90,3,11333.27,4,1,1,New / Promising
4355,Retail,90,3,11328.54,4,1,1,New / Promising
8185,Retail,90,3,11314.23,4,1,1,New / Promising
8420,Retail,283,5,11302.78,2,3,1,Regular Customers
3354,Retail,167,3,11302.35,2,1,1,Regular Customers
7685,Retail,342,2,11294.34,1,1,1,Lapsed Customers
8236,Retail,90,1,11293.38,4,1,1,New / Promising
8191,Retail,158,4,11280.6,2,2,1,Regular Customers
629,Retail,293,1,11274.62,1,1,1,Lapsed Customers
1882,Retail,276,2,11251.52,2,1,1,Regular Customers
2032,Retail,392,3,11244.32,1,1,1,Lapsed Customers
6573,Retail,531,5,11243.89,1,3,1,Regular Customers
8881,Retail,335,4,11242.71,1,2,1,Lapsed Customers
961,Retail,238,5,11236.3,2,3,1,Regular Customers
8814,Retail,90,3,11223.65,4,1,1,New / Promising
7511,Retail,198,2,11217.46,2,1,1,Regular Customers
4857,Retail,90,1,11216.1,4,1,1,New / Promising
6460,Retail,214,4,11215.77,2,2,1,Regular Customers
2171,Retail,578,1,11212.28,1,1,1,Lapsed Customers
9206,Retail,90,2,11211.88,4,1,1,New / Promising
4177,Retail,90,3,11209.62,4,1,1,New / Promising
4908,Premium,90,2,11185.41,4,1,1,New / Promising
5432,Retail,269,4,11185.31,2,2,1,Regular Customers
5396,Retail,90,4,11177.25,4,2,1,New / Promising
2759,Retail,351,2,11175.09,1,1,1,Lapsed Customers
4253,Premium,90,2,11166.98,4,1,1,New / Promising
5941,Retail,251,1,11156.01,2,1,1,Regular Customers
1783,Retail,386,3,11127.25,1,1,1,Lapsed Customers
3884,Retail,283,4,11124.84,2,2,1,Regular Customers
4524,Retail,90,4,11115.0,4,2,1,New / Promising
1519,Retail,261,3,11109.18,2,1,1,Regular Customers
8135,Retail,221,1,11107.76,2,1,1,Regular Customers
4892,Retail,191,4,11104.75,2,2,1,Regular Customers
2883,Retail,216,3,11088.55,2,1,1,Regular Customers
7762,Retail,244,1,11088.22,2,1,1,Regular Customers
9232,Retail,90,3,11080.77,4,1,1,New / Promising
2864,Retail,190,3,11079.04,2,1,1,Regular Customers
2586,Retail,245,5,11074.86,2,3,1,Regular Customers
7038,Retail,217,2,11074.3,2,1,1,Regular Customers
6139,Retail,329,3,11067.5,1,1,1,Lapsed Customers
3067,Retail,90,3,11059.65,4,1,1,New / Promising
6908,Premium,512,3,11056.38,1,1,1,Lapsed Customers
7642,Retail,90,4,11055.8,4,2,1,New / Promising
1002,Retail,112,4,11054.17,3,2,1,New / Promising
5182,Retail,90,2,11050.35,4,1,1,New / Promising
8880,Retail,90,3,11045.83,4,1,1,New / Promising
7796,Retail,396,3,11042.78,1,1,1,Lapsed Customers
7181,Retail,320,1,11041.97,1,1,1,Lapsed Customers
1956,Retail,274,2,11041.0,2,1,1,Regular Customers
5600,Premium,129,4,11039.67,3,2,1,New / Promising
9738,Retail,277,2,11027.6,2,1,1,Regular Customers
2470,Retail,253,5,11027.56,2,3,1,Regular Customers
7220,Retail,376,2,11026.67,1,1,1,Lapsed Customers
1273,Retail,90,2,11026.17,4,1,1,New / Promising
5003,Retail,90,4,11025.42,4,2,1,New / Promising
908,Retail,466,4,11020.58,1,2,1,Lapsed Customers
3610,Retail,268,2,11013.54,2,1,1,Regular Customers
1910,Retail,90,3,11012.46,4,1,1,New / Promising
8306,Retail,186,3,11007.39,2,1,1,Regular Customers
7589,Retail,226,2,11005.29,2,1,1,Regular Customers
7075,Retail,124,4,10996.91,3,2,1,New / Promising
9440,Premium,205,4,10996.74,2,2,1,Regular Customers
3651,Retail,503,3,10991.87,1,1,1,Lapsed Customers
552,Retail,153,5,10989.39,2,3,1,Regular Customers
8484,Retail,91,3,10981.06,3,1,1,New / Promising
4169,Retail,364,2,10971.59,1,1,1,Lapsed Customers
6888,Retail,405,3,10968.44,1,1,1,Lapsed Customers
8669,Retail,487,3,10966.12,1,1,1,Lapsed Customers
1821,Retail,257,2,10948.99,2,1,1,Regular Customers
4956,Retail,403,3,10940.58,1,1,1,Lapsed Customers
8347,Premium,287,4,10936.06,1,2,1,Lapsed Customers
7437,Retail,90,2,10925.26,4,1,1,New / Promising
1538,Retail,374,2,10924.32,1,1,1,Lapsed Customers
7568,Retail,372,3,10923.46,1,1,1,Lapsed Customers
5081,Retail,101,6,10921.5,3,3,1,Regular Customers
1063,Retail,351,2,10917.32,1,1,1,Lapsed Customers
8695,Retail,378,4,10912.27,1,2,1,Lapsed Customers
3140,Retail,90,3,10906.02,4,1,1,New / Promising
9311,Retail,90,4,10902.04,4,2,1,New / Promising
9422,Retail,186,2,10898.58,2,1,1,Regular Customers
2323,Retail,298,2,10886.02,1,1,1,Lapsed Customers
946,Retail,266,2,10883.56,2,1,1,Regular Customers
624,Retail,292,2,10882.73,1,1,1,Lapsed Customers
3734,Retail,90,2,10878.56,4,1,1,New / Promising
7517,Retail,90,3,10873.08,4,1,1,New / Promising
8167,Retail,394,2,10872.86,1,1,1,Lapsed Customers
1951,Retail,90,3,10872.68,4,1,1,New / Promising
6693,Retail,90,3,10870.16,4,1,1,New / Promising
2063,Retail,369,3,10869.74,1,1,1,Lapsed Customers
6537,Retail,366,4,10866.39,1,2,1,Lapsed Customers
2639,Retail,311,6,10860.84,1,3,1,Regular Customers
4534,Retail,232,4,10860.04,2,2,1,Regular Customers
6079,Retail,120,3,10854.34,3,1,1,New / Promising
2310,Retail,90,2,10847.39,4,1,1,New / Promising
4944,Retail,90,2,10834.62,4,1,1,New / Promising
1372,Retail,312,3,10831.99,1,1,1,Lapsed Customers
7757,Retail,318,2,10831.63,1,1,1,Lapsed Customers
1612,Retail,497,3,10830.96,1,1,1,Lapsed Customers
8250,Retail,90,4,10820.8,4,2,1,New / Promising
8207,Retail,90,3,10819.84,4,1,1,New / Promising
2557,Retail,90,2,10809.66,4,1,1,New / Promising
5245,Retail,418,3,10798.12,1,1,1,Lapsed Customers
5135,Retail,95,4,10793.34,3,2,1,New / Promising
9354,Retail,473,4,10788.0,1,2,1,Lapsed Customers
4160,Retail,395,3,10776.79,1,1,1,Lapsed Customers
6950,Retail,209,3,10767.84,2,1,1,Regular Customers
5165,Retail,232,4,10759.37,2,2,1,Regular Customers
7383,Premium,407,4,10758.77,1,2,1,Lapsed Customers
8252,Retail,225,3,10756.75,2,1,1,Regular Customers
6047,Premium,430,2,10745.53,1,1,1,Lapsed Customers
9427,Retail,183,2,10743.72,2,1,1,Regular Customers
4199,Retail,90,5,10732.47,3,3,1,Regular Customers
2849,Retail,333,4,10724.96,1,2,1,Lapsed Customers
6703,Retail,149,2,10708.8,2,1,1,Regular Customers
2313,Retail,213,3,10681.7,2,1,1,Regular Customers
7473,Retail,90,5,10680.3,3,3,1,Regular Customers
4674,Retail,90,3,10662.19,4,1,1,New / Promising
409,Retail,90,2,10661.19,4,1,1,New / Promising
2930,Retail,243,3,10656.07,2,1,1,Regular Customers
7159,Retail,438,2,10636.86,1,1,1,Lapsed Customers
1984,Premium,90,3,10635.27,4,1,1,New / Promising
2375,Retail,90,3,10633.87,4,1,1,New / Promising
6092,Retail,90,3,10616.75,4,1,1,New / Promising
5780,Retail,337,2,10600.28,1,1,1,Lapsed Customers
6406,Retail,90,2,10590.81,4,1,1,New / Promising
6345,Retail,431,4,10579.4,1,2,1,Lapsed Customers
1355,Retail,90,5,10575.81,3,3,1,Regular Customers
4073,Retail,90,3,10573.44,4,1,1,New / Promising
1665,Retail,288,3,10562.88,1,1,1,Lapsed Customers
4303,Retail,368,3,10562.88,1,1,1,Lapsed Customers
381,Retail,435,3,10556.64,1,1,1,Lapsed Customers
842,Retail,90,4,10538.51,4,2,1,New / Promising
5670,Retail,109,2,10524.97,3,1,1,New / Promising
4344,Retail,479,1,10519.33,1,1,1,Lapsed Customers
2048,Retail,157,4,10518.06,2,2,1,Regular Customers
9680,Retail,292,5,10514.04,1,3,1,Regular Customers
8053,Retail,306,3,10512.22,1,1,1,Lapsed Customers
8334,Retail,477,4,10501.65,1,2,1,Lapsed Customers
7896,Retail,403,4,10496.04,1,2,1,Lapsed Customers
5380,Retail,265,1,10494.38,2,1,1,Regular Customers
2696,Retail,143,4,10487.63,2,2,1,Regular Customers
1180,Retail,426,5,10485.25,1,3,1,Regular Customers
5123,Retail,162,4,10483.32,2,2,1,Regular Customers
1036,Premium,90,3,10476.12,4,1,1,New / Promising
2219,Retail,184,4,10474.94,2,2,1,Regular Customers
8159,Premium,90,3,10467.24,4,1,1,New / Promising
3089,Retail,351,3,10467.01,1,1,1,Lapsed Customers
2408,Retail,246,2,10463.92,2,1,1,Regular Customers
8177,Retail,502,2,10458.74,1,1,1,Lapsed Customers
1794,Retail,165,4,10458.55,2,2,1,Regular Customers
1747,Retail,90,2,10455.52,4,1,1,New / Promising
2948,Retail,173,2,10445.04,2,1,1,Regular Customers
3016,Retail,202,3,10444.99,2,1,1,Regular Customers
3583,Retail,374,2,10436.53,1,1,1,Lapsed Customers
9958,Retail,182,1,10428.01,2,1,1,Regular Customers
3983,Retail,90,4,10424.18,4,2,1,New / Promising
9095,Retail,450,2,10418.93,1,1,1,Lapsed Customers
3665,Retail,278,3,10415.18,2,1,1,Regular Customers
4677,Retail,255,2,10411.79,2,1,1,Regular Customers
7179,Retail,359,2,10411.14,1,1,1,Lapsed Customers
521,Retail,90,3,10401.69,4,1,1,New / Promising
3375,Retail,90,4,10396.96,4,2,1,New / Promising
2927,Retail,122,2,10392.67,3,1,1,New / Promising
9727,Retail,90,5,10392.15,3,3,1,Regular Customers
9423,Retail,175,3,10389.71,2,1,1,Regular Customers
3129,Retail,270,2,10372.83,2,1,1,Regular Customers
4107,Retail,285,3,10367.92,1,1,1,Lapsed Customers
6840,Retail,139,1,10362.9,3,1,1,New / Promising
1205,Retail,90,4,10337.54,4,2,1,New / Promising
568,Retail,349,4,10336.17,1,2,1,Lapsed Customers
8471,Retail,90,4,10316.45,4,2,1,New / Promising
5402,Retail,183,3,10309.66,2,1,1,Regular Customers
4147,Retail,359,3,10309.64,1,1,1,Lapsed Customers
4836,Retail,274,3,10306.75,2,1,1,Regular Customers
4527,Retail,173,4,10303.71,2,2,1,Regular Customers
7050,Premium,298,2,10303.64,1,1,1,Lapsed Customers
2426,Retail,98,3,10301.83,3,1,1,New / Promising
3098,Retail,339,4,10286.35,1,2,1,Lapsed Customers
3916,Retail,350,2,10283.56,1,1,1,Lapsed Customers
6570,Retail,425,2,10283.4,1,1,1,Lapsed Customers
4992,Retail,90,3,10276.79,4,1,1,New / Promising
9295,Retail,460,6,10274.3,1,3,1,Regular Customers
2652,Retail,90,2,10255.55,4,1,1,New / Promising
5850,Retail,510,5,10250.46,1,3,1,Regular Customers
6441,Retail,90,3,10250.39,4,1,1,New / Promising
9077,Retail,228,2,10237.1,2,1,1,Regular Customers
8851,Retail,427,1,10235.13,1,1,1,Lapsed Customers
2260,Retail,90,3,10233.31,4,1,1,New / Promising
2739,Retail,226,2,10227.63,2,1,1,Regular Customers
5529,Retail,376,2,10223.75,1,1,1,Lapsed Customers
1925,Retail,420,2,10220.61,1,1,1,Lapsed Customers
8748,Retail,265,3,10217.07,2,1,1,Regular Customers
9378,Retail,90,5,10214.92,3,3,1,Regular Customers
9011,Premium,201,3,10214.63,2,1,1,Regular Customers
1920,Retail,133,3,10213.75,3,1,1,New / Promising
2366,Retail,489,3,10208.03,1,1,1,Lapsed Customers
2967,Retail,90,3,10200.69,4,1,1,New / Promising
9768,Retail,333,3,10197.25,1,1,1,Lapsed Customers
9690,Premium,383,2,10185.05,1,1,1,Lapsed Customers
9981,Retail,332,3,10184.97,1,1,1,Lapsed Customers
1329,Retail,90,3,10182.77,4,1,1,New / Promising
6563,Retail,90,4,10181.8,4,2,1,New / Promising
6158,Premium,90,4,10173.79,4,2,1,New / Promising
3546,Retail,274,3,10163.08,2,1,1,Regular Customers
6747,Retail,381,1,10162.65,1,1,1,Lapsed Customers
6890,Retail,90,3,10143.25,4,1,1,New / Promising
5736,Retail,90,3,10143.05,4,1,1,New / Promising
4649,Retail,287,1,10142.64,1,1,1,Lapsed Customers
1214,Retail,90,2,10138.36,4,1,1,New / Promising
3907,Retail,152,2,10138.05,2,1,1,Regular Customers
683,Retail,90,2,10133.81,4,1,1,New / Promising
4826,Retail,138,3,10121.96,3,1,1,New / Promising
8536,Retail,125,4,10110.02,3,2,1,New / Promising
6651,Retail,287,1,10107.63,1,1,1,Lapsed Customers
8448,Retail,217,1,10106.72,2,1,1,Regular Customers
8832,Retail,217,3,10106.53,2,1,1,Regular Customers
6944,Retail,200,4,10099.51,2,2,1,Regular Customers
5686,Retail,153,2,10098.22,2,1,1,Regular Customers
1356,Retail,262,2,10081.16,2,1,1,Regular Customers
3592,Retail,382,2,10079.24,1,1,1,Lapsed Customers
5587,Retail,277,3,10072.59,2,1,1,Regular Customers
1139,Retail,228,2,10069.75,2,1,1,Regular Customers
6031,Retail,90,2,10068.94,4,1,1,New / Promising
1985,Retail,173,3,10064.19,2,1,1,Regular Customers
1597,Retail,197,3,10057.66,2,1,1,Regular Customers
6779,Retail,254,4,10057.52,2,2,1,Regular Customers
8093,Retail,230,3,10054.3,2,1,1,Regular Customers
5451,Retail,412,4,10046.18,1,2,1,Lapsed Customers
5545,Retail,339,2,10046.13,1,1,1,Lapsed Customers
543,Retail,458,2,10044.15,1,1,1,Lapsed Customers
69,Retail,312,2,10040.2,1,1,1,Lapsed Customers
1258,Retail,162,2,10028.14,2,1,1,Regular Customers
9903,Retail,354,2,10027.62,1,1,1,Lapsed Customers
3338,Retail,523,2,10025.98,1,1,1,Lapsed Customers
6251,Retail,190,1,10016.67,2,1,1,Regular Customers
4566,Retail,364,3,10013.94,1,1,1,Lapsed Customers
1289,Retail,143,4,10001.22,2,2,1,Regular Customers
253,Retail,177,4,9998.7,2,2,1,Regular Customers
3326,Retail,90,3,9993.79,4,1,1,New / Promising
9141,Retail,154,2,9989.66,2,1,1,Regular Customers
7322,Retail,405,3,9981.29,1,1,1,Lapsed Customers
8072,Retail,103,3,9979.92,3,1,1,New / Promising
5649,Retail,90,3,9978.96,4,1,1,New / Promising
2533,Retail,90,2,9978.09,4,1,1,New / Promising
4522,Retail,90,3,9966.32,4,1,1,New / Promising
4549,Retail,245,3,9964.9,2,1,1,Regular Customers
9564,Premium,90,4,9952.43,4,2,1,New / Promising
2328,Retail,179,3,9946.95,2,1,1,Regular Customers
8690,Retail,90,5,9942.78,3,3,1,Regular Customers
6464,Retail,218,2,9941.61,2,1,1,Regular Customers
8385,Retail,90,3,9940.59,4,1,1,New / Promising
1142,Retail,244,3,9936.47,2,1,1,Regular Customers
3656,Retail,366,2,9929.56,1,1,1,Lapsed Customers
8139,Retail,90,2,9929.16,4,1,1,New / Promising
845,Retail,218,2,9927.56,2,1,1,Regular Customers
198,Retail,504,2,9923.76,1,1,1,Lapsed Customers
6730,Retail,234,3,9920.41,2,1,1,Regular Customers
5048,Retail,90,4,9920.28,4,2,1,New / Promising
1430,Retail,147,2,9918.84,2,1,1,Regular Customers
4795,Retail,318,4,9909.89,1,2,1,Lapsed Customers
3689,Retail,90,2,9905.99,4,1,1,New / Promising
7228,Retail,90,3,9903.24,4,1,1,New / Promising
6196,Retail,257,3,9901.95,2,1,1,Regular Customers
6264,Retail,108,3,9898.8,3,1,1,New / Promising
4170,Retail,258,6,9890.41,2,3,1,Regular Customers
7607,Retail,331,3,9886.26,1,1,1,Lapsed Customers
7333,Retail,189,3,9884.01,2,1,1,Regular Customers
949,Retail,90,4,9878.56,4,2,1,New / Promising
7583,Retail,232,2,9875.3,2,1,1,Regular Customers
7102,Retail,108,2,9875.16,3,1,1,New / Promising
9289,Retail,410,4,9873.71,1,2,1,Lapsed Customers
7279,Retail,243,3,9870.86,2,1,1,Regular Customers
5984,Retail,97,4,9865.86,3,2,1,New / Promising
9480,Retail,90,4,9865.49,4,2,1,New / Promising
8844,Retail,377,3,9864.14,1,1,1,Lapsed Customers
7521,Retail,432,2,9832.57,1,1,1,Lapsed Customers
2666,Retail,280,2,9829.55,2,1,1,Regular Customers
5655,Retail,236,3,9821.74,2,1,1,Regular Customers
6820,Retail,528,2,9792.83,1,1,1,Lapsed Customers
4456,Retail,389,1,9791.7,1,1,1,Lapsed Customers
1467,Retail,220,2,9781.89,2,1,1,Regular Customers
9065,Retail,90,3,9766.91,4,1,1,New / Promising
5576,Retail,90,3,9766.18,4,1,1,New / Promising
592,Premium,142,3,9761.83,2,1,1,Regular Customers
4383,Retail,325,3,9753.65,1,1,1,Lapsed Customers
8033,Retail,264,4,9748.11,2,2,1,Regular Customers
7251,Retail,224,3,9738.78,2,1,1,Regular Customers
6833,Retail,120,3,9734.04,3,1,1,New / Promising
4838,Retail,280,3,9727.6,2,1,1,Regular Customers
8181,Retail,343,2,9716.32,1,1,1,Lapsed Customers
636,Retail,90,1,9714.21,4,1,1,New / Promising
4794,Retail,440,3,9707.98,1,1,1,Lapsed Customers
5894,Retail,90,3,9705.71,4,1,1,New / Promising
6658,Retail,289,3,9699.46,1,1,1,Lapsed Customers
4817,Retail,90,2,9697.06,4,1,1,New / Promising
8858,Retail,144,3,9695.49,2,1,1,Regular Customers
1136,Retail,271,2,9693.95,2,1,1,Regular Customers
4034,Premium,254,2,9692.94,2,1,1,Regular Customers
632,Retail,100,2,9683.78,3,1,1,New / Promising
3980,Retail,475,3,9677.12,1,1,1,Lapsed Customers
7586,Retail,303,1,9667.11,1,1,1,Lapsed Customers
5364,Retail,90,4,9648.25,4,2,1,New / Promising
5792,Premium,348,3,9644.55,1,1,1,Lapsed Customers
8332,Retail,215,2,9643.64,2,1,1,Regular Customers
1989,Retail,321,2,9643.12,1,1,1,Lapsed Customers
9082,Retail,337,6,9642.75,1,3,1,Regular Customers
5448,Retail,136,2,9636.16,3,1,1,New / Promising
9950,Retail,178,3,9613.23,2,1,1,Regular Customers
8996,Retail,336,3,9612.36,1,1,1,Lapsed Customers
5174,Retail,114,3,9607.3,3,1,1,New / Promising
872,Retail,90,2,9599.22,4,1,1,New / Promising
60,Retail,161,2,9593.96,2,1,1,Regular Customers
1464,Retail,466,3,9592.35,1,1,1,Lapsed Customers
5001,Premium,358,3,9585.6,1,1,1,Lapsed Customers
1315,Retail,138,2,9577.92,3,1,1,New / Promising
1986,Retail,90,3,9564.99,4,1,1,New / Promising
175,Retail,246,4,9564.33,2,2,1,Regular Customers
5904,Retail,90,2,9558.6,4,1,1,New / Promising
3758,Retail,222,3,9551.09,2,1,1,Regular Customers
2961,Retail,90,1,9539.01,4,1,1,New / Promising
4215,Retail,100,4,9536.23,3,2,1,New / Promising
4051,Retail,161,2,9533.18,2,1,1,Regular Customers
4853,Retail,296,3,9516.88,1,1,1,Lapsed Customers
2649,Retail,129,2,9513.28,3,1,1,New / Promising
5349,Retail,298,2,9513.06,1,1,1,Lapsed Customers
5150,Retail,222,3,9508.99,2,1,1,Regular Customers
8594,Retail,247,2,9499.63,2,1,1,Regular Customers
2248,Retail,414,3,9498.23,1,1,1,Lapsed Customers
5190,Retail,401,2,9497.83,1,1,1,Lapsed Customers
3244,Retail,90,2,9496.99,3,1,1,New / Promising
5772,Retail,114,2,9495.49,3,1,1,New / Promising
7077,Retail,190,2,9493.63,2,1,1,Regular Customers
1558,Retail,147,4,9491.91,2,2,1,Regular Customers
1776,Retail,429,3,9490.64,1,1,1,Lapsed Customers
2571,Retail,90,1,9487.4,3,1,1,New / Promising
9385,Retail,235,3,9487.1,2,1,1,Regular Customers
5157,Retail,90,3,9485.02,4,1,1,New / Promising
8455,Retail,117,2,9482.39,3,1,1,New / Promising
6914,Retail,90,2,9475.64,3,1,1,New / Promising
9448,Retail,106,2,9473.21,3,1,1,New / Promising
8083,Retail,243,2,9457.44,2,1,1,Regular Customers
7353,Retail,329,1,9457.12,1,1,1,Lapsed Customers
5255,Retail,393,1,9456.69,1,1,1,Lapsed Customers
5828,Retail,159,4,9456.38,2,2,1,Regular Customers
2289,Retail,136,2,9452.41,3,1,1,New / Promising
6852,Retail,256,1,9446.07,2,1,1,Regular Customers
6253,Retail,90,2,9443.26,3,1,1,New / Promising
3611,Retail,184,3,9442.8,2,1,1,Regular Customers
6142,Retail,109,2,9442.49,3,1,1,New / Promising
8496,Retail,474,2,9438.18,1,1,1,Lapsed Customers
2787,Retail,134,3,9431.64,3,1,1,New / Promising
1359,Retail,294,3,9417.3,1,1,1,Lapsed Customers
6113,Retail,90,3,9406.77,4,1,1,New / Promising
5778,Retail,292,5,9368.17,1,3,1,Regular Customers
3460,Retail,195,4,9353.98,2,2,1,Regular Customers
120,Retail,226,3,9344.83,2,1,1,Regular Customers
706,Retail,251,2,9341.25,2,1,1,Regular Customers
3737,Retail,90,4,9339.04,4,2,1,New / Promising
7526,Retail,410,3,9320.3,1,1,1,Lapsed Customers
8752,Retail,249,3,9308.39,2,1,1,Regular Customers
3363,Retail,411,2,9295.17,1,1,1,Lapsed Customers
5771,Retail,422,2,9284.92,1,1,1,Lapsed Customers
6545,Retail,508,4,9283.83,1,2,1,Lapsed Customers
7346,Retail,92,4,9278.52,3,2,1,New / Promising
3647,Retail,90,2,9277.19,3,1,1,New / Promising
7725,Retail,95,2,9276.3,3,1,1,New / Promising
167,Retail,283,2,9263.39,2,1,1,Regular Customers
1001,Retail,181,3,9256.89,2,1,1,Regular Customers
731,Retail,90,1,9256.8,3,1,1,New / Promising
2102,Retail,215,3,9247.51,2,1,1,Regular Customers
8482,Retail,130,5,9246.76,3,3,1,Regular Customers
4598,Retail,487,4,9246.34,1,2,1,Lapsed Customers
8721,Retail,90,3,9232.67,4,1,1,New / Promising
9791,Premium,497,2,9231.03,1,1,1,Lapsed Customers
7962,Retail,141,2,9218.71,3,1,1,New / Promising
6384,Retail,569,4,9202.45,1,2,1,Lapsed Customers
476,Retail,90,3,9198.2,4,1,1,New / Promising
7110,Retail,334,5,9192.52,1,3,1,Regular Customers
8681,Retail,90,4,9188.74,4,2,1,New / Promising
2417,Retail,238,4,9182.55,2,2,1,Regular Customers
4694,Retail,90,3,9180.11,4,1,1,New / Promising
3031,Retail,103,3,9178.57,3,1,1,New / Promising
1298,Retail,150,3,9177.97,2,1,1,Regular Customers
419,Retail,234,2,9175.42,2,1,1,Regular Customers
5750,Retail,452,3,9172.48,1,1,1,Lapsed Customers
2757,Retail,90,3,9169.43,4,1,1,New / Promising
801,Retail,528,2,9167.63,1,1,1,Lapsed Customers
7450,Retail,90,2,9165.67,3,1,1,New / Promising
7768,Retail,353,3,9160.94,1,1,1,Lapsed Customers
1238,Retail,319,3,9159.99,1,1,1,Lapsed Customers
4621,Retail,162,4,9155.4,2,2,1,Regular Customers
1111,Retail,90,4,9153.59,4,2,1,New / Promising
7657,Retail,90,3,9136.37,4,1,1,New / Promising
8535,Retail,348,2,9131.23,1,1,1,Lapsed Customers
2418,Premium,467,3,9116.93,1,1,1,Lapsed Customers
4036,Retail,465,1,9102.3,1,1,1,Lapsed Customers
1527,Retail,175,4,9100.26,2,2,1,Regular Customers
7814,Retail,123,1,9099.7,3,1,1,New / Promising
9122,Retail,90,5,9099.39,3,3,1,Regular Customers
7946,Retail,277,2,9095.11,2,1,1,Regular Customers
4798,Retail,218,4,9076.06,2,2,1,Regular Customers
1550,Retail,597,4,9074.78,1,2,1,Lapsed Customers
6399,Retail,90,3,9069.11,4,1,1,New / Promising
7820,Retail,205,3,9057.17,2,1,1,Regular Customers
2842,Retail,178,5,9057.09,2,3,1,Regular Customers
5971,Retail,90,3,9055.1,4,1,1,New / Promising
888,Retail,174,2,9050.87,2,1,1,Regular Customers
8314,Premium,136,1,9047.45,3,1,1,New / Promising
7747,Premium,90,3,9042.4,4,1,1,New / Promising
7587,Retail,90,2,9036.91,3,1,1,New / Promising
301,Retail,405,2,9033.15,1,1,1,Lapsed Customers
7895,Retail,90,2,9030.81,3,1,1,New / Promising
5680,Retail,426,1,9024.19,1,1,1,Lapsed Customers
8001,Retail,178,4,9022.96,2,2,1,Regular Customers
9333,Retail,90,1,9020.09,4,1,1,New / Promising
913,Retail,401,2,9012.09,1,1,1,Lapsed Customers
922,Retail,247,2,9003.29,2,1,1,Regular Customers
7802,Retail,170,3,9003.11,2,1,1,Regular Customers
1318,Premium,273,2,9001.62,2,1,1,Regular Customers
2147,Retail,496,4,9001.06,1,2,1,Lapsed Customers
6878,Retail,446,3,8982.63,1,1,1,Lapsed Customers
7022,Retail,90,4,8982.0,4,2,1,New / Promising
6132,Retail,90,3,8974.12,4,1,1,New / Promising
8012,Retail,413,3,8974.08,1,1,1,Lapsed Customers
4933,Retail,90,3,8967.85,4,1,1,New / Promising
2044,Retail,90,3,8952.07,4,1,1,New / Promising
6725,Retail,90,3,8946.19,4,1,1,New / Promising
383,Premium,90,3,8941.95,4,1,1,New / Promising
7249,Retail,321,2,8932.51,1,1,1,Lapsed Customers
832,Retail,372,3,8931.58,1,1,1,Lapsed Customers
6438,Retail,90,2,8930.92,3,1,1,New / Promising
6918,Retail,577,3,8919.68,1,1,1,Lapsed Customers
9612,Retail,90,3,8916.73,4,1,1,New / Promising
51,Retail,177,2,8910.3,2,1,1,Regular Customers
680,Retail,90,3,8900.54,4,1,1,New / Promising
3411,Retail,447,3,8899.65,1,1,1,Lapsed Customers
9819,Retail,364,2,8899.62,1,1,1,Lapsed Customers
8494,Retail,135,3,8896.5,3,1,1,New / Promising
2346,Retail,366,4,8895.04,1,2,1,Lapsed Customers
4923,Retail,120,3,8894.35,3,1,1,New / Promising
2956,Retail,90,2,8892.83,3,1,1,New / Promising
2714,Retail,90,3,8892.44,4,1,1,New / Promising
6818,Retail,125,3,8890.37,3,1,1,New / Promising
5187,Retail,90,3,8889.98,4,1,1,New / Promising
7373,Retail,194,3,8888.29,2,1,1,Regular Customers
671,Retail,90,1,8874.85,4,1,1,New / Promising
1895,Retail,288,3,8867.79,1,1,1,Lapsed Customers
56,Retail,596,3,8854.5,1,1,1,Lapsed Customers
953,Retail,164,2,8853.16,2,1,1,Regular Customers
295,Premium,104,4,8839.27,3,2,1,New / Promising
9514,Retail,257,2,8830.26,2,1,1,Regular Customers
2821,Retail,90,1,8825.1,3,1,1,New / Promising
7626,Retail,90,3,8817.86,4,1,1,New / Promising
8716,Retail,90,2,8811.42,3,1,1,New / Promising
558,Retail,132,2,8796.0,3,1,1,New / Promising
3213,Retail,404,2,8785.05,1,1,1,Lapsed Customers
648,Retail,195,3,8779.77,2,1,1,Regular Customers
3577,Retail,151,3,8778.38,2,1,1,Regular Customers
2127,Retail,325,2,8754.93,1,1,1,Lapsed Customers
9462,Retail,248,3,8753.86,2,1,1,Regular Customers
8168,Retail,373,2,8751.54,1,1,1,Lapsed Customers
6156,Retail,251,4,8745.09,2,2,1,Regular Customers
5747,Retail,299,3,8738.05,1,1,1,Lapsed Customers
1927,Retail,357,4,8733.46,1,2,1,Lapsed Customers
3524,Retail,394,3,8730.47,1,1,1,Lapsed Customers
8812,Premium,267,1,8726.49,2,1,1,Regular Customers
8227,Retail,90,2,8722.97,4,1,1,New / Promising
853,Retail,90,2,8712.67,4,1,1,New / Promising
1734,Premium,90,1,8705.88,4,1,1,New / Promising
9097,Premium,217,2,8701.43,2,1,1,Regular Customers
2816,Retail,266,2,8688.83,2,1,1,Regular Customers
4278,Retail,90,4,8670.38,4,2,1,New / Promising
4605,Retail,439,3,8663.08,1,1,1,Lapsed Customers
7594,Retail,90,4,8660.83,4,2,1,New / Promising
8119,Retail,414,1,8654.24,1,1,1,Lapsed Customers
8679,Retail,243,2,8653.59,2,1,1,Regular Customers
1942,Retail,331,5,8633.03,1,3,1,Regular Customers
1845,Retail,90,4,8629.36,4,2,1,New / Promising
6892,Retail,455,1,8612.42,1,1,1,Lapsed Customers
8616,Retail,193,2,8608.5,2,1,1,Regular Customers
4530,Retail,246,4,8603.32,2,2,1,Regular Customers
4095,Retail,90,4,8603.01,4,2,1,New / Promising
9929,Retail,264,1,8600.27,2,1,1,Regular Customers
1453,Retail,271,2,8600.25,2,1,1,Regular Customers
549,Retail,90,3,8581.6,4,1,1,New / Promising
8905,Retail,274,2,8570.65,2,1,1,Regular Customers
1081,Retail,149,3,8565.12,2,1,1,Regular Customers
49,Retail,90,4,8545.97,4,2,1,New / Promising
4455,Retail,90,3,8535.55,4,1,1,New / Promising
6275,Retail,189,3,8533.23,2,1,1,Regular Customers
604,Premium,498,4,8529.48,1,2,1,Lapsed Customers
4009,Retail,113,4,8525.7,3,2,1,New / Promising
2890,Retail,365,2,8525.46,1,1,1,Lapsed Customers
1871,Retail,517,1,8511.51,1,1,1,Lapsed Customers
5444,Retail,90,4,8511.02,4,2,1,New / Promising
6224,Retail,384,5,8504.69,1,3,1,Regular Customers
4047,Retail,190,1,8490.15,2,1,1,Regular Customers
6724,Retail,196,2,8462.13,2,1,1,Regular Customers
7475,Retail,227,4,8460.93,2,2,1,Regular Customers
8901,Retail,374,2,8457.09,1,1,1,Lapsed Customers
9463,Retail,283,1,8441.96,2,1,1,Regular Customers
1691,Retail,90,3,8437.56,4,1,1,New / Promising
3741,Retail,368,2,8432.92,1,1,1,Lapsed Customers
6627,Retail,90,4,8424.51,4,2,1,New / Promising
7979,Retail,262,5,8411.14,2,3,1,Regular Customers
9943,Retail,112,3,8402.13,3,1,1,New / Promising
6857,Retail,203,3,8399.1,2,1,1,Regular Customers
4532,Retail,540,1,8394.27,1,1,1,Lapsed Customers
9532,Retail,201,4,8387.74,2,2,1,Regular Customers
9619,Retail,134,3,8382.42,3,1,1,New / Promising
9802,Retail,290,4,8381.43,1,2,1,Lapsed Customers
3193,Retail,90,2,8373.76,4,1,1,New / Promising
7853,Retail,208,3,8373.37,2,1,1,Regular Customers
235,Premium,250,3,8369.14,2,1,1,Regular Customers
5513,Retail,90,2,8367.39,4,1,1,New / Promising
9222,Retail,90,3,8360.16,4,1,1,New / Promising
2355,Retail,322,3,8360.07,1,1,1,Lapsed Customers
2906,Retail,128,4,8358.97,3,2,1,New / Promising
2629,Retail,90,3,8357.16,4,1,1,New / Promising
1201,Retail,90,2,8352.95,4,1,1,New / Promising
9269,Retail,227,1,8350.54,2,1,1,Regular Customers
7087,Retail,190,1,8348.12,2,1,1,Regular Customers
3280,Retail,207,2,8347.5,2,1,1,Regular Customers
6351,Retail,338,3,8345.92,1,1,1,Lapsed Customers
528,Retail,432,3,8343.49,1,1,1,Lapsed Customers
6876,Retail,310,4,8341.25,1,2,1,Lapsed Customers
6199,Retail,307,4,8322.21,1,2,1,Lapsed Customers
7828,Retail,305,2,8317.67,1,1,1,Lapsed Customers
498,Retail,90,1,8317.41,3,1,1,New / Promising
2900,Retail,478,5,8316.7,1,3,1,Regular Customers
8545,Retail,469,3,8314.0,1,1,1,Lapsed Customers
8204,Retail,165,3,8312.52,2,1,1,Regular Customers
3334,Retail,116,2,8310.82,3,1,1,New / Promising
1569,Retail,90,2,8280.96,4,1,1,New / Promising
3298,Retail,90,3,8279.66,4,1,1,New / Promising
1118,Retail,296,2,8269.19,1,1,1,Lapsed Customers
935,Retail,313,2,8259.81,1,1,1,Lapsed Customers
2429,Retail,90,4,8254.15,4,2,1,New / Promising
6723,Retail,389,3,8242.63,1,1,1,Lapsed Customers
357,Retail,457,3,8205.23,1,1,1,Lapsed Customers
8295,Retail,531,1,8185.03,1,1,1,Lapsed Customers
4594,Retail,90,2,8173.76,4,1,1,New / Promising
7491,Retail,327,2,8166.6,1,1,1,Lapsed Customers
3313,Retail,90,5,8163.02,3,3,1,Regular Customers
5530,Retail,481,4,8156.24,1,2,1,Lapsed Customers
5155,Retail,90,4,8152.8,4,2,1,New / Promising
2674,Retail,331,4,8142.86,1,2,1,Lapsed Customers
996,Retail,90,1,8142.33,3,1,1,New / Promising
8161,Retail,237,2,8141.35,2,1,1,Regular Customers
6104,Retail,197,4,8134.34,2,2,1,Regular Customers
1153,Retail,290,3,8131.3,1,1,1,Lapsed Customers
5925,Retail,90,3,8128.28,4,1,1,New / Promising
7717,Retail,90,1,8125.29,3,1,1,New / Promising
165,Retail,231,4,8124.91,2,2,1,Regular Customers
7573,Retail,199,5,8123.87,2,3,1,Regular Customers
5858,Retail,295,2,8119.62,1,1,1,Lapsed Customers
9884,Retail,341,4,8113.42,1,2,1,Lapsed Customers
8326,Retail,159,4,8107.53,2,2,1,Regular Customers
1492,Retail,299,1,8104.81,1,1,1,Lapsed Customers
2818,Retail,90,2,8094.46,4,1,1,New / Promising
8488,Retail,207,3,8092.1,2,1,1,Regular Customers
4725,Retail,348,2,8091.57,1,1,1,Lapsed Customers
4431,Retail,159,3,8091.53,2,1,1,Regular Customers
3512,Retail,90,2,8084.48,4,1,1,New / Promising
1740,Retail,328,3,8082.29,1,1,1,Lapsed Customers
2401,Retail,184,5,8082.28,2,3,1,Regular Customers
6387,Retail,212,4,8074.22,2,2,1,Regular Customers
3641,Retail,145,3,8067.2,2,1,1,Regular Customers
8751,Retail,332,1,8060.33,1,1,1,Lapsed Customers
7861,Retail,236,1,8056.03,2,1,1,Regular Customers
6295,Retail,512,3,8053.09,1,1,1,Lapsed Customers
6426,Retail,90,3,8044.52,4,1,1,New / Promising
8999,Retail,250,2,8020.68,2,1,1,Regular Customers
4692,Retail,323,3,8016.14,1,1,1,Lapsed Customers
1387,Retail,90,4,8011.68,4,2,1,New / Promising
5413,Retail,90,2,8001.45,4,1,1,New / Promising
8610,Retail,450,4,7996.99,1,2,1,Lapsed Customers
1339,Retail,185,1,7995.21,2,1,1,Regular Customers
9840,Retail,329,3,7983.93,1,1,1,Lapsed Customers
397,Retail,502,2,7968.7,1,1,1,Lapsed Customers
9419,Retail,374,2,7968.56,1,1,1,Lapsed Customers
6579,Retail,425,3,7961.5,1,1,1,Lapsed Customers
5943,Retail,393,1,7960.33,1,1,1,Lapsed Customers
1811,Retail,295,4,7959.92,1,2,1,Lapsed Customers
8596,Retail,209,2,7959.54,2,1,1,Regular Customers
1094,Retail,366,2,7947.08,1,1,1,Lapsed Customers
2460,Retail,452,2,7946.38,1,1,1,Lapsed Customers
5218,Retail,90,3,7943.79,4,1,1,New / Promising
9474,Retail,132,3,7940.56,3,1,1,New / Promising
3513,Retail,457,3,7934.01,1,1,1,Lapsed Customers
3835,Retail,240,2,7931.19,2,1,1,Regular Customers
587,Retail,90,3,7928.08,4,1,1,New / Promising
7766,Retail,143,1,7922.86,2,1,1,Regular Customers
769,Retail,520,3,7918.19,1,1,1,Lapsed Customers
7169,Retail,97,3,7895.75,3,1,1,New / Promising
1905,Retail,169,3,7888.79,2,1,1,Regular Customers
6993,Premium,331,3,7864.62,1,1,1,Lapsed Customers
5164,Retail,90,4,7847.64,4,2,1,New / Promising
4372,Retail,94,2,7839.81,3,1,1,New / Promising
619,Retail,439,1,7835.22,1,1,1,Lapsed Customers
3615,Retail,90,3,7834.36,4,1,1,New / Promising
5621,Retail,376,4,7813.19,1,2,1,Lapsed Customers
2307,Retail,347,2,7806.88,1,1,1,Lapsed Customers
4282,Corporate,90,2,7793.17,4,1,1,New / Promising
8188,Retail,346,2,7780.04,1,1,1,Lapsed Customers
7316,Retail,90,2,7774.66,4,1,1,New / Promising
90,Retail,133,2,7769.36,3,1,1,New / Promising
462,Retail,358,4,7765.23,1,2,1,Lapsed Customers
4729,Retail,383,5,7761.11,1,3,1,Regular Customers
6147,Retail,90,3,7745.4,4,1,1,New / Promising
1242,Retail,125,2,7744.58,3,1,1,New / Promising
9503,Retail,441,3,7742.22,1,1,1,Lapsed Customers
8742,Retail,334,3,7737.38,1,1,1,Lapsed Customers
7422,Retail,90,3,7720.8,4,1,1,New / Promising
3150,Retail,537,2,7704.04,1,1,1,Lapsed Customers
1217,Retail,276,4,7701.98,2,2,1,Regular Customers
471,Retail,90,3,7682.02,4,1,1,New / Promising
2011,Retail,120,3,7677.15,3,1,1,New / Promising
4245,Retail,374,4,7660.48,1,2,1,Lapsed Customers
9762,Retail,503,1,7657.59,1,1,1,Lapsed Customers
8415,Retail,90,3,7652.6,4,1,1,New / Promising
1827,Retail,417,2,7652.5,1,1,1,Lapsed Customers
5597,Retail,145,3,7636.77,2,1,1,Regular Customers
111,Retail,282,3,7632.29,2,1,1,Regular Customers
4538,Retail,90,3,7618.55,4,1,1,New / Promising
2476,Retail,281,2,7611.54,2,1,1,Regular Customers
7177,Retail,90,2,7610.3,3,1,1,New / Promising
668,Premium,90,4,7590.48,4,2,1,New / Promising
9084,Retail,228,2,7586.97,2,1,1,Regular Customers
3128,Retail,90,3,7574.68,4,1,1,New / Promising
7067,Retail,378,1,7562.7,1,1,1,Lapsed Customers
4501,Retail,185,3,7559.52,2,1,1,Regular Customers
7487,Retail,90,2,7557.14,3,1,1,New / Promising
7575,Retail,90,3,7556.68,4,1,1,New / Promising
4927,Retail,172,3,7549.02,2,1,1,Regular Customers
6186,Retail,90,3,7548.01,4,1,1,New / Promising
3130,Retail,166,3,7532.52,2,1,1,Regular Customers
5874,Retail,289,4,7531.43,1,2,1,Lapsed Customers
1326,Retail,499,2,7517.38,1,1,1,Lapsed Customers
7810,Retail,311,2,7516.58,1,1,1,Lapsed Customers
2381,Retail,141,4,7515.72,3,2,1,New / Promising
5731,Retail,90,2,7508.86,4,1,1,New / Promising
1091,Retail,90,3,7501.37,4,1,1,New / Promising
9821,Retail,90,2,7501.13,4,1,1,New / Promising
7193,Retail,295,4,7500.35,1,2,1,Lapsed Customers
3302,Retail,334,3,7485.63,1,1,1,Lapsed Customers
8926,Retail,316,2,7484.69,1,1,1,Lapsed Customers
7938,Retail,245,3,7482.32,2,1,1,Regular Customers
7758,Retail,472,2,7468.14,1,1,1,Lapsed Customers
7233,Retail,341,1,7457.14,1,1,1,Lapsed Customers
4332,Retail,335,2,7454.59,1,1,1,Lapsed Customers
6982,Retail,99,3,7442.47,3,1,1,New / Promising
5477,Retail,117,2,7435.58,3,1,1,New / Promising
6099,Retail,90,1,7426.96,3,1,1,New / Promising
8806,Retail,443,3,7416.12,1,1,1,Lapsed Customers
3073,Retail,447,5,7409.24,1,3,1,Regular Customers
5580,Retail,227,3,7398.9,2,1,1,Regular Customers
6483,Retail,90,2,7398.74,4,1,1,New / Promising
5223,Retail,90,2,7397.28,4,1,1,New / Promising
3446,Retail,90,2,7389.95,4,1,1,New / Promising
8808,Retail,90,2,7389.81,4,1,1,New / Promising
9844,Retail,239,3,7389.36,2,1,1,Regular Customers
6390,Retail,270,2,7381.68,2,1,1,Regular Customers
3694,Retail,264,2,7377.61,2,1,1,Regular Customers
3693,Retail,330,1,7359.32,1,1,1,Lapsed Customers
9475,Retail,317,3,7355.12,1,1,1,Lapsed Customers
2872,Retail,90,2,7350.89,4,1,1,New / Promising
841,Retail,304,4,7349.07,1,2,1,Lapsed Customers
4755,Retail,200,4,7345.87,2,2,1,Regular Customers
9041,Retail,168,1,7340.35,2,1,1,Regular Customers
5475,Retail,314,3,7337.07,1,1,1,Lapsed Customers
8914,Retail,431,2,7306.77,1,1,1,Lapsed Customers
6422,Retail,399,2,7287.68,1,1,1,Lapsed Customers
4007,Retail,220,4,7284.51,2,2,1,Regular Customers
7812,Retail,221,2,7247.46,2,1,1,Regular Customers
9994,Retail,427,2,7246.25,1,1,1,Lapsed Customers
7961,Retail,145,2,7242.97,2,1,1,Regular Customers
2974,Retail,90,4,7236.64,4,2,1,New / Promising
1603,Retail,90,3,7232.95,4,1,1,New / Promising
7374,Retail,262,3,7231.86,2,1,1,Regular Customers
3522,Retail,245,3,7196.05,2,1,1,Regular Customers
1610,Retail,428,2,7190.94,1,1,1,Lapsed Customers
3165,Retail,374,3,7169.72,1,1,1,Lapsed Customers
3290,Retail,447,4,7166.38,1,2,1,Lapsed Customers
7813,Retail,465,2,7160.3,1,1,1,Lapsed Customers
298,Retail,147,3,7154.93,2,1,1,Regular Customers
9415,Retail,161,3,7151.58,2,1,1,Regular Customers
4764,Retail,290,3,7139.37,1,1,1,Lapsed Customers
8899,Retail,90,2,7136.62,4,1,1,New / Promising
8126,Retail,485,4,7131.77,1,2,1,Lapsed Customers
7196,Retail,131,1,7122.02,3,1,1,New / Promising
5132,Retail,90,4,7106.63,4,2,1,New / Promising
6326,Retail,425,4,7091.5,1,2,1,Lapsed Customers
1523,Retail,201,3,7088.78,2,1,1,Regular Customers
8315,Retail,356,2,7080.73,1,1,1,Lapsed Customers
9909,Retail,90,1,7072.01,4,1,1,New / Promising
2921,Retail,391,5,7065.4,1,3,1,Regular Customers
7683,Retail,185,3,7055.85,2,1,1,Regular Customers
1368,Retail,280,2,7052.65,2,1,1,Regular Customers
1677,Retail,368,2,7042.05,1,1,1,Lapsed Customers
8377,Retail,290,4,7041.02,1,2,1,Lapsed Customers
3839,Retail,90,3,7031.88,4,1,1,New / Promising
318,Premium,176,2,7031.8,2,1,1,Regular Customers
7512,Retail,90,3,7026.42,4,1,1,New / Promising
8992,Retail,264,1,7025.68,2,1,1,Regular Customers
4128,Retail,452,3,7020.27,1,1,1,Lapsed Customers
2480,Premium,249,3,7017.13,2,1,1,Regular Customers
5636,Retail,184,2,7010.47,2,1,1,Regular Customers
4043,Retail,90,3,7009.49,4,1,1,New / Promising
1963,Retail,360,5,7009.41,1,3,1,Regular Customers
6790,Retail,127,3,7002.23,3,1,1,New / Promising
3843,Retail,176,3,7000.71,2,1,1,Regular Customers
438,Retail,90,1,6996.09,4,1,1,New / Promising
4349,Retail,90,3,6991.84,4,1,1,New / Promising
4194,Retail,471,2,6989.04,1,1,1,Lapsed Customers
7207,Retail,90,3,6986.89,4,1,1,New / Promising
4928,Retail,293,2,6984.16,1,1,1,Lapsed Customers
9774,Retail,291,4,6971.74,1,2,1,Lapsed Customers
5573,Retail,466,1,6966.15,1,1,1,Lapsed Customers
5328,Retail,387,2,6949.46,1,1,1,Lapsed Customers
9380,Retail,90,2,6935.92,4,1,1,New / Promising
8477,Retail,326,2,6923.07,1,1,1,Lapsed Customers
1050,Retail,381,4,6922.43,1,2,1,Lapsed Customers
8817,Retail,166,3,6912.18,2,1,1,Regular Customers
9757,Retail,348,2,6911.29,1,1,1,Lapsed Customers
617,Retail,184,3,6905.95,2,1,1,Regular Customers
5746,Retail,396,2,6905.75,1,1,1,Lapsed Customers
373,Retail,394,1,6879.23,1,1,1,Lapsed Customers
2315,Retail,469,3,6869.07,1,1,1,Lapsed Customers
2282,Retail,90,3,6864.13,4,1,1,New / Promising
3455,Retail,160,1,6863.21,2,1,1,Regular Customers
8617,Retail,90,3,6862.31,4,1,1,New / Promising
2090,Retail,457,4,6862.28,1,2,1,Lapsed Customers
1940,Retail,266,3,6861.88,2,1,1,Regular Customers
1786,Retail,215,3,6861.35,2,1,1,Regular Customers
6619,Retail,313,4,6855.16,1,2,1,Lapsed Customers
8406,Retail,490,1,6849.12,1,1,1,Lapsed Customers
3740,Retail,90,3,6845.03,4,1,1,New / Promising
5419,Retail,290,3,6840.37,1,1,1,Lapsed Customers
9288,Retail,230,2,6830.55,2,1,1,Regular Customers
8587,Retail,90,3,6816.09,4,1,1,New / Promising
8840,Retail,132,5,6812.2,3,3,1,Regular Customers
6728,Retail,90,2,6807.52,3,1,1,New / Promising
8572,Retail,468,2,6787.21,1,1,1,Lapsed Customers
5908,Retail,90,4,6785.17,4,2,1,New / Promising
5057,Retail,136,1,6774.47,3,1,1,New / Promising
7728,Retail,128,2,6773.78,3,1,1,New / Promising
4994,Retail,251,3,6759.3,2,1,1,Regular Customers
8928,Retail,95,1,6754.42,3,1,1,New / Promising
468,Retail,90,4,6731.46,4,2,1,New / Promising
8791,Retail,241,2,6726.34,2,1,1,Regular Customers
7495,Retail,119,1,6721.44,3,1,1,New / Promising
5118,Retail,258,3,6720.02,2,1,1,Regular Customers
4507,Retail,90,3,6718.77,4,1,1,New / Promising
5327,Retail,226,2,6716.25,2,1,1,Regular Customers
9800,Retail,121,2,6712.14,3,1,1,New / Promising
4848,Retail,392,2,6699.45,1,1,1,Lapsed Customers
2467,Retail,226,2,6697.82,2,1,1,Regular Customers
5296,Retail,184,2,6696.61,2,1,1,Regular Customers
7663,Retail,230,3,6692.81,2,1,1,Regular Customers
286,Retail,90,3,6683.61,4,1,1,New / Promising
7185,Retail,338,4,6680.75,1,2,1,Lapsed Customers
2225,Retail,148,4,6674.42,2,2,1,Regular Customers
7911,Retail,379,4,6669.55,1,2,1,Lapsed Customers
5092,Retail,331,3,6654.73,1,1,1,Lapsed Customers
9487,Retail,147,2,6640.73,2,1,1,Regular Customers
5387,Retail,453,5,6631.33,1,3,1,Regular Customers
4361,Retail,453,3,6629.97,1,1,1,Lapsed Customers
8789,Retail,289,2,6629.1,1,1,1,Lapsed Customers
5177,Retail,459,4,6627.39,1,2,1,Lapsed Customers
1880,Retail,567,1,6617.71,1,1,1,Lapsed Customers
9847,Retail,162,2,6606.99,2,1,1,Regular Customers
1143,Retail,90,3,6604.94,4,1,1,New / Promising
5136,Retail,257,3,6598.4,2,1,1,Regular Customers
3470,Retail,144,2,6580.19,2,1,1,Regular Customers
7875,Retail,431,2,6572.59,1,1,1,Lapsed Customers
1796,Retail,313,2,6559.42,1,1,1,Lapsed Customers
4577,Retail,411,5,6543.45,1,3,1,Regular Customers
2824,Retail,90,2,6543.29,4,1,1,New / Promising
5905,Retail,330,2,6542.88,1,1,1,Lapsed Customers
4723,Retail,90,3,6534.64,4,2,1,New / Promising
2133,Retail,283,1,6530.0,2,1,1,Regular Customers
2279,Retail,147,2,6526.1,2,1,1,Regular Customers
8154,Retail,90,2,6525.06,4,1,1,New / Promising
546,Retail,444,3,6524.63,1,2,1,Lapsed Customers
9374,Retail,384,3,6517.38,1,2,1,Lapsed Customers
8421,Retail,148,2,6516.57,2,1,1,Regular Customers
3357,Retail,261,2,6502.01,2,1,1,Regular Customers
6457,Retail,235,3,6500.05,2,2,1,Regular Customers
4484,Retail,512,3,6486.83,1,2,1,Lapsed Customers
5356,Retail,90,3,6484.63,4,2,1,New / Promising
2563,Retail,100,3,6460.68,3,2,1,New / Promising
2504,Retail,443,2,6446.08,1,1,1,Lapsed Customers
8740,Retail,272,2,6445.23,2,1,1,Regular Customers
5827,Retail,503,3,6443.18,1,2,1,Lapsed Customers
5366,Retail,506,2,6442.25,1,1,1,Lapsed Customers
8356,Retail,90,2,6433.53,4,1,1,New / Promising
8711,Retail,377,3,6424.86,1,2,1,Lapsed Customers
550,Retail,175,2,6419.54,2,1,1,Regular Customers
8973,Retail,172,3,6415.03,2,2,1,Regular Customers
3849,Premium,147,1,6407.96,2,1,1,Regular Customers
6732,Retail,433,2,6406.97,1,1,1,Lapsed Customers
9948,Retail,90,1,6405.04,4,1,1,New / Promising
5902,Retail,255,2,6399.92,2,1,1,Regular Customers
902,Retail,577,2,6391.2,1,1,1,Lapsed Customers
8859,Retail,90,3,6390.65,4,2,1,New / Promising
4074,Retail,108,1,6384.58,3,1,1,New / Promising
910,Retail,221,2,6377.53,2,1,1,Regular Customers
6063,Retail,440,1,6376.53,1,1,1,Lapsed Customers
4352,Retail,305,1,6372.06,1,1,1,Lapsed Customers
2168,Retail,141,3,6362.3,3,2,1,New / Promising
18,Retail,513,4,6361.01,1,2,1,Lapsed Customers
2423,Retail,90,3,6355.48,4,2,1,New / Promising
1806,Premium,512,3,6355.41,1,2,1,Lapsed Customers
6334,Retail,477,2,6346.73,1,1,1,Lapsed Customers
187,Retail,381,2,6344.65,1,1,1,Lapsed Customers
446,Retail,235,3,6344.45,2,2,1,Regular Customers
5288,Premium,90,2,6342.81,3,1,1,New / Promising
9823,Retail,451,2,6337.95,1,1,1,Lapsed Customers
7954,Retail,453,1,6330.72,1,1,1,Lapsed Customers
3866,Retail,99,1,6328.83,3,1,1,New / Promising
9804,Retail,410,3,6319.28,1,2,1,Lapsed Customers
8897,Retail,412,4,6310.06,1,2,1,Lapsed Customers
9068,Premium,314,2,6308.69,1,1,1,Lapsed Customers
5153,Retail,471,2,6298.52,1,1,1,Lapsed Customers
1962,Retail,90,3,6293.7,4,2,1,New / Promising
6122,Retail,131,2,6293.54,3,1,1,New / Promising
4546,Retail,90,3,6287.94,4,2,1,New / Promising
8853,Retail,304,2,6278.65,1,1,1,Lapsed Customers
5000,Retail,273,2,6274.07,2,1,1,Regular Customers
834,Retail,518,4,6247.88,1,2,1,Lapsed Customers
8615,Premium,412,4,6247.85,1,2,1,Lapsed Customers
4394,Retail,284,2,6247.33,2,1,1,Regular Customers
4890,Premium,280,3,6243.71,2,1,1,Regular Customers
9372,Retail,362,2,6242.48,1,1,1,Lapsed Customers
2951,Retail,562,2,6236.3,1,1,1,Lapsed Customers
4347,Retail,508,2,6185.67,1,1,1,Lapsed Customers
4448,Retail,298,3,6184.53,1,1,1,Lapsed Customers
8819,Retail,90,3,6178.91,4,1,1,New / Promising
5431,Retail,90,1,6177.88,4,1,1,New / Promising
623,Retail,335,2,6168.46,1,1,1,Lapsed Customers
5256,Retail,229,2,6161.11,2,1,1,Regular Customers
703,Retail,145,4,6161.08,2,2,1,Regular Customers
5111,Retail,311,1,6160.56,1,1,1,Lapsed Customers
7352,Retail,90,1,6158.97,4,1,1,New / Promising
7554,Retail,90,3,6157.29,4,1,1,New / Promising
7337,Retail,90,2,6153.55,4,1,1,New / Promising
8918,Retail,365,3,6152.81,1,1,1,Lapsed Customers
7478,Retail,199,2,6150.35,2,1,1,Regular Customers
137,Retail,184,2,6144.8,2,1,1,Regular Customers
3010,Retail,90,4,6138.33,4,2,1,New / Promising
1590,Retail,518,1,6137.57,1,1,1,Lapsed Customers
992,Retail,287,1,6133.73,1,1,1,Lapsed Customers
5837,Retail,90,3,6128.7,4,1,1,New / Promising
9871,Retail,90,4,6125.14,4,2,1,New / Promising
9058,Retail,273,2,6116.08,2,1,1,Regular Customers
3367,Retail,209,2,6103.53,2,1,1,Regular Customers
1192,Retail,321,1,6103.05,1,1,1,Lapsed Customers
8345,Retail,90,2,6094.83,4,1,1,New / Promising
9839,Retail,305,5,6091.37,1,2,1,Lapsed Customers
3342,Retail,369,5,6090.13,1,2,1,Lapsed Customers
2001,Premium,90,1,6089.12,3,1,1,New / Promising
5047,Retail,108,1,6086.23,3,1,1,New / Promising
9870,Retail,131,3,6083.3,3,1,1,New / Promising
2369,Premium,140,2,6078.0,3,1,1,New / Promising
5914,Retail,276,4,6047.01,2,2,1,Regular Customers
2772,Retail,463,1,6034.34,1,1,1,Lapsed Customers
3092,Retail,192,3,6017.21,2,1,1,Regular Customers
5078,Retail,185,2,6017.1,2,1,1,Regular Customers
3315,Retail,253,2,6014.33,2,1,1,Regular Customers
2830,Retail,368,2,6010.97,1,1,1,Lapsed Customers
3600,Retail,307,2,6009.08,1,1,1,Lapsed Customers
5175,Retail,464,3,5986.87,1,1,1,Lapsed Customers
6898,Retail,314,1,5981.73,1,1,1,Lapsed Customers
8694,Retail,196,2,5969.99,2,1,1,Regular Customers
8223,Retail,173,3,5968.75,2,1,1,Regular Customers
8972,Retail,388,3,5967.3,1,1,1,Lapsed Customers
7015,Retail,229,1,5963.57,2,1,1,Regular Customers
3332,Retail,90,3,5946.42,4,1,1,New / Promising
2033,Retail,455,2,5945.4,1,1,1,Lapsed Customers
7163,Retail,219,5,5931.5,2,3,1,Regular Customers
9063,Premium,90,4,5928.69,4,2,1,New / Promising
878,Retail,128,3,5926.66,3,1,1,New / Promising
7410,Retail,517,2,5925.9,1,1,1,Lapsed Customers
5706,Retail,98,3,5921.57,3,1,1,New / Promising
9969,Premium,339,2,5918.85,1,1,1,Lapsed Customers
8202,Retail,144,3,5917.47,2,1,1,Regular Customers
3112,Retail,130,1,5916.43,3,1,1,New / Promising
1250,Retail,151,1,5875.64,2,1,1,Regular Customers
9598,Retail,90,3,5874.55,4,2,1,New / Promising
8382,Retail,514,2,5866.95,1,1,1,Lapsed Customers
91,Retail,370,2,5861.32,1,1,1,Lapsed Customers
9056,Retail,148,2,5857.33,2,1,1,Regular Customers
3174,Retail,411,4,5856.83,1,2,1,Lapsed Customers
1046,Retail,407,3,5855.32,1,2,1,Lapsed Customers
3780,Retail,359,2,5854.84,1,1,1,Lapsed Customers
5393,Retail,90,3,5845.38,4,2,1,New / Promising
6424,Retail,148,2,5841.1,2,1,1,Regular Customers
5148,Retail,90,2,5836.78,3,1,1,New / Promising
1582,Retail,436,3,5826.03,1,2,1,Lapsed Customers
3788,Retail,378,3,5824.29,1,2,1,Lapsed Customers
2052,Retail,306,3,5823.64,1,2,1,Lapsed Customers
4776,Retail,313,3,5818.73,1,2,1,Lapsed Customers
3904,Retail,528,1,5817.09,1,1,1,Lapsed Customers
1078,Retail,173,3,5795.81,2,2,1,Regular Customers
948,Retail,276,3,5792.44,2,1,1,Regular Customers
296,Retail,317,3,5772.57,1,1,1,Lapsed Customers
3887,Retail,576,3,5771.23,1,1,1,Lapsed Customers
1961,Retail,90,2,5764.77,4,1,1,New / Promising
3478,Retail,157,4,5758.01,2,2,1,Regular Customers
2163,Retail,381,4,5751.42,1,2,1,Lapsed Customers
8272,Retail,226,2,5751.26,2,1,1,Regular Customers
1342,Premium,473,3,5750.55,1,1,1,Lapsed Customers
4793,Retail,90,2,5738.6,4,1,1,New / Promising
2361,Retail,90,2,5729.79,3,1,1,New / Promising
8764,Retail,284,3,5724.59,1,1,1,Lapsed Customers
2180,Retail,271,1,5724.44,2,1,1,Regular Customers
2349,Retail,241,3,5716.39,2,1,1,Regular Customers
2616,Premium,90,1,5713.13,3,1,1,New / Promising
5070,Retail,90,3,5711.94,4,2,1,New / Promising
4296,Retail,105,1,5708.66,3,1,1,New / Promising
8195,Retail,479,2,5694.64,1,1,1,Lapsed Customers
157,Retail,244,3,5685.86,2,1,1,Regular Customers
5962,Retail,225,2,5683.09,2,1,1,Regular Customers
9590,Retail,384,1,5675.87,1,1,1,Lapsed Customers
927,Premium,90,3,5671.42,4,1,1,New / Promising
8885,Retail,469,3,5670.26,1,1,1,Lapsed Customers
6584,Retail,90,2,5665.35,4,1,1,New / Promising
1003,Retail,90,3,5664.67,4,1,1,New / Promising
8439,Retail,413,2,5652.93,1,1,1,Lapsed Customers
9996,Premium,288,1,5625.18,1,1,1,Lapsed Customers
7565,Retail,439,3,5615.94,1,1,1,Lapsed Customers
5046,Retail,251,1,5611.73,2,1,1,Regular Customers
4907,Retail,323,1,5610.12,1,1,1,Lapsed Customers
1725,Retail,160,2,5606.95,2,1,1,Regular Customers
1253,Retail,543,3,5597.22,1,2,1,Lapsed Customers
1145,Retail,274,3,5583.1,2,1,1,Regular Customers
5178,Premium,93,3,5581.55,3,1,1,New / Promising
9188,Retail,443,1,5579.32,1,1,1,Lapsed Customers
8066,Retail,301,2,5571.85,1,1,1,Lapsed Customers
8403,Retail,532,3,5569.73,1,1,1,Lapsed Customers
1203,Retail,116,2,5569.11,3,1,1,New / Promising
5283,Retail,90,2,5567.61,4,1,1,New / Promising
7262,Retail,476,5,5546.1,1,3,1,Regular Customers
2438,Retail,213,1,5545.12,2,1,1,Regular Customers
8225,Retail,148,3,5537.52,2,1,1,Regular Customers
3540,Retail,90,2,5535.63,4,1,1,New / Promising
9340,Retail,381,2,5533.79,1,1,1,Lapsed Customers
9438,Retail,90,2,5521.52,4,1,1,New / Promising
127,Retail,520,3,5518.11,1,2,1,Lapsed Customers
200,Retail,90,2,5516.96,3,1,1,New / Promising
1204,Retail,90,3,5516.53,4,2,1,New / Promising
2061,Retail,90,2,5508.53,4,1,1,New / Promising
4505,Retail,343,2,5500.07,1,1,1,Lapsed Customers
8654,Retail,557,1,5490.89,1,1,1,Lapsed Customers
2623,Retail,305,3,5486.8,1,1,1,Lapsed Customers
1155,Retail,384,3,5484.09,1,1,1,Lapsed Customers
5462,Retail,190,2,5483.26,2,1,1,Regular Customers
5141,Retail,375,1,5473.6,1,1,1,Lapsed Customers
4276,Retail,90,2,5469.9,4,1,1,New / Promising
9632,Retail,343,3,5469.25,1,1,1,Lapsed Customers
3628,Premium,440,2,5469.24,1,1,1,Lapsed Customers
7776,Retail,90,2,5468.05,4,1,1,New / Promising
9606,Premium,90,2,5466.65,4,1,1,New / Promising
1524,Retail,521,3,5466.36,1,1,1,Lapsed Customers
9174,Retail,254,3,5462.83,2,2,1,Regular Customers
4187,Premium,348,3,5452.02,1,2,1,Lapsed Customers
4248,Retail,478,2,5434.04,1,1,1,Lapsed Customers
8754,Retail,90,2,5410.82,3,1,1,New / Promising
6879,Retail,207,2,5404.1,2,1,1,Regular Customers
3702,Retail,433,3,5390.22,1,2,1,Lapsed Customers
3930,Retail,168,2,5388.68,2,1,1,Regular Customers
4494,Retail,418,3,5388.54,1,2,1,Lapsed Customers
2210,Retail,240,2,5374.84,2,1,1,Regular Customers
2580,Retail,295,1,5373.67,1,1,1,Lapsed Customers
5460,Retail,90,1,5372.03,4,1,1,New / Promising
3733,Retail,397,1,5368.31,1,1,1,Lapsed Customers
8301,Retail,90,3,5367.58,4,2,1,New / Promising
9706,Retail,135,2,5366.63,3,1,1,New / Promising
4618,Retail,184,1,5356.18,2,1,1,Regular Customers
8140,Premium,342,3,5355.02,1,1,1,Lapsed Customers
3175,Retail,90,3,5353.43,4,1,1,New / Promising
4754,Retail,90,2,5343.4,4,1,1,New / Promising
6145,Retail,573,2,5334.82,1,1,1,Lapsed Customers
868,Premium,90,2,5334.02,4,1,1,New / Promising
2397,Retail,103,1,5329.43,3,1,1,New / Promising
7048,Retail,90,2,5323.03,4,1,1,New / Promising
2940,Retail,259,2,5319.05,2,1,1,Regular Customers
2490,Retail,202,2,5317.94,2,1,1,Regular Customers
3632,Retail,315,4,5312.4,1,2,1,Lapsed Customers
6990,Retail,303,3,5308.33,1,1,1,Lapsed Customers
1709,Retail,346,2,5298.11,1,1,1,Lapsed Customers
2028,Retail,90,3,5293.76,4,1,1,New / Promising
346,Retail,479,1,5277.82,1,1,1,Lapsed Customers
1270,Retail,501,1,5271.56,1,1,1,Lapsed Customers
9092,Retail,318,1,5261.98,1,1,1,Lapsed Customers
6690,Retail,184,2,5251.99,2,1,1,Regular Customers
6666,Retail,469,2,5248.18,1,1,1,Lapsed Customers
8467,Retail,90,1,5242.35,3,1,1,New / Promising
1101,Retail,352,2,5237.08,1,1,1,Lapsed Customers
4223,Retail,90,2,5224.92,4,1,1,New / Promising
1873,Retail,312,2,5222.21,1,1,1,Lapsed Customers
2749,Retail,225,2,5214.61,2,1,1,Regular Customers
7924,Retail,336,2,5208.63,1,1,1,Lapsed Customers
7645,Retail,318,3,5207.74,1,1,1,Lapsed Customers
7300,Retail,90,2,5204.71,4,1,1,New / Promising
4093,Retail,374,1,5197.63,1,1,1,Lapsed Customers
152,Retail,428,2,5194.79,1,1,1,Lapsed Customers
3717,Retail,331,2,5183.4,1,1,1,Lapsed Customers
656,Retail,137,2,5178.41,3,1,1,New / Promising
5326,Retail,90,2,5168.97,4,1,1,New / Promising
9257,Retail,165,2,5163.33,2,1,1,Regular Customers
9228,Retail,131,3,5152.33,3,1,1,New / Promising
3703,Retail,339,2,5142.88,1,1,1,Lapsed Customers
2201,Retail,179,2,5141.67,2,1,1,Regular Customers
2503,Retail,195,2,5122.88,2,1,1,Regular Customers
6748,Retail,485,2,5108.87,1,1,1,Lapsed Customers
2885,Retail,381,2,5085.65,1,1,1,Lapsed Customers
7627,Retail,371,3,5076.98,1,1,1,Lapsed Customers
1252,Retail,242,2,5074.8,2,1,1,Regular Customers
1896,Retail,90,2,5063.22,4,1,1,New / Promising
436,Retail,395,3,5042.51,1,1,1,Lapsed Customers
9890,Retail,161,1,5040.41,2,1,1,Regular Customers
6197,Retail,193,2,5040.4,2,1,1,Regular Customers
3020,Retail,210,1,5038.48,2,1,1,Regular Customers
9719,Retail,189,2,5023.99,2,1,1,Regular Customers
3625,Retail,90,2,5011.7,4,1,1,New / Promising
3667,Retail,248,1,5010.1,2,1,1,Regular Customers
7770,Retail,90,3,5004.2,4,1,1,New / Promising
1529,Retail,483,2,5001.64,1,1,1,Lapsed Customers
6865,Retail,90,2,4998.91,4,1,1,New / Promising
6359,Retail,437,4,4987.02,1,2,1,Lapsed Customers
6221,Retail,183,2,4980.7,2,1,1,Regular Customers
4647,Retail,90,1,4980.69,4,1,1,New / Promising
7136,Retail,228,3,4976.05,2,1,1,Regular Customers
3813,Retail,90,2,4960.53,4,1,1,New / Promising
1759,Retail,336,1,4953.69,1,1,1,Lapsed Customers
5646,Retail,336,3,4951.8,1,1,1,Lapsed Customers
9428,Retail,108,3,4950.1,3,1,1,New / Promising
8909,Retail,437,1,4943.24,1,1,1,Lapsed Customers
3051,Retail,90,2,4941.83,4,1,1,New / Promising
6462,Retail,356,2,4935.46,1,1,1,Lapsed Customers
3404,Premium,90,2,4926.67,4,1,1,New / Promising
8854,Retail,364,2,4922.77,1,1,1,Lapsed Customers
1272,Retail,553,2,4920.25,1,1,1,Lapsed Customers
9907,Retail,90,2,4917.97,4,1,1,New / Promising
6771,Retail,91,3,4884.9,3,1,1,New / Promising
6933,Retail,276,2,4875.84,2,1,1,Regular Customers
4967,Retail,446,1,4871.33,1,1,1,Lapsed Customers
9113,Retail,90,3,4866.16,4,2,1,New / Promising
7049,Retail,222,1,4859.4,2,1,1,Regular Customers
8141,Premium,195,2,4856.25,2,1,1,Regular Customers
5912,Retail,268,3,4834.34,2,2,1,Regular Customers
9859,Retail,170,3,4833.09,2,2,1,Regular Customers
8738,Retail,202,3,4829.83,2,2,1,Regular Customers
4617,Retail,436,1,4828.64,1,1,1,Lapsed Customers
4786,Retail,191,1,4826.69,2,1,1,Regular Customers
5851,Retail,474,3,4813.29,1,2,1,Lapsed Customers
9173,Retail,414,4,4810.34,1,2,1,Lapsed Customers
654,Retail,90,1,4807.45,4,1,1,New / Promising
6719,Retail,386,3,4805.59,1,2,1,Lapsed Customers
2097,Retail,90,1,4801.39,4,1,1,New / Promising
1818,Retail,346,2,4791.1,1,1,1,Lapsed Customers
3926,Retail,282,3,4786.38,2,2,1,Regular Customers
9705,Retail,515,4,4781.91,1,2,1,Lapsed Customers
7585,Retail,516,2,4781.64,1,1,1,Lapsed Customers
5702,Retail,356,1,4777.22,1,1,1,Lapsed Customers
1480,Retail,309,2,4776.89,1,1,1,Lapsed Customers
465,Retail,394,3,4776.41,1,2,1,Lapsed Customers
5627,Retail,415,1,4773.76,1,1,1,Lapsed Customers
4004,Retail,397,1,4772.49,1,1,1,Lapsed Customers
3475,Retail,419,2,4767.01,1,1,1,Lapsed Customers
6679,Retail,90,3,4764.28,4,2,1,New / Promising
2823,Retail,473,1,4758.02,1,1,1,Lapsed Customers
6709,Retail,253,3,4745.39,2,2,1,Regular Customers
2569,Premium,391,1,4743.89,1,1,1,Lapsed Customers
9005,Retail,128,1,4736.95,3,1,1,New / Promising
7404,Retail,465,1,4728.8,1,1,1,Lapsed Customers
3506,Retail,149,1,4728.74,2,1,1,Regular Customers
7701,Retail,280,2,4727.61,2,1,1,Regular Customers
912,Retail,263,3,4725.05,2,2,1,Regular Customers
8838,Retail,536,2,4710.71,1,1,1,Lapsed Customers
6034,Retail,90,1,4696.82,4,1,1,New / Promising
9046,Retail,90,1,4694.37,4,1,1,New / Promising
5351,Retail,401,3,4680.02,1,2,1,Lapsed Customers
4809,Retail,357,3,4672.47,1,2,1,Lapsed Customers
6318,Retail,90,2,4671.96,4,1,1,New / Promising
2578,Retail,208,3,4652.6,2,2,1,Regular Customers
6683,Premium,90,2,4648.28,4,1,1,New / Promising
6194,Retail,320,2,4634.18,1,1,1,Lapsed Customers
4318,Retail,224,3,4633.22,2,2,1,Regular Customers
27,Retail,407,2,4618.21,1,1,1,Lapsed Customers
7398,Retail,422,2,4616.6,1,1,1,Lapsed Customers
7318,Retail,90,2,4616.16,4,1,1,New / Promising
6752,Retail,90,2,4610.21,4,1,1,New / Promising
8866,Retail,170,1,4601.82,2,1,1,Regular Customers
7581,Retail,330,2,4586.96,1,1,1,Lapsed Customers
962,Retail,295,1,4584.66,1,1,1,Lapsed Customers
5352,Retail,196,4,4539.2,2,2,1,Regular Customers
4299,Retail,607,1,4531.52,1,1,1,Lapsed Customers
8865,Retail,132,2,4527.28,3,1,1,New / Promising
2838,Premium,90,2,4523.37,4,1,1,New / Promising
7932,Retail,476,2,4518.22,1,1,1,Lapsed Customers
3495,Retail,90,1,4517.35,3,1,1,New / Promising
2437,Retail,240,1,4516.51,2,1,1,Regular Customers
7619,Retail,353,3,4515.98,1,2,1,Lapsed Customers
7880,Retail,266,2,4510.4,2,1,1,Regular Customers
3072,Retail,208,2,4509.07,2,1,1,Regular Customers
8098,Retail,395,1,4506.67,1,1,1,Lapsed Customers
1234,Retail,144,2,4505.98,2,1,1,Regular Customers
6633,Retail,190,2,4504.86,2,1,1,Regular Customers
8004,Retail,349,2,4497.62,1,1,1,Lapsed Customers
1159,Retail,287,2,4480.85,1,1,1,Lapsed Customers
7763,Retail,90,1,4473.93,4,1,1,New / Promising
6511,Retail,230,2,4453.16,2,1,1,Regular Customers
7528,Retail,340,1,4449.51,1,1,1,Lapsed Customers
8305,Retail,392,2,4438.15,1,1,1,Lapsed Customers
2421,Retail,383,1,4437.3,1,1,1,Lapsed Customers
1202,Retail,272,3,4434.16,2,1,1,Regular Customers
3497,Retail,397,2,4428.3,1,1,1,Lapsed Customers
28,Retail,186,1,4421.2,2,1,1,Regular Customers
2637,Retail,279,1,4418.5,2,1,1,Regular Customers
1630,Retail,504,1,4411.56,1,1,1,Lapsed Customers
5075,Retail,538,1,4387.69,1,1,1,Lapsed Customers
8967,Retail,90,3,4376.86,4,1,1,New / Promising
2184,Retail,206,2,4373.94,2,1,1,Regular Customers
9234,Retail,205,2,4371.64,2,1,1,Regular Customers
5732,Retail,228,2,4366.35,2,1,1,Regular Customers
2010,Retail,121,3,4353.59,3,1,1,New / Promising
4482,Retail,290,3,4346.45,1,1,1,Lapsed Customers
4167,Retail,264,1,4345.82,2,1,1,Regular Customers
451,Retail,90,1,4338.67,4,1,1,New / Promising
1643,Retail,141,2,4317.11,3,1,1,New / Promising
2295,Retail,90,2,4313.31,4,1,1,New / Promising
2200,Retail,483,3,4307.35,1,1,1,Lapsed Customers
3912,Retail,110,1,4306.65,3,1,1,New / Promising
333,Retail,315,2,4284.4,1,1,1,Lapsed Customers
5999,Retail,90,2,4282.12,4,1,1,New / Promising
9505,Retail,90,2,4274.6,4,1,1,New / Promising
9220,Retail,90,2,4267.76,4,1,1,New / Promising
4339,Retail,226,1,4267.54,2,1,1,Regular Customers
6670,Retail,361,2,4237.7,1,1,1,Lapsed Customers
3870,Retail,200,1,4237.46,2,1,1,Regular Customers
4737,Retail,414,2,4233.27,1,1,1,Lapsed Customers
3068,Retail,158,2,4212.57,2,1,1,Regular Customers
3075,Corporate,183,3,4201.62,2,1,1,Regular Customers
1461,Retail,247,1,4193.55,2,1,1,Regular Customers
4,Retail,271,1,4190.25,2,1,1,Regular Customers
700,Retail,448,3,4172.19,1,1,1,Lapsed Customers
5594,Retail,263,2,4164.57,2,1,1,Regular Customers
8830,Retail,388,3,4162.33,1,1,1,Lapsed Customers
8872,Retail,195,3,4150.57,2,1,1,Regular Customers
809,Retail,333,2,4148.91,1,1,1,Lapsed Customers
8416,Retail,255,3,4146.05,2,1,1,Regular Customers
8662,Retail,221,1,4145.45,2,1,1,Regular Customers
7254,Retail,90,2,4109.14,4,1,1,New / Promising
4747,Retail,207,2,4105.97,2,1,1,Regular Customers
5822,Retail,90,2,4099.84,3,1,1,New / Promising
7893,Retail,90,2,4087.89,3,1,1,New / Promising
2766,Retail,150,2,4073.18,2,1,1,Regular Customers
1218,Retail,150,2,4072.34,2,1,1,Regular Customers
2473,Retail,359,1,4061.97,1,1,1,Lapsed Customers
2540,Retail,251,3,4049.37,2,2,1,Regular Customers
1656,Retail,90,1,4040.86,4,1,1,New / Promising
8894,Retail,172,2,4032.01,2,1,1,Regular Customers
2448,Retail,90,1,4029.79,4,1,1,New / Promising
3821,Retail,374,4,4025.16,1,2,1,Lapsed Customers
9018,Retail,194,2,4010.8,2,1,1,Regular Customers
9778,Retail,90,3,4009.78,4,2,1,New / Promising
9572,Retail,90,2,4007.16,3,1,1,New / Promising
2050,Retail,173,1,4000.6,2,1,1,Regular Customers
5425,Retail,228,2,3998.92,2,1,1,Regular Customers
593,Retail,358,2,3998.13,1,1,1,Lapsed Customers
4091,Retail,122,3,3986.29,3,2,1,New / Promising
3807,Retail,549,2,3981.08,1,1,1,Lapsed Customers
4346,Retail,194,1,3975.96,2,1,1,Regular Customers
5213,Retail,362,1,3973.95,1,1,1,Lapsed Customers
6176,Retail,266,2,3962.13,2,1,1,Regular Customers
7957,Retail,140,2,3949.61,3,1,1,New / Promising
5405,Retail,576,2,3946.4,1,1,1,Lapsed Customers
5743,Retail,90,2,3943.56,3,1,1,New / Promising
4718,Retail,134,2,3936.67,3,1,1,New / Promising
6013,Retail,90,1,3914.86,3,1,1,New / Promising
9247,Retail,90,2,3907.24,4,1,1,New / Promising
3420,Retail,478,1,3906.77,1,1,1,Lapsed Customers
4071,Retail,258,2,3903.61,2,1,1,Regular Customers
338,Retail,90,3,3894.16,4,2,1,New / Promising
4849,Retail,431,4,3893.08,1,2,1,Lapsed Customers
4433,Retail,90,2,3866.11,4,1,1,New / Promising
8145,Retail,180,1,3865.2,2,1,1,Regular Customers
7754,Retail,606,1,3863.8,1,1,1,Lapsed Customers
358,Retail,90,3,3860.25,4,2,1,New / Promising
4032,Premium,353,3,3856.84,1,2,1,Lapsed Customers
6958,Retail,90,1,3855.77,4,1,1,New / Promising
7469,Retail,90,2,3837.7,4,1,1,New / Promising
9391,Retail,248,2,3836.32,2,1,1,Regular Customers
1334,Retail,90,1,3823.08,4,1,1,New / Promising
1404,Retail,275,1,3822.38,2,1,1,Regular Customers
3605,Retail,90,1,3817.65,4,1,1,New / Promising
8308,Retail,310,2,3811.19,1,1,1,Lapsed Customers
3760,Retail,201,1,3808.01,2,1,1,Regular Customers
370,Retail,90,2,3807.98,4,1,1,New / Promising
2379,Retail,136,3,3803.87,3,2,1,New / Promising
9937,Retail,253,1,3786.05,2,1,1,Regular Customers
6020,Retail,211,1,3784.09,2,1,1,Regular Customers
8576,Premium,470,2,3781.56,1,1,1,Lapsed Customers
3554,Premium,90,3,3778.66,4,2,1,New / Promising
5728,Retail,536,2,3773.62,1,1,1,Lapsed Customers
9397,Retail,418,1,3767.15,1,1,1,Lapsed Customers
7299,Retail,189,1,3760.03,2,1,1,Regular Customers
9956,Retail,329,2,3749.64,1,1,1,Lapsed Customers
7940,Retail,450,2,3749.59,1,1,1,Lapsed Customers
3474,Retail,90,2,3747.04,4,1,1,New / Promising
2354,Retail,363,1,3738.01,1,1,1,Lapsed Customers
2738,Retail,445,2,3736.85,1,1,1,Lapsed Customers
8209,Retail,452,2,3731.07,1,1,1,Lapsed Customers
481,Retail,448,1,3726.8,1,1,1,Lapsed Customers
8238,Retail,411,2,3716.73,1,1,1,Lapsed Customers
7537,Retail,407,3,3715.87,1,2,1,Lapsed Customers
8634,Retail,90,1,3711.86,3,1,1,New / Promising
5832,Retail,503,2,3700.29,1,1,1,Lapsed Customers
3966,Retail,194,1,3675.96,2,1,1,Regular Customers
7834,Retail,250,1,3663.99,2,1,1,Regular Customers
1856,Retail,90,2,3649.97,4,1,1,New / Promising
4288,Retail,90,3,3649.43,4,1,1,New / Promising
9484,Retail,380,2,3637.7,1,1,1,Lapsed Customers
576,Retail,92,2,3636.59,3,1,1,New / Promising
9241,Retail,352,1,3625.86,1,1,1,Lapsed Customers
3929,Retail,95,2,3611.89,3,1,1,New / Promising
4191,Retail,130,2,3608.97,3,1,1,New / Promising
5171,Retail,140,1,3608.0,3,1,1,New / Promising
3209,Retail,90,2,3602.67,3,1,1,New / Promising
3603,Retail,353,3,3589.55,1,1,1,Lapsed Customers
2069,Retail,284,2,3583.17,1,1,1,Lapsed Customers
2617,Retail,90,1,3571.63,3,1,1,New / Promising
1631,Retail,90,2,3566.68,3,1,1,New / Promising
9586,Retail,195,2,3563.22,2,1,1,Regular Customers
1799,Retail,180,2,3553.81,2,1,1,Regular Customers
4360,Retail,122,1,3548.65,3,1,1,New / Promising
9702,Retail,425,1,3541.52,1,1,1,Lapsed Customers
4472,Retail,90,2,3531.47,4,1,1,New / Promising
1817,Retail,90,2,3527.81,4,1,1,New / Promising
7821,Retail,130,2,3522.45,3,1,1,New / Promising
3250,Retail,348,2,3519.86,1,1,1,Lapsed Customers
1322,Retail,235,2,3505.13,2,1,1,Regular Customers
9549,Retail,90,2,3490.24,4,1,1,New / Promising
2054,Retail,120,1,3469.26,3,1,1,New / Promising
2996,Retail,90,2,3458.44,4,1,1,New / Promising
163,Retail,166,1,3458.0,2,1,1,Regular Customers
9998,Retail,90,2,3453.2,4,1,1,New / Promising
7709,Retail,149,2,3430.93,2,1,1,Regular Customers
1972,Retail,94,2,3421.37,3,1,1,New / Promising
9685,Retail,314,1,3419.01,1,1,1,Lapsed Customers
4582,Retail,90,1,3415.55,3,1,1,New / Promising
4555,Retail,144,1,3408.34,2,1,1,Regular Customers
7544,Retail,90,1,3385.94,4,1,1,New / Promising
1944,Retail,525,2,3375.27,1,1,1,Lapsed Customers
1918,Retail,90,1,3370.68,4,1,1,New / Promising
6936,Retail,177,2,3368.29,2,1,1,Regular Customers
2305,Retail,90,1,3363.05,4,1,1,New / Promising
4592,Retail,218,2,3355.3,2,1,1,Regular Customers
6117,Retail,91,2,3333.97,3,1,1,New / Promising
6783,Retail,145,1,3315.04,2,1,1,Regular Customers
3875,Retail,90,1,3308.83,4,1,1,New / Promising
3465,Retail,90,3,3308.49,4,1,1,New / Promising
2817,Retail,242,4,3296.03,2,2,1,Regular Customers
3476,Retail,323,2,3289.52,1,1,1,Lapsed Customers
5740,Retail,542,1,3285.51,1,1,1,Lapsed Customers
93,Retail,90,3,3284.75,4,1,1,New / Promising
9328,Retail,547,2,3277.66,1,1,1,Lapsed Customers
8912,Retail,450,1,3269.77,1,1,1,Lapsed Customers
7879,Retail,211,1,3264.53,2,1,1,Regular Customers
2403,Retail,90,2,3258.45,4,1,1,New / Promising
1771,Retail,382,2,3257.25,1,1,1,Lapsed Customers
8203,Retail,199,1,3244.5,2,1,1,Regular Customers
6093,Retail,517,1,3237.04,1,1,1,Lapsed Customers
6476,Retail,419,2,3228.5,1,1,1,Lapsed Customers
4968,Retail,300,1,3222.71,1,1,1,Lapsed Customers
4597,Retail,90,1,3219.57,4,1,1,New / Promising
2300,Retail,93,1,3203.52,3,1,1,New / Promising
2708,Retail,90,3,3203.34,4,1,1,New / Promising
1401,Retail,117,1,3178.51,3,1,1,New / Promising
5019,Retail,90,2,3147.75,3,1,1,New / Promising
8698,Retail,174,2,3147.37,2,1,1,Regular Customers
9944,Retail,491,2,3127.15,1,1,1,Lapsed Customers
4247,Retail,426,1,3122.42,1,1,1,Lapsed Customers
1441,Retail,204,1,3116.97,2,1,1,Regular Customers
562,Retail,554,2,3111.63,1,1,1,Lapsed Customers
3143,Retail,305,3,3099.26,1,1,1,Lapsed Customers
640,Retail,90,1,3092.33,3,1,1,New / Promising
8029,Retail,208,2,3065.57,2,1,1,Regular Customers
2264,Retail,356,1,3054.39,1,1,1,Lapsed Customers
9147,Retail,90,2,3047.51,4,1,1,New / Promising
6550,Retail,90,2,3032.0,4,1,1,New / Promising
1128,Retail,240,1,3021.12,2,1,1,Regular Customers
491,Retail,155,1,3019.53,2,1,1,Regular Customers
5298,Retail,299,2,3015.13,1,1,1,Lapsed Customers
9660,Retail,166,1,3014.09,2,1,1,Regular Customers
2190,Retail,231,2,2984.63,2,1,1,Regular Customers
6520,Retail,523,2,2964.76,1,1,1,Lapsed Customers
3644,Retail,261,2,2948.65,2,1,1,Regular Customers
8733,Retail,381,3,2932.0,1,1,1,Lapsed Customers
880,Retail,255,1,2921.21,2,1,1,Regular Customers
8801,Retail,272,2,2919.3,2,1,1,Regular Customers
6271,Retail,326,2,2917.63,1,1,1,Lapsed Customers
9952,Premium,325,3,2915.06,1,1,1,Lapsed Customers
3074,Retail,90,3,2895.79,4,1,1,New / Promising
8890,Retail,404,2,2883.03,1,1,1,Lapsed Customers
9763,Retail,90,2,2881.41,4,1,1,New / Promising
1847,Retail,405,2,2866.73,1,1,1,Lapsed Customers
8749,Retail,90,2,2862.15,4,1,1,New / Promising
7447,Retail,520,1,2859.05,1,1,1,Lapsed Customers
1206,Retail,183,2,2815.57,2,1,1,Regular Customers
4909,Retail,90,1,2812.23,4,1,1,New / Promising
4285,Retail,445,1,2797.38,1,1,1,Lapsed Customers
9765,Retail,209,1,2790.05,2,1,1,Regular Customers
5421,Retail,90,1,2779.62,4,1,1,New / Promising
9495,Retail,90,2,2778.95,4,1,1,New / Promising
459,Retail,90,1,2768.73,4,1,1,New / Promising
4993,Retail,90,2,2765.19,4,1,1,New / Promising
2254,Retail,250,1,2761.03,2,1,1,Regular Customers
9509,Retail,90,1,2760.8,3,1,1,New / Promising
5124,Retail,184,1,2750.49,2,1,1,Regular Customers
5938,Retail,275,2,2738.85,2,1,1,Regular Customers
1254,Retail,140,1,2732.02,3,1,1,New / Promising
8400,Retail,473,2,2727.25,1,1,1,Lapsed Customers
1369,Retail,90,1,2719.05,4,1,1,New / Promising
1704,Retail,421,2,2714.32,1,1,1,Lapsed Customers
9508,Retail,90,1,2710.08,3,1,1,New / Promising
9017,Retail,390,2,2707.83,1,1,1,Lapsed Customers
6107,Premium,328,2,2685.34,1,1,1,Lapsed Customers
5426,Retail,476,2,2679.94,1,1,1,Lapsed Customers
678,Retail,563,3,2678.78,1,1,1,Lapsed Customers
9330,Retail,295,1,2665.1,1,1,1,Lapsed Customers
9342,Retail,293,1,2662.3,1,1,1,Lapsed Customers
3211,Retail,90,2,2659.15,3,1,1,New / Promising
4041,Retail,249,2,2648.03,2,1,1,Regular Customers
6910,Retail,90,1,2631.06,3,1,1,New / Promising
9201,Retail,163,1,2616.85,2,1,1,Regular Customers
3660,Retail,90,2,2608.56,4,1,1,New / Promising
4637,Retail,90,1,2603.48,3,1,1,New / Promising
2255,Retail,370,3,2599.12,1,1,1,Lapsed Customers
6965,Retail,521,2,2591.47,1,1,1,Lapsed Customers
2256,Retail,140,2,2577.57,3,1,1,New / Promising
9332,Retail,306,2,2558.53,1,1,1,Lapsed Customers
9080,Retail,237,1,2548.81,2,1,1,Regular Customers
9650,Retail,260,2,2516.9,2,1,1,Regular Customers
4138,Retail,424,1,2508.5,1,1,1,Lapsed Customers
9783,Retail,90,2,2492.09,4,1,1,New / Promising
2929,Retail,401,1,2479.31,1,1,1,Lapsed Customers
1587,Retail,90,2,2468.79,4,1,1,New / Promising
9904,Retail,90,1,2452.53,3,1,1,New / Promising
5867,Retail,95,1,2445.57,3,1,1,New / Promising
3101,Retail,365,1,2442.03,1,1,1,Lapsed Customers
4422,Retail,90,1,2439.88,4,1,1,New / Promising
1360,Retail,90,2,2421.84,4,1,1,New / Promising
3296,Retail,150,1,2414.71,2,1,1,Regular Customers
2763,Retail,318,1,2404.64,1,1,1,Lapsed Customers
170,Retail,318,1,2404.42,1,1,1,Lapsed Customers
5189,Retail,90,1,2396.91,3,1,1,New / Promising
2688,Retail,275,2,2381.55,2,1,1,Regular Customers
5313,Retail,450,2,2347.71,1,1,1,Lapsed Customers
7771,Retail,437,2,2339.48,1,1,1,Lapsed Customers
588,Retail,512,1,2323.39,1,1,1,Lapsed Customers
4767,Retail,90,1,2295.38,4,1,1,New / Promising
5845,Retail,186,1,2293.94,2,1,1,Regular Customers
9012,Retail,281,2,2280.58,2,1,1,Regular Customers
1584,Retail,268,1,2272.9,2,1,1,Regular Customers
2367,Retail,293,1,2262.57,1,1,1,Lapsed Customers
8769,Retail,459,1,2253.56,1,1,1,Lapsed Customers
371,Retail,312,2,2251.17,1,1,1,Lapsed Customers
3481,Retail,210,1,2250.65,2,1,1,Regular Customers
7199,Retail,418,1,2239.95,1,1,1,Lapsed Customers
2278,Retail,90,1,2229.42,3,1,1,New / Promising
9547,Retail,539,1,2228.07,1,1,1,Lapsed Customers
5180,Retail,292,1,2217.66,1,1,1,Lapsed Customers
8527,Premium,272,1,2208.2,2,1,1,Regular Customers
4203,Retail,186,2,2205.7,2,1,1,Regular Customers
1208,Retail,231,2,2189.95,2,1,1,Regular Customers
6257,Retail,184,1,2182.0,2,1,1,Regular Customers
2898,Retail,90,2,2178.11,4,1,1,New / Promising
1446,Retail,483,2,2167.9,1,1,1,Lapsed Customers
5138,Retail,141,1,2160.62,3,1,1,New / Promising
3530,Retail,536,1,2157.97,1,1,1,Lapsed Customers
2567,Retail,90,1,2133.85,4,1,1,New / Promising
9388,Retail,90,1,2121.71,3,1,1,New / Promising
2861,Retail,460,1,2118.27,1,1,1,Lapsed Customers
6901,Retail,400,1,2115.11,1,1,1,Lapsed Customers
182,Retail,424,1,2102.75,1,1,1,Lapsed Customers
2466,Retail,420,1,2085.12,1,1,1,Lapsed Customers
123,Retail,204,1,2075.13,2,1,1,Regular Customers
7420,Retail,90,1,2073.75,4,1,1,New / Promising
3921,Retail,90,1,2072.74,4,1,1,New / Promising
3374,Retail,236,3,2071.37,2,1,1,Regular Customers
4572,Retail,390,2,2070.78,1,1,1,Lapsed Customers
1454,Retail,405,1,2051.82,1,1,1,Lapsed Customers
9785,Retail,273,1,2012.29,2,1,1,Regular Customers
2314,Retail,299,1,1988.33,1,1,1,Lapsed Customers
1537,Retail,429,1,1969.65,1,1,1,Lapsed Customers
6203,Retail,235,2,1949.0,2,1,1,Regular Customers
2752,Retail,513,1,1941.67,1,1,1,Lapsed Customers
6380,Retail,271,1,1911.56,2,1,1,Regular Customers
6798,Retail,108,1,1869.34,3,1,1,New / Promising
7615,Retail,190,1,1867.14,2,1,1,Regular Customers
514,Retail,144,1,1866.01,2,1,1,Regular Customers
9661,Retail,452,1,1860.91,1,1,1,Lapsed Customers
1784,Retail,90,1,1848.39,4,1,1,New / Promising
7998,Retail,406,1,1838.97,1,1,1,Lapsed Customers
1970,Retail,504,1,1828.93,1,1,1,Lapsed Customers
1005,Retail,557,1,1826.49,1,1,1,Lapsed Customers
8673,Retail,467,2,1811.27,1,1,1,Lapsed Customers
6254,Retail,332,1,1789.77,1,1,1,Lapsed Customers
6802,Retail,423,2,1747.25,1,1,1,Lapsed Customers
3221,Retail,98,2,1740.93,3,1,1,New / Promising
1680,Retail,157,1,1737.42,2,1,1,Regular Customers
7129,Retail,399,2,1720.51,1,1,1,Lapsed Customers
7864,Retail,252,1,1718.72,2,1,1,Regular Customers
6002,Retail,224,1,1715.54,2,1,1,Regular Customers
8741,Retail,524,1,1702.75,1,1,1,Lapsed Customers
5815,Retail,253,1,1701.37,2,1,1,Regular Customers
9120,Retail,134,1,1683.76,3,1,1,New / Promising
3042,Retail,395,1,1646.66,1,1,1,Lapsed Customers
1568,Retail,90,1,1603.57,4,1,1,New / Promising
3816,Retail,528,1,1597.54,1,1,1,Lapsed Customers
7767,Retail,188,1,1596.83,2,1,1,Regular Customers
9658,Retail,199,1,1594.72,2,1,1,Regular Customers
6189,Retail,425,1,1589.44,1,1,1,Lapsed Customers
8193,Retail,229,2,1565.71,2,1,1,Regular Customers
5552,Retail,392,1,1555.67,1,1,1,Lapsed Customers
2494,Retail,248,1,1555.52,2,1,1,Regular Customers
6018,Retail,497,1,1554.36,1,1,1,Lapsed Customers
5414,Retail,90,1,1540.18,3,1,1,New / Promising
9384,Retail,430,2,1537.79,1,1,1,Lapsed Customers
1503,Retail,349,1,1528.07,1,1,1,Lapsed Customers
4990,Retail,162,1,1498.39,2,1,1,Regular Customers
9,Premium,90,1,1493.61,4,1,1,New / Promising
5618,Retail,311,2,1484.08,1,1,1,Lapsed Customers
7306,Retail,243,1,1469.46,2,1,1,Regular Customers
3163,Retail,152,1,1426.77,2,1,1,Regular Customers
730,Retail,231,1,1423.83,2,1,1,Regular Customers
6482,Retail,139,1,1408.26,3,1,1,New / Promising
7203,Retail,468,1,1404.9,1,1,1,Lapsed Customers
4608,Retail,328,2,1396.77,1,1,1,Lapsed Customers
7711,Retail,490,2,1384.86,1,1,1,Lapsed Customers
8667,Retail,90,1,1377.56,3,1,1,New / Promising
2981,Retail,90,2,1367.27,4,1,1,New / Promising
9676,Retail,481,1,1358.35,1,1,1,Lapsed Customers
693,Retail,90,1,1343.16,3,1,1,New / Promising
2704,Retail,90,1,1338.06,4,1,1,New / Promising
8214,Retail,90,1,1336.68,4,1,1,New / Promising
448,Retail,90,1,1310.92,3,1,1,New / Promising
1410,Retail,217,2,1303.34,2,1,1,Regular Customers
4859,Retail,297,1,1303.04,1,1,1,Lapsed Customers
8537,Premium,205,1,1301.81,2,1,1,Regular Customers
4441,Retail,434,1,1292.26,1,1,1,Lapsed Customers
8773,Retail,109,1,1287.45,3,1,1,New / Promising
3119,Retail,591,1,1285.85,1,1,1,Lapsed Customers
2949,Retail,292,1,1282.25,1,1,1,Lapsed Customers
8005,Retail,90,2,1267.83,4,1,1,New / Promising
1090,Premium,502,1,1266.22,1,1,1,Lapsed Customers
1014,Retail,400,1,1261.18,1,1,1,Lapsed Customers
3133,Premium,221,1,1259.73,2,1,1,Regular Customers
3473,Retail,90,2,1251.03,4,1,1,New / Promising
5567,Retail,389,1,1247.02,1,1,1,Lapsed Customers
746,Retail,439,1,1219.56,1,1,1,Lapsed Customers
3580,Retail,533,1,1211.33,1,1,1,Lapsed Customers
3579,Retail,127,1,1209.65,3,1,1,New / Promising
3584,Retail,457,1,1208.1,1,1,1,Lapsed Customers
8038,Retail,526,2,1196.57,1,1,1,Lapsed Customers
115,Retail,304,2,1196.42,1,1,1,Lapsed Customers
5325,Retail,138,1,1191.04,3,1,1,New / Promising
1152,Premium,358,1,1171.54,1,1,1,Lapsed Customers
3321,Retail,212,1,1163.14,2,1,1,Regular Customers
7192,Retail,90,1,1150.63,4,1,1,New / Promising
8294,Retail,343,1,1145.07,1,1,1,Lapsed Customers
796,Retail,174,1,1140.68,2,1,1,Regular Customers
8790,Retail,433,1,1131.46,1,1,1,Lapsed Customers
3348,Retail,417,1,1110.65,1,1,1,Lapsed Customers
9725,Retail,402,1,1106.45,1,1,1,Lapsed Customers
261,Retail,205,1,1096.15,2,1,1,Regular Customers
9040,Retail,365,1,1071.63,1,1,1,Lapsed Customers
6610,Retail,90,1,1060.58,3,1,1,New / Promising
2194,Retail,355,1,1008.43,1,1,1,Lapsed Customers
7815,Retail,326,1,966.22,1,1,1,Lapsed Customers
8312,Retail,342,1,904.22,1,1,1,Lapsed Customers
5776,Retail,111,1,869.71,3,1,1,New / Promising
1052,Retail,402,2,863.3,1,1,1,Lapsed Customers
1476,Retail,455,1,854.74,1,1,1,Lapsed Customers
5737,Retail,191,1,850.76,2,1,1,Regular Customers
3256,Retail,413,1,833.41,1,1,1,Lapsed Customers
2329,Retail,402,2,820.83,1,1,1,Lapsed Customers
2792,Retail,471,1,818.72,1,1,1,Lapsed Customers
2803,Retail,90,1,812.52,4,1,1,New / Promising
2043,Retail,184,1,798.28,2,1,1,Regular Customers
9304,Retail,90,1,792.37,4,1,1,New / Promising
9143,Retail,429,1,763.38,1,1,1,Lapsed Customers
8342,Retail,90,1,758.93,4,1,1,New / Promising
3261,Retail,374,1,749.28,1,1,1,Lapsed Customers
277,Retail,333,1,706.1,1,1,1,Lapsed Customers
6008,Retail,101,1,677.01,3,1,1,New / Promising
7774,Retail,90,1,675.94,4,1,1,New / Promising
4525,Retail,185,1,656.57,2,1,1,Regular Customers
1169,Retail,90,1,628.47,3,1,1,New / Promising
8254,Retail,359,1,595.6,1,1,1,Lapsed Customers
531,Retail,90,1,572.88,4,1,1,New / Promising
8556,Retail,147,1,510.58,2,1,1,Regular Customers
1949,Premium,582,1,507.76,1,1,1,Lapsed Customers
8015,Retail,226,1,504.1,2,1,1,Regular Customers
5806,Retail,393,1,491.52,1,1,1,Lapsed Customers
581,Retail,510,1,482.42,1,1,1,Lapsed Customers
9575,Retail,218,1,475.93,2,1,1,Regular Customers
4738,Retail,97,1,464.86,3,1,1,New / Promising
5271,Retail,374,1,460.75,1,1,1,Lapsed Customers
942,Retail,360,1,456.66,1,1,1,Lapsed Customers
783,Retail,475,1,365.51,1,1,1,Lapsed Customers
2182,Retail,400,1,333.41,1,1,1,Lapsed Customers
3594,Retail,323,1,313.7,1,1,1,Lapsed Customers
